-- phpMyAdmin SQL Dump
-- version 4.9.5
-- https://www.phpmyadmin.net/
--
-- Host: localhost
-- Generation Time: Dec 23, 2020 at 09:09 AM
-- Server version: 5.7.26-29-log
-- PHP Version: 7.3.25

SET SQL_MODE = "NO_AUTO_VALUE_ON_ZERO";
SET AUTOCOMMIT = 0;
START TRANSACTION;
SET time_zone = "+00:00";


/*!40101 SET @OLD_CHARACTER_SET_CLIENT=@@CHARACTER_SET_CLIENT */;
/*!40101 SET @OLD_CHARACTER_SET_RESULTS=@@CHARACTER_SET_RESULTS */;
/*!40101 SET @OLD_COLLATION_CONNECTION=@@COLLATION_CONNECTION */;
/*!40101 SET NAMES utf8mb4 */;

--
-- Database: `dbe68tbecdmtuw`
--

-- --------------------------------------------------------

--
-- Table structure for table `admin`
--

CREATE TABLE `admin` (
  `admin_id` int(11) NOT NULL,
  `username` varchar(255) NOT NULL,
  `password` varchar(60) NOT NULL,
  `role` enum('Admin','KPU','Saksi') NOT NULL,
  `is_active` tinyint(1) NOT NULL
) ENGINE=InnoDB DEFAULT CHARSET=utf8mb4;

--
-- Dumping data for table `admin`
--

INSERT INTO `admin` (`admin_id`, `username`, `password`, `role`, `is_active`) VALUES
(1, 'adminfh1', '$2y$10$p3K3e51EJVYqr8Wtph9qU.JFZ82Fs00JPJIDZ4D4m1kuzXgY6iauO', 'Admin', 1),
(2, 'kpufh1', '$2y$10$ylfb3ekV.I2EFKqvcCuoZ.UB2Okv5SB2q8Q3IDVt75TQ/UHGn8kzi', 'KPU', 1),
(3, 'saksifh1', '$2y$10$rteK4zlKfDL5Z2duMqv4y.D5EVQNgpZ0zAy2LA9NWRppitRwrmqS2', 'Saksi', 1),
(4, 'saksifh2', '$2y$10$J6ySfu2ybSp5wfKajF.5x.2t3cWgbj18u06P0Mw9iYj5YPiqWz1eu', 'Saksi', 1),
(5, 'saksifh3', '$2y$10$vmzD2JWMZTmkJ4TA9PwkkeYMKE2qTAdPGzS.3C8DeGIZnzpDqUXyi', 'Saksi', 1),
(6, 'saksifh4', '$2y$10$VHHBGijxoyI8RTM35xeewupXDM9GCEokkJSJTYjUc7vHLBzP4qhPa', 'Saksi', 1),
(7, 'saksifh5', '$2y$10$T/5FYX9KCPgzvVCwmssYkuSDoVnKKvqaXlUtGr4/xL/q67LWqInP6', 'Saksi', 1);

-- --------------------------------------------------------

--
-- Table structure for table `candidate`
--

CREATE TABLE `candidate` (
  `candidate_id` int(11) NOT NULL,
  `voting_id` int(11) NOT NULL,
  `name` varchar(255) NOT NULL,
  `photo` varchar(255) NOT NULL,
  `number` tinyint(3) NOT NULL,
  `is_active` tinyint(1) NOT NULL
) ENGINE=InnoDB DEFAULT CHARSET=utf8mb4;

--
-- Dumping data for table `candidate`
--

INSERT INTO `candidate` (`candidate_id`, `voting_id`, `name`, `photo`, `number`, `is_active`) VALUES
(1, 1, 'Joshua Bonar - Muhammad Rizqullah Dany', '5fe01a540edcd.png', 1, 1),
(2, 1, 'Ramma Setyasuryantoro - Bagus Satya Wardana', '5fe01a8b633a8.png', 2, 1),
(3, 2, 'Donald Hamonangan Siregar', '5fe01c95969af.png', 1, 1),
(4, 2, 'Apriska Widiangela', '5fe01cad83f6c.png', 2, 1),
(5, 2, 'Muhamad Ridho', '5fe01ce02570c.png', 3, 1),
(6, 2, 'Fitrillah I. Hi. Subur', '5fe01d01906e0.png', 4, 1),
(7, 2, 'Fernanda Nadhif', '5fe01d9982a80.png', 1, 1),
(8, 2, 'Muhammad Ilham Mahrudin Zam-Zam', '5fe01dc15371b.png', 2, 1),
(9, 2, 'Avany Mahmudah', '5fe01dedf2c86.png', 3, 1),
(10, 2, 'Mario Febrianto Sukoto', '5fe01e006968b.png', 4, 1),
(11, 2, 'Rahadian Bino Wardanu', '5fe01e153ecae.png', 5, 1),
(12, 2, 'Anggito Bagas_Abimanyu', '5fe01e330740a.png', 6, 1),
(13, 2, 'Muhammad Chaikal Ichwanul Muslim', '5fe01e538e825.png', 7, 1),
(15, 2, 'Deddy Kusuma Wardana', '5fe01f54de065.png', 1, 1),
(16, 2, 'Naufandiary Bachtiar Ramzy', '5fe01f641cf83.png', 2, 1),
(17, 2, 'Soegih Rasyad Sriwidyandiyo', '5fe01f8179526.png', 3, 1),
(18, 2, 'Eduardus Robert Arminto', '5fe01ffc025a6.png', 1, 1),
(19, 2, 'Azzahra Mazaya Khalisah', '5fe0200f883b9.png', 2, 1),
(20, 2, 'Fawwaz Muhammad Rafi', '5fe0203628838.png', 3, 1),
(21, 3, 'Wahyu Waullilamri Kurniawan', '5fe020b4b57ef.png', 1, 1),
(22, 3, 'Samuel Yobel Christian', '5fe020c7d63d9.png', 2, 1),
(23, 3, 'Bima Satriojati', '5fe0212a0495e.png', 1, 1),
(24, 3, 'Rahardian Satya Mandala Putra', '5fe0213a24e15.png', 2, 1),
(25, 3, 'Gunawan', '5fe0219128087.png', 1, 1),
(26, 2, 'Ali Mannagalli', '5fe1e6b903343.png', 4, 1);

-- --------------------------------------------------------

--
-- Table structure for table `election`
--

CREATE TABLE `election` (
  `election_id` int(11) NOT NULL,
  `candidate_id` int(11) NOT NULL,
  `voter_id` int(11) NOT NULL,
  `attachment` varchar(255) NOT NULL,
  `create_at` timestamp NOT NULL DEFAULT CURRENT_TIMESTAMP,
  `election_status` tinyint(1) NOT NULL DEFAULT '1'
) ENGINE=InnoDB DEFAULT CHARSET=utf8mb4;

--
-- Dumping data for table `election`
--

INSERT INTO `election` (`election_id`, `candidate_id`, `voter_id`, `attachment`, `create_at`, `election_status`) VALUES
(1, 1, 389, '5fe2893238c5f.jpg', '2020-12-23 07:03:37', 1),
(2, 3, 389, '5fe2893238c5f.jpg', '2020-12-23 07:03:58', 1),
(3, 25, 389, '5fe2893238c5f.jpg', '2020-12-23 07:06:03', 1),
(4, 1, 406, '5fe28a17783ba.jpg', '2020-12-23 07:06:58', 1),
(5, 3, 406, '5fe28a17783ba.jpg', '2020-12-23 07:07:21', 1),
(6, 21, 406, '5fe28a17783ba.jpg', '2020-12-23 07:08:00', 1),
(7, 1, 620, '5fe28a582a638.jpg', '2020-12-23 07:08:03', 1),
(8, 3, 620, '5fe28a582a638.jpg', '2020-12-23 07:08:22', 1),
(9, 22, 620, '5fe28a582a638.jpg', '2020-12-23 07:08:30', 1),
(10, 2, 770, '5fe28b78d77f7.jpeg', '2020-12-23 07:12:49', 1),
(11, 11, 770, '5fe28b78d77f7.jpeg', '2020-12-23 07:13:08', 1),
(12, 24, 770, '5fe28b78d77f7.jpeg', '2020-12-23 07:13:19', 1),
(13, 1, 581, '5fe28c1a82e1c.jpeg', '2020-12-23 07:16:14', 1),
(14, 24, 581, '5fe28c1a82e1c.jpeg', '2020-12-23 07:16:39', 1),
(15, 4, 581, '5fe28c1a82e1c.jpeg', '2020-12-23 07:17:00', 1),
(16, 2, 342, '5fe28cc6bc281.jpg', '2020-12-23 07:20:46', 0),
(17, 3, 342, '5fe28cc6bc281.jpg', '2020-12-23 07:21:48', 0),
(18, 23, 342, '5fe28cc6bc281.jpg', '2020-12-23 07:21:17', 0),
(19, 1, 913, '5fe27bb35c527.jpg', '2020-12-23 07:22:40', 0),
(20, 6, 913, '5fe27bb35c527.jpg', '2020-12-23 07:30:01', 0),
(21, 21, 913, '5fe27bb35c527.jpg', '2020-12-23 07:30:19', 0),
(22, 2, 378, '5fe28f9f40e97.jpg', '2020-12-23 07:30:44', 1),
(23, 7, 378, '5fe28f9f40e97.jpg', '2020-12-23 07:31:17', 1),
(24, 25, 378, '5fe28f9f40e97.jpg', '2020-12-23 07:31:43', 1),
(25, 23, 358, '5fe2922faf098.jpg', '2020-12-23 07:41:36', 1),
(26, 7, 358, '5fe2922faf098.jpg', '2020-12-23 07:41:59', 1),
(27, 2, 358, '5fe2922faf098.jpg', '2020-12-23 07:42:25', 1),
(28, 1, 231, '5fe29287dfc27.jpeg', '2020-12-23 07:42:30', 0),
(29, 3, 231, '5fe29287dfc27.jpeg', '2020-12-23 07:43:15', 0),
(30, 21, 231, '5fe29287dfc27.jpeg', '2020-12-23 07:43:34', 0),
(31, 1, 751, '5fe292e896846.JPG', '2020-12-23 07:43:40', 0),
(32, 5, 751, '5fe292e896846.JPG', '2020-12-23 07:45:26', 0),
(33, 21, 751, '5fe292e896846.JPG', '2020-12-23 07:46:00', 0),
(34, 2, 69, '5fe29335c1859.jpg', '2020-12-23 07:46:01', 1),
(35, 8, 69, '5fe29335c1859.jpg', '2020-12-23 07:46:24', 1),
(36, 23, 69, '5fe29335c1859.jpg', '2020-12-23 07:46:38', 1),
(37, 2, 767, '5fe293cfb1ab8.jpg', '2020-12-23 07:48:34', 1),
(38, 10, 767, '5fe293cfb1ab8.jpg', '2020-12-23 07:48:51', 1),
(39, 1, 835, '5fe293ea87c57.jpeg', '2020-12-23 07:48:52', 0),
(40, 24, 767, '5fe293cfb1ab8.jpg', '2020-12-23 07:49:06', 1),
(41, 6, 835, '5fe293ea87c57.jpeg', '2020-12-23 07:49:18', 1),
(42, 21, 835, '5fe293ea87c57.jpeg', '2020-12-23 07:49:29', 0),
(43, 2, 865, '5fe2947543440.jpg', '2020-12-23 07:51:09', 1),
(44, 12, 865, '5fe2947543440.jpg', '2020-12-23 07:51:23', 1),
(45, 23, 865, '5fe2947543440.jpg', '2020-12-23 07:51:42', 1),
(46, 2, 601, '5fe2954d747f2.jpg', '2020-12-23 07:54:51', 1),
(47, 11, 601, '5fe2954d747f2.jpg', '2020-12-23 07:55:16', 1),
(48, 24, 601, '5fe2954d747f2.jpg', '2020-12-23 07:55:39', 1),
(49, 2, 905, '5fe295d960bf0.jpeg', '2020-12-23 07:56:45', 0),
(50, 13, 905, '5fe295d960bf0.jpeg', '2020-12-23 07:57:28', 0),
(51, 24, 905, '5fe295d960bf0.jpeg', '2020-12-23 07:57:41', 0),
(52, 1, 867, '5fe296e847992.jpg', '2020-12-23 08:01:52', 1),
(53, 19, 867, '5fe296e847992.jpg', '2020-12-23 08:02:32', 1),
(54, 2, 836, '5fe29720a361c.jpg', '2020-12-23 08:02:35', 1),
(55, 12, 836, '5fe29720a361c.jpg', '2020-12-23 08:02:47', 1),
(56, 21, 867, '5fe296e847992.jpg', '2020-12-23 08:02:54', 1),
(57, 23, 836, '5fe29720a361c.jpg', '2020-12-23 08:02:59', 1),
(58, 2, 665, '5fe297d54a596.jpg', '2020-12-23 08:05:36', 1),
(59, 2, 653, '5fe297e0c24bc.jpg', '2020-12-23 08:05:58', 1),
(60, 12, 665, '5fe297d54a596.jpg', '2020-12-23 08:05:58', 1),
(61, 24, 665, '5fe297d54a596.jpg', '2020-12-23 08:06:09', 1),
(62, 11, 653, '5fe297e0c24bc.jpg', '2020-12-23 08:06:16', 1),
(63, 24, 653, '5fe297e0c24bc.jpg', '2020-12-23 08:06:33', 1),
(64, 2, 425, '5fe29818b6a48.jpeg', '2020-12-23 08:07:23', 1),
(65, 7, 425, '5fe29818b6a48.jpeg', '2020-12-23 08:07:42', 1),
(66, 23, 425, '5fe29818b6a48.jpeg', '2020-12-23 08:07:57', 1),
(67, 2, 537, '5fe2986ad5f9d.jpg', '2020-12-23 08:08:30', 0),
(68, 1, 892, '5fe298a7ce253.jpg', '2020-12-23 08:08:45', 0),
(69, 1, 339, '5fe298a1c36e9.jpg', '2020-12-23 08:09:21', 1),
(70, 15, 537, '5fe2986ad5f9d.jpg', '2020-12-23 08:09:22', 0),
(71, 18, 892, '5fe298a7ce253.jpg', '2020-12-23 08:09:43', 0),
(72, 15, 339, '5fe298a1c36e9.jpg', '2020-12-23 08:09:44', 1),
(73, 21, 892, '5fe298a7ce253.jpg', '2020-12-23 08:09:59', 0),
(74, 25, 339, '5fe298a1c36e9.jpg', '2020-12-23 08:10:03', 1),
(75, 21, 537, '5fe2986ad5f9d.jpg', '2020-12-23 08:10:15', 0),
(76, 2, 584, '5fe298ed6cf78.jpg', '2020-12-23 08:10:22', 1),
(77, 9, 584, '5fe298ed6cf78.jpg', '2020-12-23 08:10:41', 1),
(78, 24, 584, '5fe298ed6cf78.jpg', '2020-12-23 08:11:02', 1),
(79, 2, 661, '5fe2995bdfeac.jpg', '2020-12-23 08:12:16', 1),
(80, 11, 661, '5fe2995bdfeac.jpg', '2020-12-23 08:12:32', 1),
(81, 24, 661, '5fe2995bdfeac.jpg', '2020-12-23 08:12:44', 1),
(82, 2, 424, '5fe299b8519e2.jpeg', '2020-12-23 08:13:39', 1),
(83, 7, 424, '5fe299b8519e2.jpeg', '2020-12-23 08:13:51', 1),
(84, 12, 864, '5fe299671f899.jpeg', '2020-12-23 08:13:57', 1),
(85, 23, 424, '5fe299b8519e2.jpeg', '2020-12-23 08:14:00', 1),
(86, 22, 864, '5fe299671f899.jpeg', '2020-12-23 08:15:00', 1),
(87, 2, 341, '5fe29a1f5fe79.jpeg', '2020-12-23 08:15:32', 1),
(88, 8, 341, '5fe29a1f5fe79.jpeg', '2020-12-23 08:15:54', 1),
(89, 23, 341, '5fe29a1f5fe79.jpeg', '2020-12-23 08:16:09', 1),
(90, 1, 864, '5fe299671f899.jpeg', '2020-12-23 08:17:27', 1),
(91, 1, 963, '5fe29ab9c64dc.jpeg', '2020-12-23 08:17:55', 1),
(92, 1, 396, '5fe29a71a429e.jpg', '2020-12-23 08:18:04', 1),
(93, 12, 963, '5fe29ab9c64dc.jpeg', '2020-12-23 08:18:06', 1),
(94, 17, 396, '5fe29a71a429e.jpg', '2020-12-23 08:18:14', 1),
(95, 2, 698, '5fe29abdd3e01.jpg', '2020-12-23 08:18:19', 1),
(96, 25, 396, '5fe29a71a429e.jpg', '2020-12-23 08:18:22', 1),
(97, 21, 963, '5fe29ab9c64dc.jpeg', '2020-12-23 08:18:34', 1),
(98, 4, 698, '5fe29abdd3e01.jpg', '2020-12-23 08:18:42', 1),
(99, 2, 906, '5fe29af38eee9.jpg', '2020-12-23 08:18:59', 1),
(100, 22, 698, '5fe29abdd3e01.jpg', '2020-12-23 08:19:05', 1),
(101, 2, 576, '5fe29af083bca.jpeg', '2020-12-23 08:19:18', 1),
(102, 5, 906, '5fe29af38eee9.jpg', '2020-12-23 08:19:22', 1),
(103, 21, 906, '5fe29af38eee9.jpg', '2020-12-23 08:19:55', 1),
(104, 1, 363, '5fe29b0fb7166.jpeg', '2020-12-23 08:19:59', 1),
(105, 10, 576, '5fe29af083bca.jpeg', '2020-12-23 08:20:11', 1),
(106, 16, 363, '5fe29b0fb7166.jpeg', '2020-12-23 08:20:27', 1),
(107, 24, 576, '5fe29af083bca.jpeg', '2020-12-23 08:20:35', 1),
(108, 25, 363, '5fe29b0fb7166.jpeg', '2020-12-23 08:20:49', 1),
(109, 2, 755, '5fe29b6e15269.jpeg', '2020-12-23 08:21:04', 0),
(110, 11, 755, '5fe29b6e15269.jpeg', '2020-12-23 08:21:42', 0),
(111, 4, 701, '5fe29bc252f4d.jpg', '2020-12-23 08:23:03', 1),
(112, 2, 700, '5fe29bce9b792.jpeg', '2020-12-23 08:23:08', 1),
(113, 22, 701, '5fe29bc252f4d.jpg', '2020-12-23 08:23:29', 1),
(114, 2, 889, '5fe29a93142ad.jpg', '2020-12-23 08:23:32', 1),
(115, 9, 700, '5fe29bce9b792.jpeg', '2020-12-23 08:23:33', 1),
(116, 2, 332, '5fe29c0c8b7b0.jpg', '2020-12-23 08:23:42', 1),
(117, 24, 700, '5fe29bce9b792.jpeg', '2020-12-23 08:23:46', 1),
(118, 7, 332, '5fe29c0c8b7b0.jpg', '2020-12-23 08:24:03', 1),
(119, 2, 792, '5fe29c2780972.jpeg', '2020-12-23 08:24:04', 1),
(120, 1, 701, '5fe29bc252f4d.jpg', '2020-12-23 08:24:11', 1),
(121, 23, 332, '5fe29c0c8b7b0.jpg', '2020-12-23 08:24:16', 1),
(122, 2, 909, '5fe29c1c263be.jpg', '2020-12-23 08:24:22', 1),
(123, 12, 889, '5fe29a93142ad.jpg', '2020-12-23 08:24:30', 1),
(124, 24, 755, '5fe29b6e15269.jpeg', '2020-12-23 08:24:33', 0),
(125, 7, 792, '5fe29c2780972.jpeg', '2020-12-23 08:24:35', 1),
(126, 2, 694, '5fe29c38df4a0.jpeg', '2020-12-23 08:24:59', 1),
(127, 24, 792, '5fe29c2780972.jpeg', '2020-12-23 08:25:05', 1),
(128, 24, 889, '5fe29a93142ad.jpg', '2020-12-23 08:25:16', 1),
(129, 2, 91, '5fe29c744b3c4.jpg', '2020-12-23 08:25:36', 1),
(130, 11, 694, '5fe29c38df4a0.jpeg', '2020-12-23 08:25:54', 1),
(131, 2, 349, '5fe29c9a70bbb.jpg', '2020-12-23 08:26:08', 0),
(132, 8, 91, '5fe29c744b3c4.jpg', '2020-12-23 08:26:15', 1),
(133, 7, 349, '5fe29c9a70bbb.jpg', '2020-12-23 08:26:17', 0),
(134, 24, 694, '5fe29c38df4a0.jpeg', '2020-12-23 08:26:26', 1),
(135, 23, 349, '5fe29c9a70bbb.jpg', '2020-12-23 08:26:30', 0),
(136, 23, 91, '5fe29c744b3c4.jpg', '2020-12-23 08:26:34', 1),
(137, 1, 1026, '5fe29ce85080f.jpg', '2020-12-23 08:27:19', 1),
(138, 10, 909, '5fe29c1c263be.jpg', '2020-12-23 08:27:37', 1),
(139, 1, 246, '5fe29d0829f72.jpg', '2020-12-23 08:28:00', 0),
(140, 24, 909, '5fe29c1c263be.jpg', '2020-12-23 08:28:27', 1),
(141, 13, 1026, '5fe29ce85080f.jpg', '2020-12-23 08:28:42', 1),
(142, 21, 1026, '5fe29ce85080f.jpg', '2020-12-23 08:29:05', 1),
(143, 2, 138, '5fe29d684ea19.jpg', '2020-12-23 08:29:59', 1),
(144, 8, 138, '5fe29d684ea19.jpg', '2020-12-23 08:30:31', 1),
(145, 24, 138, '5fe29d684ea19.jpg', '2020-12-23 08:30:47', 1),
(146, 1, 778, '5fe29e0a51750.jpg', '2020-12-23 08:32:09', 1),
(147, 5, 246, '5fe29d0829f72.jpg', '2020-12-23 08:32:11', 0),
(148, 5, 778, '5fe29e0a51750.jpg', '2020-12-23 08:32:19', 1),
(149, 21, 246, '5fe29d0829f72.jpg', '2020-12-23 08:32:20', 0),
(150, 22, 778, '5fe29e0a51750.jpg', '2020-12-23 08:32:34', 1),
(151, 2, 598, '5fe29e214092e.jpeg', '2020-12-23 08:32:39', 1),
(152, 10, 598, '5fe29e214092e.jpeg', '2020-12-23 08:33:24', 1),
(153, 1, 323, '5fe29e5f658ac.PNG', '2020-12-23 08:33:28', 0),
(154, 6, 821, '5fe29e519ca4c.jpg', '2020-12-23 08:33:34', 1),
(155, 24, 598, '5fe29e214092e.jpeg', '2020-12-23 08:33:44', 1),
(156, 21, 821, '5fe29e519ca4c.jpg', '2020-12-23 08:33:47', 1),
(157, 3, 323, '5fe29e5f658ac.PNG', '2020-12-23 08:33:52', 0),
(158, 1, 821, '5fe29e519ca4c.jpg', '2020-12-23 08:34:03', 1),
(159, 2, 580, '5fe29e6c95ff5.jpg', '2020-12-23 08:34:03', 1),
(160, 21, 323, '5fe29e5f658ac.PNG', '2020-12-23 08:34:04', 0),
(161, 2, 141, '5fe29e8ce02f5.jpg', '2020-12-23 08:34:44', 0),
(162, 2, 650, '5fe29ea54091f.jpg', '2020-12-23 08:34:45', 1),
(163, 9, 580, '5fe29e6c95ff5.jpg', '2020-12-23 08:34:47', 1),
(164, 24, 580, '5fe29e6c95ff5.jpg', '2020-12-23 08:35:05', 1),
(165, 11, 650, '5fe29ea54091f.jpg', '2020-12-23 08:35:06', 1),
(166, 24, 650, '5fe29ea54091f.jpg', '2020-12-23 08:35:22', 1),
(167, 2, 451, '5fe29ee5c72a8.jpg', '2020-12-23 08:35:40', 1),
(168, 7, 451, '5fe29ee5c72a8.jpg', '2020-12-23 08:36:12', 1),
(169, 23, 451, '5fe29ee5c72a8.jpg', '2020-12-23 08:36:26', 1),
(170, 3, 141, '5fe29e8ce02f5.jpg', '2020-12-23 08:36:31', 0),
(171, 23, 141, '5fe29e8ce02f5.jpg', '2020-12-23 08:37:19', 0),
(172, 2, 539, '5fe29f7d4c0d5.jpg', '2020-12-23 08:38:22', 1),
(173, 7, 539, '5fe29f7d4c0d5.jpg', '2020-12-23 08:38:44', 1),
(174, 23, 539, '5fe29f7d4c0d5.jpg', '2020-12-23 08:38:58', 1),
(175, 2, 381, '5fe2a087f106c.jpeg', '2020-12-23 08:42:56', 1),
(176, 8, 299, '5fe29e11013de.jpg', '2020-12-23 08:43:14', 1),
(177, 2, 299, '5fe29e11013de.jpg', '2020-12-23 08:43:27', 1),
(178, 2, 528, '5fe2a08cc7b80.jpg', '2020-12-23 08:44:00', 0),
(179, 23, 299, '5fe29e11013de.jpg', '2020-12-23 08:44:06', 1),
(180, 3, 381, '5fe2a087f106c.jpeg', '2020-12-23 08:44:57', 1),
(181, 7, 528, '5fe2a08cc7b80.jpg', '2020-12-23 08:45:29', 0),
(182, 9, 658, '5fe2a0fdc2521.jpg', '2020-12-23 08:46:01', 1),
(183, 24, 658, '5fe2a0fdc2521.jpg', '2020-12-23 08:46:30', 1),
(184, 1, 216, '5fe2a16353169.jpg', '2020-12-23 08:46:31', 1),
(185, 2, 199, '5fe2a1524585c.jpg', '2020-12-23 08:46:42', 1),
(186, 2, 658, '5fe2a0fdc2521.jpg', '2020-12-23 08:46:44', 1),
(187, 3, 216, '5fe2a16353169.jpg', '2020-12-23 08:46:59', 1),
(188, 8, 199, '5fe2a1524585c.jpg', '2020-12-23 08:47:07', 1),
(189, 22, 216, '5fe2a16353169.jpg', '2020-12-23 08:47:16', 1),
(190, 23, 199, '5fe2a1524585c.jpg', '2020-12-23 08:47:20', 1),
(191, 25, 381, '5fe2a087f106c.jpeg', '2020-12-23 08:49:42', 1),
(192, 1, 988, '5fe2a20c7363e.jpg', '2020-12-23 08:50:01', 0),
(193, 23, 528, '5fe2a08cc7b80.jpg', '2020-12-23 08:50:41', 0),
(194, 2, 604, '5fe2a26d33b69.jpeg', '2020-12-23 08:51:02', 1),
(195, 1, 1008, '5fe2a20c09e15.jpg', '2020-12-23 08:51:06', 1),
(196, 19, 988, '5fe2a20c7363e.jpg', '2020-12-23 08:51:22', 0),
(197, 4, 604, '5fe2a26d33b69.jpeg', '2020-12-23 08:51:29', 1),
(198, 19, 988, '5fe2a20c7363e.jpg', '2020-12-23 08:51:31', 1),
(199, 24, 604, '5fe2a26d33b69.jpeg', '2020-12-23 08:51:46', 1),
(200, 1, 441, '5fe2a2c5d7f02.jpeg', '2020-12-23 08:51:50', 0),
(201, 24, 988, '5fe2a20c7363e.jpg', '2020-12-23 08:52:24', 0),
(202, 18, 1008, '5fe2a20c09e15.jpg', '2020-12-23 08:52:37', 1),
(203, 3, 441, '5fe2a2c5d7f02.jpeg', '2020-12-23 08:52:43', 0),
(204, 2, 230, '5fe2a2e72ac3e.jpg', '2020-12-23 08:52:53', 1),
(205, 1, 965, '5fe2a2dedd9cd.jpg', '2020-12-23 08:52:55', 1),
(206, 21, 441, '5fe2a2c5d7f02.jpeg', '2020-12-23 08:52:57', 0),
(207, 8, 230, '5fe2a2e72ac3e.jpg', '2020-12-23 08:53:10', 1),
(208, 23, 230, '5fe2a2e72ac3e.jpg', '2020-12-23 08:53:19', 1),
(209, 19, 965, '5fe2a2dedd9cd.jpg', '2020-12-23 08:53:21', 1),
(210, 21, 1008, '5fe2a20c09e15.jpg', '2020-12-23 08:53:30', 1),
(211, 1, 948, '5fe2a2eb77f29.jpg', '2020-12-23 08:53:50', 1),
(212, 21, 965, '5fe2a2dedd9cd.jpg', '2020-12-23 08:53:57', 1),
(213, 2, 564, '5fe2a384aba41.jpg', '2020-12-23 08:55:44', 1),
(214, 21, 948, '5fe2a2eb77f29.jpg', '2020-12-23 08:56:23', 1),
(215, 9, 564, '5fe2a384aba41.jpg', '2020-12-23 08:56:27', 1),
(216, 1, 897, '5fe2a3ccd977c.jpg', '2020-12-23 08:56:45', 1),
(217, 24, 564, '5fe2a384aba41.jpg', '2020-12-23 08:56:49', 1),
(218, 2, 707, '5fe2a3c825498.jpg', '2020-12-23 08:56:50', 1),
(219, 6, 948, '5fe2a2eb77f29.jpg', '2020-12-23 08:56:52', 1),
(220, 20, 897, '5fe2a3ccd977c.jpg', '2020-12-23 08:56:59', 1),
(221, 21, 897, '5fe2a3ccd977c.jpg', '2020-12-23 08:57:13', 1),
(222, 2, 278, '5fe2a3da6a172.jpg', '2020-12-23 08:57:33', 1),
(223, 1, 440, '5fe2a409390be.jpg', '2020-12-23 08:57:54', 1),
(224, 11, 278, '5fe2a3da6a172.jpg', '2020-12-23 08:57:59', 1),
(225, 24, 278, '5fe2a3da6a172.jpg', '2020-12-23 08:58:12', 1),
(226, 16, 440, '5fe2a409390be.jpg', '2020-12-23 08:58:25', 1),
(227, 25, 440, '5fe2a409390be.jpg', '2020-12-23 08:58:49', 1),
(228, 1, 704, '5fe2a44f90fc3.jpg', '2020-12-23 08:58:50', 0),
(229, 15, 704, '5fe2a44f90fc3.jpg', '2020-12-23 08:59:36', 0),
(230, 25, 704, '5fe2a44f90fc3.jpg', '2020-12-23 08:59:49', 0),
(231, 1, 582, '5fe2a4a2e2cbf.jpg', '2020-12-23 09:00:12', 1),
(232, 2, 470, '5fe2a486f0211.jpg', '2020-12-23 09:00:15', 1),
(233, 5, 582, '5fe2a4a2e2cbf.jpg', '2020-12-23 09:00:24', 1),
(234, 2, 361, '5fe29f3f68c3b.jpeg', '2020-12-23 09:00:26', 1),
(235, 24, 582, '5fe2a4a2e2cbf.jpg', '2020-12-23 09:00:45', 1),
(236, 7, 470, '5fe2a486f0211.jpg', '2020-12-23 09:00:50', 1),
(237, 7, 361, '5fe29f3f68c3b.jpeg', '2020-12-23 09:00:53', 1),
(238, 23, 361, '5fe29f3f68c3b.jpeg', '2020-12-23 09:01:07', 1),
(239, 23, 470, '5fe2a486f0211.jpg', '2020-12-23 09:01:11', 1),
(240, 12, 854, '5fe2a4d8804a2.jpg', '2020-12-23 09:02:08', 1),
(241, 21, 854, '5fe2a4d8804a2.jpg', '2020-12-23 09:02:30', 1),
(242, 2, 422, '5fe2a5425e01a.jpeg', '2020-12-23 09:02:58', 1),
(243, 1, 854, '5fe2a4d8804a2.jpg', '2020-12-23 09:03:11', 1),
(244, 9, 707, '5fe2a3c825498.jpg', '2020-12-23 09:03:14', 1),
(245, 2, 588, '5fe2a552f07dc.jpg', '2020-12-23 09:03:20', 0),
(246, 2, 226, '5fe2a5670f2ac.jpg', '2020-12-23 09:03:35', 1),
(247, 4, 588, '5fe2a552f07dc.jpg', '2020-12-23 09:04:27', 0),
(248, 8, 226, '5fe2a5670f2ac.jpg', '2020-12-23 09:04:34', 1),
(249, 1, 557, '5fe2a56ae99f9.JPG', '2020-12-23 09:04:42', 1),
(250, 22, 588, '5fe2a552f07dc.jpg', '2020-12-23 09:04:48', 0),
(251, 2, 546, '5fe2a5f327029.JPG', '2020-12-23 09:06:14', 1),
(252, 22, 707, '5fe2a3c825498.jpg', '2020-12-23 09:06:20', 1),
(253, 7, 546, '5fe2a5f327029.JPG', '2020-12-23 09:06:31', 1),
(254, 23, 226, '5fe2a5670f2ac.jpg', '2020-12-23 09:06:32', 1),
(255, 5, 557, '5fe2a56ae99f9.JPG', '2020-12-23 09:06:33', 1),
(256, 23, 546, '5fe2a5f327029.JPG', '2020-12-23 09:06:48', 1),
(257, 7, 422, '5fe2a5425e01a.jpeg', '2020-12-23 09:06:57', 1),
(258, 22, 557, '5fe2a56ae99f9.JPG', '2020-12-23 09:07:57', 1),
(259, 1, 355, '5fe2a6708e67f.jpg', '2020-12-23 09:08:45', 0),
(260, 3, 355, '5fe2a6708e67f.jpg', '2020-12-23 09:08:52', 0),
(261, 21, 355, '5fe2a6708e67f.jpg', '2020-12-23 09:09:07', 0),
(262, 2, 790, '5fe2a6c9e9fcb.JPG', '2020-12-23 09:09:13', 0),
(263, 1, 832, '5fe2a6c594ae6.jpg', '2020-12-23 09:09:44', 1),
(264, 7, 790, '5fe2a6c9e9fcb.JPG', '2020-12-23 09:09:45', 0),
(265, 24, 790, '5fe2a6c9e9fcb.JPG', '2020-12-23 09:10:00', 0),
(266, 2, 667, '5fe2a6d7ea518.jpg', '2020-12-23 09:10:16', 1),
(267, 6, 832, '5fe2a6c594ae6.jpg', '2020-12-23 09:10:32', 1),
(268, 11, 667, '5fe2a6d7ea518.jpg', '2020-12-23 09:10:39', 1),
(269, 24, 667, '5fe2a6d7ea518.jpg', '2020-12-23 09:10:54', 1),
(270, 21, 832, '5fe2a6c594ae6.jpg', '2020-12-23 09:11:06', 1),
(271, 1, 531, '5fe2a70e9ae10.jpg', '2020-12-23 09:11:11', 1),
(272, 2, 768, '5fe2a70f1910b.jpeg', '2020-12-23 09:11:49', 1),
(273, 3, 531, '5fe2a70e9ae10.jpg', '2020-12-23 09:12:04', 1),
(274, 1, 356, '5fe2a75c58c0a.jpg', '2020-12-23 09:12:17', 1),
(275, 21, 531, '5fe2a70e9ae10.jpg', '2020-12-23 09:12:22', 1),
(276, 9, 768, '5fe2a70f1910b.jpeg', '2020-12-23 09:12:47', 1),
(277, 16, 356, '5fe2a75c58c0a.jpg', '2020-12-23 09:13:07', 1),
(278, 24, 768, '5fe2a70f1910b.jpeg', '2020-12-23 09:13:10', 1),
(279, 2, 261, '5fe2a7bad9fa7.jpeg', '2020-12-23 09:13:30', 1),
(280, 25, 356, '5fe2a75c58c0a.jpg', '2020-12-23 09:13:36', 1),
(281, 8, 261, '5fe2a7bad9fa7.jpeg', '2020-12-23 09:13:57', 1),
(282, 23, 422, '5fe2a5425e01a.jpeg', '2020-12-23 09:14:06', 1),
(283, 4, 688, '5fe2a7f37a7a2.jpg', '2020-12-23 09:14:35', 1),
(284, 23, 261, '5fe2a7bad9fa7.jpeg', '2020-12-23 09:14:38', 1),
(285, 1, 448, '5fe2a82ecd998.jpg', '2020-12-23 09:15:22', 1),
(286, 17, 448, '5fe2a82ecd998.jpg', '2020-12-23 09:15:43', 1),
(287, 25, 448, '5fe2a82ecd998.jpg', '2020-12-23 09:15:53', 1),
(288, 2, 465, '5fe2a7c461e6a.jpeg', '2020-12-23 09:16:23', 1),
(289, 7, 465, '5fe2a7c461e6a.jpeg', '2020-12-23 09:17:02', 1),
(290, 1, 978, '5fe2a8a1889ab.JPG', '2020-12-23 09:18:00', 0),
(291, 23, 465, '5fe2a7c461e6a.jpeg', '2020-12-23 09:17:31', 1),
(292, 6, 978, '5fe2a8a1889ab.JPG', '2020-12-23 09:18:09', 0),
(293, 1, 489, '5fe2a8d332a56.jpg', '2020-12-23 09:18:16', 1),
(294, 21, 978, '5fe2a8a1889ab.JPG', '2020-12-23 09:18:28', 0),
(295, 2, 800, '5fe2a8e8cfff2.jpg', '2020-12-23 09:18:32', 1),
(296, 3, 489, '5fe2a8d332a56.jpg', '2020-12-23 09:18:34', 1),
(297, 21, 489, '5fe2a8d332a56.jpg', '2020-12-23 09:18:46', 1),
(298, 2, 976, '5fe2a90ca89ed.jpg', '2020-12-23 09:19:18', 1),
(299, 1, 388, '5fe2a91c5b141.jpg', '2020-12-23 09:19:30', 1),
(300, 24, 182, '5fe2a916145f1.jpg', '2020-12-23 09:19:33', 1),
(301, 12, 976, '5fe2a90ca89ed.jpg', '2020-12-23 09:19:45', 1),
(302, 23, 976, '5fe2a90ca89ed.jpg', '2020-12-23 09:19:57', 1),
(303, 16, 388, '5fe2a91c5b141.jpg', '2020-12-23 09:20:01', 1),
(304, 9, 800, '5fe2a8e8cfff2.jpg', '2020-12-23 09:20:18', 1),
(305, 25, 388, '5fe2a91c5b141.jpg', '2020-12-23 09:20:29', 1),
(306, 11, 182, '5fe2a916145f1.jpg', '2020-12-23 09:21:04', 1),
(307, 24, 800, '5fe2a8e8cfff2.jpg', '2020-12-23 09:21:29', 1),
(308, 2, 182, '5fe2a916145f1.jpg', '2020-12-23 09:22:00', 1),
(309, 1, 843, '5fe2aa12a505e.jpg', '2020-12-23 09:23:41', 1),
(310, 21, 843, '5fe2aa12a505e.jpg', '2020-12-23 09:24:05', 1),
(311, 19, 843, '5fe2aa12a505e.jpg', '2020-12-23 09:24:36', 1),
(312, 2, 353, '5fe2aab131beb.jpg', '2020-12-23 09:26:18', 1),
(313, 1, 109, '5fe2aad9d9e59.jpg', '2020-12-23 09:26:20', 0),
(314, 2, 780, '5fe2aadab28b0.jpg', '2020-12-23 09:26:51', 1),
(315, 3, 109, '5fe2aad9d9e59.jpg', '2020-12-23 09:27:05', 0),
(316, 5, 780, '5fe2aadab28b0.jpg', '2020-12-23 09:27:07', 1),
(317, 1, 472, '5fe2aaf8cf7ca.jpg', '2020-12-23 09:27:15', 1),
(318, 22, 109, '5fe2aad9d9e59.jpg', '2020-12-23 09:27:22', 0),
(319, 24, 780, '5fe2aadab28b0.jpg', '2020-12-23 09:27:45', 1),
(320, 4, 472, '5fe2aaf8cf7ca.jpg', '2020-12-23 09:28:13', 1),
(321, 1, 587, '5fe2ab38bae44.jpg', '2020-12-23 09:28:20', 1),
(322, 22, 472, '5fe2aaf8cf7ca.jpg', '2020-12-23 09:28:24', 1),
(323, 1, 518, '5fe2ab4ed5faa.jpg', '2020-12-23 09:28:49', 1),
(324, 7, 353, '5fe2aab131beb.jpg', '2020-12-23 09:29:05', 1),
(325, 23, 353, '5fe2aab131beb.jpg', '2020-12-23 09:29:19', 1),
(326, 5, 587, '5fe2ab38bae44.jpg', '2020-12-23 09:29:21', 1),
(327, 22, 710, '5fe2ab83ed116.jpg', '2020-12-23 09:29:37', 1),
(328, 1, 552, '5fe2ab89d6b1f.jpg', '2020-12-23 09:29:40', 1),
(329, 5, 552, '5fe2ab89d6b1f.jpg', '2020-12-23 09:29:51', 1),
(330, 24, 587, '5fe2ab38bae44.jpg', '2020-12-23 09:29:55', 1),
(331, 4, 710, '5fe2ab83ed116.jpg', '2020-12-23 09:29:57', 1),
(332, 22, 552, '5fe2ab89d6b1f.jpg', '2020-12-23 09:30:02', 1),
(333, 1, 710, '5fe2ab83ed116.jpg', '2020-12-23 09:30:14', 1),
(334, 3, 518, '5fe2ab4ed5faa.jpg', '2020-12-23 09:30:18', 1),
(335, 21, 518, '5fe2ab4ed5faa.jpg', '2020-12-23 09:30:34', 1),
(336, 2, 93, '5fe2abc6c119a.jpg', '2020-12-23 09:30:35', 0),
(337, 2, 541, '5fe2abd1616f2.jpg', '2020-12-23 09:30:54', 1),
(338, 11, 541, '5fe2abd1616f2.jpg', '2020-12-23 09:31:05', 1),
(339, 4, 93, '5fe2abc6c119a.jpg', '2020-12-23 09:31:18', 0),
(340, 1, 286, '5fe2abed5d0c5.jpeg', '2020-12-23 09:31:19', 0),
(341, 24, 541, '5fe2abd1616f2.jpg', '2020-12-23 09:31:29', 1),
(342, 22, 93, '5fe2abc6c119a.jpg', '2020-12-23 09:31:30', 0),
(343, 1, 1019, '5fe2ac0fec0b2.jpeg', '2020-12-23 09:31:31', 0),
(344, 4, 286, '5fe2abed5d0c5.jpeg', '2020-12-23 09:32:24', 0),
(345, 22, 286, '5fe2abed5d0c5.jpeg', '2020-12-23 09:32:48', 0),
(346, 19, 1019, '5fe2ac0fec0b2.jpeg', '2020-12-23 09:32:48', 0),
(347, 22, 1019, '5fe2ac0fec0b2.jpeg', '2020-12-23 09:33:23', 0),
(348, 2, 562, '5fe2ac6a1bdb9.jpg', '2020-12-23 09:33:52', 1),
(349, 2, 785, '5fe2ac8c80607.jpg', '2020-12-23 09:34:08', 1),
(350, 1, 405, '5fe2aca57f5ee.jpeg', '2020-12-23 09:34:21', 1),
(351, 4, 562, '5fe2ac6a1bdb9.jpg', '2020-12-23 09:34:26', 1),
(352, 17, 405, '5fe2aca57f5ee.jpeg', '2020-12-23 09:34:34', 1),
(353, 22, 562, '5fe2ac6a1bdb9.jpg', '2020-12-23 09:34:42', 1),
(354, 2, 126, '5fe2ac9b9651e.jpeg', '2020-12-23 09:34:45', 1),
(355, 22, 405, '5fe2aca57f5ee.jpeg', '2020-12-23 09:34:46', 1),
(356, 1, 71, '5fe2acbe30001.jpg', '2020-12-23 09:34:50', 0),
(357, 2, 139, '5fe2acd1edee5.jpg', '2020-12-23 09:34:51', 0),
(358, 4, 71, '5fe2acbe30001.jpg', '2020-12-23 09:35:23', 0),
(359, 11, 139, '5fe2acd1edee5.jpg', '2020-12-23 09:35:39', 0),
(360, 11, 785, '5fe2ac8c80607.jpg', '2020-12-23 09:35:42', 1),
(361, 22, 71, '5fe2acbe30001.jpg', '2020-12-23 09:35:44', 0),
(362, 8, 126, '5fe2ac9b9651e.jpeg', '2020-12-23 09:35:55', 1),
(363, 24, 139, '5fe2acd1edee5.jpg', '2020-12-23 09:35:58', 0),
(364, 24, 785, '5fe2ac8c80607.jpg', '2020-12-23 09:36:16', 1),
(365, 23, 126, '5fe2ac9b9651e.jpeg', '2020-12-23 09:36:29', 1),
(366, 2, 506, '5fe2acd8c9c4f.jpg', '2020-12-23 09:36:41', 1),
(367, 2, 680, '5fe2ad7c8162e.JPG', '2020-12-23 09:38:03', 1),
(368, 2, 573, '5fe2ad824f1b6.jpg', '2020-12-23 09:38:09', 1),
(369, 3, 506, '5fe2acd8c9c4f.jpg', '2020-12-23 09:38:09', 1),
(370, 23, 506, '5fe2acd8c9c4f.jpg', '2020-12-23 09:38:21', 1),
(371, 6, 680, '5fe2ad7c8162e.JPG', '2020-12-23 09:38:24', 1),
(372, 1, 338, '5fe27e4578a8d.jpg', '2020-12-23 09:38:29', 0),
(373, 3, 338, '5fe27e4578a8d.jpg', '2020-12-23 09:38:40', 0),
(374, 21, 680, '5fe2ad7c8162e.JPG', '2020-12-23 09:38:46', 1),
(375, 25, 338, '5fe27e4578a8d.jpg', '2020-12-23 09:38:49', 0),
(376, 1, 953, '5fe2adc680f62.jpg', '2020-12-23 09:39:15', 1),
(377, 6, 953, '5fe2adc680f62.jpg', '2020-12-23 09:39:26', 1),
(378, 24, 659, '5fe2ad4ee7abf.jpeg', '2020-12-23 09:39:27', 0),
(379, 9, 573, '5fe2ad824f1b6.jpg', '2020-12-23 09:39:30', 1),
(380, 2, 501, '5fe2adb89f61c.jpg', '2020-12-23 09:39:42', 1),
(381, 24, 573, '5fe2ad824f1b6.jpg', '2020-12-23 09:39:49', 1),
(382, 22, 953, '5fe2adc680f62.jpg', '2020-12-23 09:39:57', 1),
(383, 13, 501, '5fe2adb89f61c.jpg', '2020-12-23 09:40:02', 1),
(384, 23, 501, '5fe2adb89f61c.jpg', '2020-12-23 09:40:17', 1),
(385, 2, 626, '5fe2ae0c4cf0a.jpg', '2020-12-23 09:40:23', 1),
(386, 2, 563, '5fe2ae15b09d2.jpg', '2020-12-23 09:40:31', 1),
(387, 5, 659, '5fe2ad4ee7abf.jpeg', '2020-12-23 09:40:33', 0),
(388, 10, 626, '5fe2ae0c4cf0a.jpg', '2020-12-23 09:40:37', 1),
(389, 24, 626, '5fe2ae0c4cf0a.jpg', '2020-12-23 09:40:45', 1),
(390, 1, 659, '5fe2ad4ee7abf.jpeg', '2020-12-23 09:40:50', 0),
(391, 4, 563, '5fe2ae15b09d2.jpg', '2020-12-23 09:40:55', 1),
(392, 1, 434, '5fe2ae2271367.jpg', '2020-12-23 09:41:09', 1),
(393, 17, 434, '5fe2ae2271367.jpg', '2020-12-23 09:42:03', 1),
(394, 24, 563, '5fe2ae15b09d2.jpg', '2020-12-23 09:42:06', 1),
(395, 1, 170, '5fe2ae7ab72bf.jpg', '2020-12-23 09:42:17', 1),
(396, 25, 434, '5fe2ae2271367.jpg', '2020-12-23 09:42:21', 1),
(397, 2, 527, '5fe2ae8786241.jpeg', '2020-12-23 09:42:24', 1),
(398, 11, 527, '5fe2ae8786241.jpeg', '2020-12-23 09:42:38', 1),
(399, 5, 170, '5fe2ae7ab72bf.jpg', '2020-12-23 09:42:38', 1),
(400, 23, 527, '5fe2ae8786241.jpeg', '2020-12-23 09:42:54', 1),
(401, 25, 170, '5fe2ae7ab72bf.jpg', '2020-12-23 09:43:07', 1),
(402, 2, 782, '5fe2aea5b3f99.jpg', '2020-12-23 09:43:19', 1),
(403, 2, 322, '5fe2ae7df2859.jpg', '2020-12-23 09:43:24', 1),
(404, 1, 143, '5fe2aebdf4101.jpeg', '2020-12-23 09:43:34', 0),
(405, 4, 143, '5fe2aebdf4101.jpeg', '2020-12-23 09:43:41', 0),
(406, 21, 143, '5fe2aebdf4101.jpeg', '2020-12-23 09:44:05', 0),
(407, 2, 627, '5fe2aed560bf4.jpg', '2020-12-23 09:44:07', 0),
(408, 2, 520, '5fe2aeebd7992.jpg', '2020-12-23 09:44:10', 1),
(409, 11, 782, '5fe2aea5b3f99.jpg', '2020-12-23 09:44:27', 1),
(410, 4, 627, '5fe2aed560bf4.jpg', '2020-12-23 09:44:36', 0),
(411, 22, 627, '5fe2aed560bf4.jpg', '2020-12-23 09:45:06', 0),
(412, 24, 782, '5fe2aea5b3f99.jpg', '2020-12-23 09:45:08', 1),
(413, 1, 102, '5fe2af2623a3d.jpg', '2020-12-23 09:45:09', 0),
(414, 2, 387, '5fe2af43ec3c6.jpg', '2020-12-23 09:45:41', 1),
(415, 3, 102, '5fe2af2623a3d.jpg', '2020-12-23 09:45:59', 0),
(416, 21, 102, '5fe2af2623a3d.jpg', '2020-12-23 09:46:15', 0),
(417, 1, 640, '5fe2aee7bc9e8.jpg', '2020-12-23 09:46:20', 0),
(418, 3, 387, '5fe2af43ec3c6.jpg', '2020-12-23 09:46:23', 1),
(419, 4, 640, '5fe2aee7bc9e8.jpg', '2020-12-23 09:46:34', 0),
(420, 21, 387, '5fe2af43ec3c6.jpg', '2020-12-23 09:46:41', 1),
(421, 24, 640, '5fe2aee7bc9e8.jpg', '2020-12-23 09:46:49', 0),
(422, 2, 709, '5fe2ac23cff06.jpg', '2020-12-23 09:47:15', 1),
(423, 2, 461, '5fe2af8ed68ad.jpg', '2020-12-23 09:47:38', 1),
(424, 1, 827, '5fe2afbf87cb8.jpg', '2020-12-23 09:47:52', 1),
(425, 11, 322, '5fe2ae7df2859.jpg', '2020-12-23 09:47:55', 1),
(426, 2, 502, '5fe2afd526c20.jpeg', '2020-12-23 09:48:04', 1),
(427, 23, 322, '5fe2ae7df2859.jpg', '2020-12-23 09:48:08', 1),
(428, 19, 827, '5fe2afbf87cb8.jpg', '2020-12-23 09:48:23', 1),
(429, 7, 461, '5fe2af8ed68ad.jpg', '2020-12-23 09:48:34', 1),
(430, 21, 827, '5fe2afbf87cb8.jpg', '2020-12-23 09:48:47', 1),
(431, 23, 461, '5fe2af8ed68ad.jpg', '2020-12-23 09:48:52', 1),
(432, 8, 502, '5fe2afd526c20.jpeg', '2020-12-23 09:49:19', 1),
(433, 23, 502, '5fe2afd526c20.jpeg', '2020-12-23 09:49:45', 1),
(434, 1, 532, '5fe2aff9e26b8.jpg', '2020-12-23 09:49:54', 1),
(435, 7, 520, '5fe2aeebd7992.jpg', '2020-12-23 09:50:04', 1),
(436, 24, 520, '5fe2aeebd7992.jpg', '2020-12-23 09:50:38', 1),
(437, 1, 1017, '5fe2b07c6df9d.jpeg', '2020-12-23 09:50:39', 0),
(438, 2, 543, '5fe2b09402acc.jpg', '2020-12-23 09:51:15', 1),
(439, 19, 1017, '5fe2b07c6df9d.jpeg', '2020-12-23 09:51:23', 0),
(440, 22, 1017, '5fe2b07c6df9d.jpeg', '2020-12-23 09:51:45', 0),
(441, 7, 543, '5fe2b09402acc.jpg', '2020-12-23 09:52:00', 1),
(442, 23, 543, '5fe2b09402acc.jpg', '2020-12-23 09:52:14', 1),
(443, 11, 709, '5fe2ac23cff06.jpg', '2020-12-23 09:52:27', 1),
(444, 1, 1007, '5fe2b0e36bbbd.jpg', '2020-12-23 09:52:30', 0),
(445, 24, 709, '5fe2ac23cff06.jpg', '2020-12-23 09:52:43', 1),
(446, 19, 1007, '5fe2b0e36bbbd.jpg', '2020-12-23 09:53:19', 1),
(447, 1, 681, '5fe2b0d41e673.jpeg', '2020-12-23 09:53:23', 1),
(448, 21, 1007, '5fe2b0e36bbbd.jpg', '2020-12-23 09:53:36', 0),
(449, 5, 681, '5fe2b0d41e673.jpeg', '2020-12-23 09:53:36', 1),
(450, 22, 681, '5fe2b0d41e673.jpeg', '2020-12-23 09:53:47', 1),
(451, 1, 702, '5fe2b139d1d6a.jpg', '2020-12-23 09:53:56', 1),
(452, 1, 84, '5fe2b147cbe02.jpg', '2020-12-23 09:54:13', 1),
(453, 4, 702, '5fe2b139d1d6a.jpg', '2020-12-23 09:54:30', 1),
(454, 3, 84, '5fe2b147cbe02.jpg', '2020-12-23 09:54:37', 1),
(455, 24, 702, '5fe2b139d1d6a.jpg', '2020-12-23 09:54:39', 1),
(456, 21, 84, '5fe2b147cbe02.jpg', '2020-12-23 09:54:55', 1),
(457, 1, 368, '5fe2b16237c15.jpeg', '2020-12-23 09:54:56', 0),
(458, 3, 532, '5fe2aff9e26b8.jpg', '2020-12-23 09:55:25', 1),
(459, 2, 401, '5fe2b02c1bf5e.jpg', '2020-12-23 09:55:46', 1),
(460, 15, 368, '5fe2b16237c15.jpeg', '2020-12-23 09:55:56', 0),
(461, 25, 368, '5fe2b16237c15.jpeg', '2020-12-23 09:56:12', 0),
(462, 7, 401, '5fe2b02c1bf5e.jpg', '2020-12-23 09:56:29', 1),
(463, 23, 401, '5fe2b02c1bf5e.jpg', '2020-12-23 09:56:48', 1),
(464, 21, 532, '5fe2aff9e26b8.jpg', '2020-12-23 09:57:19', 1),
(465, 2, 222, '5fe2b1e040992.jpg', '2020-12-23 09:57:27', 1),
(466, 2, 371, '5fe2b1f84ad97.jpg', '2020-12-23 09:58:01', 1),
(467, 2, 505, '5fe2b221dfa7b.jpg', '2020-12-23 09:58:10', 1),
(468, 1, 148, '5fe2b2371a354.jpg', '2020-12-23 09:58:11', 0),
(469, 15, 222, '5fe2b1e040992.jpg', '2020-12-23 09:58:13', 1),
(470, 1, 159, '5fe2b2459be9b.jpg', '2020-12-23 09:58:24', 1),
(471, 2, 224, '5fe2b23055194.jpg', '2020-12-23 09:58:26', 1),
(472, 24, 222, '5fe2b1e040992.jpg', '2020-12-23 09:58:29', 1),
(473, 5, 148, '5fe2b2371a354.jpg', '2020-12-23 09:58:43', 0),
(474, 7, 371, '5fe2b1f84ad97.jpg', '2020-12-23 09:58:44', 1),
(475, 3, 159, '5fe2b2459be9b.jpg', '2020-12-23 09:58:44', 1),
(476, 7, 505, '5fe2b221dfa7b.jpg', '2020-12-23 09:58:50', 1),
(477, 2, 589, '5fe2b250ea56c.jpeg', '2020-12-23 09:58:51', 1),
(478, 11, 224, '5fe2b23055194.jpg', '2020-12-23 09:58:52', 1),
(479, 25, 148, '5fe2b2371a354.jpg', '2020-12-23 09:58:52', 0),
(480, 22, 159, '5fe2b2459be9b.jpg', '2020-12-23 09:59:00', 1),
(481, 23, 371, '5fe2b1f84ad97.jpg', '2020-12-23 09:59:04', 1),
(482, 23, 505, '5fe2b221dfa7b.jpg', '2020-12-23 09:59:04', 1),
(483, 11, 565, '5fe2b1fc5dafc.jpg', '2020-12-23 09:59:07', 1),
(484, 24, 224, '5fe2b23055194.jpg', '2020-12-23 09:59:13', 1),
(485, 11, 589, '5fe2b250ea56c.jpeg', '2020-12-23 09:59:18', 1),
(486, 22, 565, '5fe2b1fc5dafc.jpg', '2020-12-23 09:59:25', 1),
(487, 24, 589, '5fe2b250ea56c.jpeg', '2020-12-23 09:59:31', 1),
(488, 2, 685, '5fe2b280be729.jpg', '2020-12-23 09:59:33', 1),
(489, 2, 335, '5fe2b28bb4ef4.jpeg', '2020-12-23 09:59:54', 1),
(490, 11, 685, '5fe2b280be729.jpg', '2020-12-23 10:00:03', 1),
(491, 8, 335, '5fe2b28bb4ef4.jpeg', '2020-12-23 10:00:11', 1),
(492, 24, 685, '5fe2b280be729.jpg', '2020-12-23 10:00:23', 1),
(493, 2, 7, '5fe2b2329084b.jpg', '2020-12-23 10:00:27', 1),
(494, 24, 335, '5fe2b28bb4ef4.jpeg', '2020-12-23 10:00:35', 1),
(495, 1, 565, '5fe2b1fc5dafc.jpg', '2020-12-23 10:00:48', 1),
(496, 2, 223, '5fe2b2b2f0fe3.jpg', '2020-12-23 10:01:41', 1),
(497, 2, 74, '5fe2b2ff3a93f.jpg', '2020-12-23 10:01:50', 0),
(498, 3, 223, '5fe2b2b2f0fe3.jpg', '2020-12-23 10:01:56', 1),
(499, 26, 74, '5fe2b2ff3a93f.jpg', '2020-12-23 10:02:01', 0),
(500, 2, 544, '5fe2b31380745.jpg', '2020-12-23 10:02:05', 1),
(501, 21, 223, '5fe2b2b2f0fe3.jpg', '2020-12-23 10:02:10', 1),
(502, 25, 74, '5fe2b2ff3a93f.jpg', '2020-12-23 10:02:16', 0),
(503, 7, 544, '5fe2b31380745.jpg', '2020-12-23 10:02:23', 1),
(504, 12, 7, '5fe2b2329084b.jpg', '2020-12-23 10:02:29', 1),
(505, 23, 544, '5fe2b31380745.jpg', '2020-12-23 10:02:33', 1),
(506, 2, 629, '5fe2b33616e45.jpg', '2020-12-23 10:02:39', 1),
(507, 23, 7, '5fe2b2329084b.jpg', '2020-12-23 10:02:50', 1),
(508, 9, 629, '5fe2b33616e45.jpg', '2020-12-23 10:02:56', 1),
(509, 24, 629, '5fe2b33616e45.jpg', '2020-12-23 10:03:06', 1),
(510, 1, 253, '5fe2b359d0c26.jpg', '2020-12-23 10:03:14', 1),
(511, 3, 253, '5fe2b359d0c26.jpg', '2020-12-23 10:03:32', 1),
(512, 2, 431, '5fe2b33fc5145.jpg', '2020-12-23 10:03:38', 1),
(513, 21, 253, '5fe2b359d0c26.jpg', '2020-12-23 10:03:50', 1),
(514, 2, 290, '5fe2b2653cc9c.jpg', '2020-12-23 10:04:05', 1),
(515, 11, 290, '5fe2b2653cc9c.jpg', '2020-12-23 10:04:22', 1),
(516, 24, 290, '5fe2b2653cc9c.jpg', '2020-12-23 10:04:33', 1),
(517, 2, 566, '5fe2b3a3e19f5.jpg', '2020-12-23 10:04:56', 1),
(518, 4, 566, '5fe2b3a3e19f5.jpg', '2020-12-23 10:05:21', 1),
(519, 1, 507, '5fe2b3de46505.jpg', '2020-12-23 10:05:26', 1),
(520, 21, 566, '5fe2b3a3e19f5.jpg', '2020-12-23 10:05:45', 1),
(521, 16, 507, '5fe2b3de46505.jpg', '2020-12-23 10:05:48', 1),
(522, 21, 507, '5fe2b3de46505.jpg', '2020-12-23 10:06:06', 1),
(523, 1, 818, '5fe2b421d37ff.png', '2020-12-23 10:06:07', 0),
(524, 6, 818, '5fe2b421d37ff.png', '2020-12-23 10:07:10', 0),
(525, 2, 592, '5fe2b44d99f75.jpg', '2020-12-23 10:07:10', 1),
(526, 21, 818, '5fe2b421d37ff.png', '2020-12-23 10:07:31', 0),
(527, 9, 592, '5fe2b44d99f75.jpg', '2020-12-23 10:07:32', 1),
(528, 24, 592, '5fe2b44d99f75.jpg', '2020-12-23 10:07:55', 1),
(529, 26, 431, '5fe2b33fc5145.jpg', '2020-12-23 10:08:05', 1),
(530, 2, 596, '5fe2b4d8da188.jpg', '2020-12-23 10:09:35', 1),
(531, 2, 810, '5fe2b5001ce3a.jpeg', '2020-12-23 10:10:06', 1),
(532, 9, 596, '5fe2b4d8da188.jpg', '2020-12-23 10:10:19', 1),
(533, 23, 431, '5fe2b33fc5145.jpg', '2020-12-23 10:10:28', 1),
(534, 24, 596, '5fe2b4d8da188.jpg', '2020-12-23 10:10:38', 1),
(535, 2, 690, '5fe2b52ebd556.jpg', '2020-12-23 10:11:03', 1),
(536, 7, 810, '5fe2b5001ce3a.jpeg', '2020-12-23 10:11:07', 1),
(537, 10, 690, '5fe2b52ebd556.jpg', '2020-12-23 10:11:28', 1),
(538, 24, 690, '5fe2b52ebd556.jpg', '2020-12-23 10:12:08', 1),
(539, 23, 810, '5fe2b5001ce3a.jpeg', '2020-12-23 10:12:20', 1),
(540, 1, 37, '5fe2b5a09508c.jpg', '2020-12-23 10:12:30', 0),
(541, 3, 37, '5fe2b5a09508c.jpg', '2020-12-23 10:13:11', 0),
(542, 21, 37, '5fe2b5a09508c.jpg', '2020-12-23 10:13:24', 0),
(543, 2, 535, '5fe2b625d495b.jpg', '2020-12-23 10:14:57', 1),
(544, 2, 642, '5fe2b628821d3.jpeg', '2020-12-23 10:15:07', 1),
(545, 7, 535, '5fe2b625d495b.jpg', '2020-12-23 10:15:13', 1),
(546, 1, 1015, '5fe2b62ea8fcd.jpeg', '2020-12-23 10:15:16', 1),
(547, 23, 535, '5fe2b625d495b.jpg', '2020-12-23 10:15:24', 1),
(548, 10, 642, '5fe2b628821d3.jpeg', '2020-12-23 10:15:25', 1),
(549, 24, 642, '5fe2b628821d3.jpeg', '2020-12-23 10:15:34', 1),
(550, 20, 1015, '5fe2b62ea8fcd.jpeg', '2020-12-23 10:15:42', 1),
(551, 22, 1015, '5fe2b62ea8fcd.jpeg', '2020-12-23 10:16:00', 1),
(552, 1, 344, '5fe2b6b89335c.jpg', '2020-12-23 10:17:22', 1),
(553, 1, 207, '5fe2afdabc947.jpeg', '2020-12-23 10:17:30', 0),
(554, 16, 344, '5fe2b6b89335c.jpg', '2020-12-23 10:17:45', 1),
(555, 21, 344, '5fe2b6b89335c.jpg', '2020-12-23 10:18:03', 1),
(556, 23, 72, '5fe2b6b1c1624.jpg', '2020-12-23 10:18:14', 1),
(557, 8, 72, '5fe2b6b1c1624.jpg', '2020-12-23 10:18:37', 1),
(558, 2, 72, '5fe2b6b1c1624.jpg', '2020-12-23 10:18:57', 1),
(559, 1, 808, '5fe2b7454f606.jpg', '2020-12-23 10:18:59', 0),
(560, 2, 902, '5fe2b727bdd62.jpg', '2020-12-23 10:19:46', 1),
(561, 19, 808, '5fe2b7454f606.jpg', '2020-12-23 10:19:59', 0),
(562, 22, 808, '5fe2b7454f606.jpg', '2020-12-23 10:20:12', 0),
(563, 1, 646, '5fe2b2eb443f3.jpg', '2020-12-23 10:20:37', 1),
(564, 5, 646, '5fe2b2eb443f3.jpg', '2020-12-23 10:20:43', 1),
(565, 24, 646, '5fe2b2eb443f3.jpg', '2020-12-23 10:20:58', 1),
(566, 1, 615, '5fe2b795113a6.jpeg', '2020-12-23 10:21:09', 1),
(567, 12, 902, '5fe2b727bdd62.jpg', '2020-12-23 10:21:09', 1),
(568, 1, 491, '5fe2b7837b0e7.jpg', '2020-12-23 10:21:14', 1),
(569, 4, 615, '5fe2b795113a6.jpeg', '2020-12-23 10:21:22', 1),
(570, 23, 902, '5fe2b727bdd62.jpg', '2020-12-23 10:21:26', 1),
(571, 16, 491, '5fe2b7837b0e7.jpg', '2020-12-23 10:21:32', 1),
(572, 22, 615, '5fe2b795113a6.jpeg', '2020-12-23 10:21:38', 1),
(573, 25, 491, '5fe2b7837b0e7.jpg', '2020-12-23 10:21:45', 1),
(574, 1, 619, '5fe2b7e4d2380.jpg', '2020-12-23 10:22:22', 1),
(575, 16, 619, '5fe2b7e4d2380.jpg', '2020-12-23 10:22:39', 1),
(576, 25, 619, '5fe2b7e4d2380.jpg', '2020-12-23 10:22:48', 1),
(577, 2, 718, '5fe2b80ff2851.jpeg', '2020-12-23 10:23:07', 1),
(578, 10, 718, '5fe2b80ff2851.jpeg', '2020-12-23 10:23:21', 1),
(579, 24, 718, '5fe2b80ff2851.jpeg', '2020-12-23 10:23:30', 1),
(580, 2, 949, '5fe2b8237e321.jpg', '2020-12-23 10:24:02', 1),
(581, 1, 714, '5fe2b822bda30.jpg', '2020-12-23 10:24:08', 1),
(582, 1, 919, '5fe2b833ad148.jpeg', '2020-12-23 10:24:18', 1),
(583, 1, 880, '5fe2b87a7028c.jpg', '2020-12-23 10:24:53', 1),
(584, 18, 880, '5fe2b87a7028c.jpg', '2020-12-23 10:25:10', 1),
(585, 5, 714, '5fe2b822bda30.jpg', '2020-12-23 10:25:21', 1),
(586, 21, 880, '5fe2b87a7028c.jpg', '2020-12-23 10:25:23', 1),
(587, 25, 714, '5fe2b822bda30.jpg', '2020-12-23 10:25:41', 1),
(588, 3, 919, '5fe2b833ad148.jpeg', '2020-12-23 10:25:53', 1),
(589, 7, 949, '5fe2b8237e321.jpg', '2020-12-23 10:25:59', 1),
(590, 21, 919, '5fe2b833ad148.jpeg', '2020-12-23 10:26:10', 1),
(591, 2, 675, '5fe2b8c6baf26.jpeg', '2020-12-23 10:26:17', 1),
(592, 23, 949, '5fe2b8237e321.jpg', '2020-12-23 10:26:48', 1),
(593, 1, 964, '5fe2b8bfe23d3.jpeg', '2020-12-23 10:27:00', 1),
(594, 24, 675, '5fe2b8c6baf26.jpeg', '2020-12-23 10:27:11', 1),
(595, 2, 215, '5fe2b907d002e.jpg', '2020-12-23 10:27:22', 1),
(596, 2, 812, '5fe2b760bf4b2.jpeg', '2020-12-23 10:28:09', 1),
(597, 8, 215, '5fe2b907d002e.jpg', '2020-12-23 10:28:46', 1),
(598, 5, 964, '5fe2b8bfe23d3.jpeg', '2020-12-23 10:29:00', 1),
(599, 5, 812, '5fe2b760bf4b2.jpeg', '2020-12-23 10:29:03', 1),
(600, 1, 722, '5fe2b97c43bc1.jpg', '2020-12-23 10:29:08', 1),
(601, 23, 215, '5fe2b907d002e.jpg', '2020-12-23 10:29:08', 1),
(602, 2, 333, '5fe2b98aa08d6.jpeg', '2020-12-23 10:29:31', 1),
(603, 11, 722, '5fe2b97c43bc1.jpg', '2020-12-23 10:29:35', 1),
(604, 2, 325, '5fe2b98ee3607.jpg', '2020-12-23 10:29:39', 1),
(605, 23, 722, '5fe2b97c43bc1.jpg', '2020-12-23 10:29:49', 1),
(606, 4, 333, '5fe2b98aa08d6.jpeg', '2020-12-23 10:30:06', 1),
(607, 7, 325, '5fe2b98ee3607.jpg', '2020-12-23 10:30:16', 1),
(608, 23, 333, '5fe2b98aa08d6.jpeg', '2020-12-23 10:30:32', 1),
(609, 23, 325, '5fe2b98ee3607.jpg', '2020-12-23 10:30:37', 1),
(610, 2, 744, '5fe2b9bae438d.jpg', '2020-12-23 10:30:59', 1),
(611, 23, 964, '5fe2b8bfe23d3.jpeg', '2020-12-23 10:31:09', 1),
(612, 2, 375, '5fe2b9f2117b0.jpg', '2020-12-23 10:31:19', 1),
(613, 11, 744, '5fe2b9bae438d.jpg', '2020-12-23 10:31:21', 1),
(614, 23, 812, '5fe2b760bf4b2.jpeg', '2020-12-23 10:31:22', 1),
(615, 24, 744, '5fe2b9bae438d.jpg', '2020-12-23 10:31:37', 1),
(616, 7, 375, '5fe2b9f2117b0.jpg', '2020-12-23 10:31:38', 1),
(617, 23, 375, '5fe2b9f2117b0.jpg', '2020-12-23 10:31:50', 1),
(618, 2, 983, '5fe2ba79154d6.jpg', '2020-12-23 10:33:57', 1),
(619, 23, 499, '5fe2baa768712.jpg', '2020-12-23 10:35:12', 1),
(620, 4, 675, '5fe2b8c6baf26.jpeg', '2020-12-23 10:35:15', 1),
(621, 1, 439, '5fe2bada0082a.jpg', '2020-12-23 10:35:39', 1),
(622, 12, 499, '5fe2baa768712.jpg', '2020-12-23 10:35:48', 1),
(623, 3, 439, '5fe2bada0082a.jpg', '2020-12-23 10:36:12', 1),
(624, 2, 499, '5fe2baa768712.jpg', '2020-12-23 10:36:17', 1),
(625, 7, 983, '5fe2ba79154d6.jpg', '2020-12-23 10:36:19', 1),
(626, 25, 439, '5fe2bada0082a.jpg', '2020-12-23 10:36:32', 1),
(627, 1, 354, '5fe2bb3f9bbba.jpg', '2020-12-23 10:36:43', 1),
(628, 23, 327, '5fe2bb41a18be.jpeg', '2020-12-23 10:36:49', 1),
(629, 2, 585, '5fe2bb49d22ec.jpg', '2020-12-23 10:36:57', 1),
(630, 16, 354, '5fe2bb3f9bbba.jpg', '2020-12-23 10:36:58', 1),
(631, 21, 983, '5fe2ba79154d6.jpg', '2020-12-23 10:37:02', 1),
(632, 2, 635, '5fe2bb58449c6.jpeg', '2020-12-23 10:37:13', 1),
(633, 8, 327, '5fe2bb41a18be.jpeg', '2020-12-23 10:37:21', 1),
(634, 9, 585, '5fe2bb49d22ec.jpg', '2020-12-23 10:37:24', 1),
(635, 2, 574, '5fe2bb48b0a4e.jpg', '2020-12-23 10:37:24', 1),
(636, 25, 354, '5fe2bb3f9bbba.jpg', '2020-12-23 10:37:25', 1),
(637, 1, 508, '5fe2bb709e662.jpg', '2020-12-23 10:37:31', 1),
(638, 2, 327, '5fe2bb41a18be.jpeg', '2020-12-23 10:37:32', 1),
(639, 23, 370, '5fe2bb6cc0d43.jpeg', '2020-12-23 10:37:34', 1),
(640, 24, 585, '5fe2bb49d22ec.jpg', '2020-12-23 10:37:43', 1),
(641, 10, 635, '5fe2bb58449c6.jpeg', '2020-12-23 10:37:46', 1),
(642, 24, 635, '5fe2bb58449c6.jpeg', '2020-12-23 10:38:05', 1),
(643, 16, 508, '5fe2bb709e662.jpg', '2020-12-23 10:38:05', 1),
(644, 1, 402, '5fe2bb7f5533f.jpg', '2020-12-23 10:38:11', 1),
(645, 7, 370, '5fe2bb6cc0d43.jpeg', '2020-12-23 10:38:12', 1),
(646, 2, 609, '5fe2bb40697ce.jpg', '2020-12-23 10:38:23', 1),
(647, 9, 574, '5fe2bb48b0a4e.jpg', '2020-12-23 10:38:29', 1),
(648, 4, 402, '5fe2bb7f5533f.jpg', '2020-12-23 10:38:47', 1),
(649, 21, 508, '5fe2bb709e662.jpg', '2020-12-23 10:38:48', 1),
(650, 2, 370, '5fe2bb6cc0d43.jpeg', '2020-12-23 10:39:08', 1),
(651, 2, 643, '5fe2bbdb57c7d.jpg', '2020-12-23 10:39:09', 0),
(652, 9, 609, '5fe2bb40697ce.jpg', '2020-12-23 10:39:27', 1),
(653, 25, 402, '5fe2bb7f5533f.jpg', '2020-12-23 10:39:43', 1),
(654, 7, 643, '5fe2bbdb57c7d.jpg', '2020-12-23 10:39:55', 0),
(655, 24, 609, '5fe2bb40697ce.jpg', '2020-12-23 10:40:13', 1),
(656, 24, 574, '5fe2bb48b0a4e.jpg', '2020-12-23 10:40:14', 1),
(657, 2, 398, '5fe2bc10d4c10.jpg', '2020-12-23 10:40:18', 1),
(658, 24, 643, '5fe2bbdb57c7d.jpg', '2020-12-23 10:40:20', 0),
(659, 2, 397, '5fe2bc2036150.jpg', '2020-12-23 10:40:30', 1),
(660, 11, 398, '5fe2bc10d4c10.jpg', '2020-12-23 10:40:34', 1),
(661, 2, 214, '5fe2bb606a6ad.JPG', '2020-12-23 10:40:41', 1),
(662, 23, 398, '5fe2bc10d4c10.jpg', '2020-12-23 10:40:49', 1),
(663, 11, 397, '5fe2bc2036150.jpg', '2020-12-23 10:41:17', 1),
(664, 8, 214, '5fe2bb606a6ad.JPG', '2020-12-23 10:41:28', 1),
(665, 23, 397, '5fe2bc2036150.jpg', '2020-12-23 10:41:34', 1),
(666, 23, 214, '5fe2bb606a6ad.JPG', '2020-12-23 10:41:58', 1),
(667, 1, 345, '5fe2bc8c5ca38.jpg', '2020-12-23 10:41:59', 0),
(668, 2, 583, '5fe2bc90c472e.jpg', '2020-12-23 10:42:31', 1),
(669, 1, 476, '5fe2bc93dbd84.JPG', '2020-12-23 10:42:40', 0),
(670, 16, 345, '5fe2bc8c5ca38.jpg', '2020-12-23 10:42:42', 0),
(671, 25, 345, '5fe2bc8c5ca38.jpg', '2020-12-23 10:42:49', 0),
(672, 15, 476, '5fe2bc93dbd84.JPG', '2020-12-23 10:43:30', 0),
(673, 1, 331, '5fe2bcd5a521c.jpg', '2020-12-23 10:43:48', 1),
(674, 21, 476, '5fe2bc93dbd84.JPG', '2020-12-23 10:43:55', 0),
(675, 16, 331, '5fe2bcd5a521c.jpg', '2020-12-23 10:44:01', 1),
(676, 9, 583, '5fe2bc90c472e.jpg', '2020-12-23 10:44:14', 1),
(677, 25, 331, '5fe2bcd5a521c.jpg', '2020-12-23 10:44:16', 1),
(678, 4, 745, '5fe2bcd9b9afc.jpg', '2020-12-23 10:44:17', 1),
(679, 1, 534, '5fe2bd0013a22.jpeg', '2020-12-23 10:44:25', 1),
(680, 24, 583, '5fe2bc90c472e.jpg', '2020-12-23 10:44:30', 1),
(681, 24, 745, '5fe2bcd9b9afc.jpg', '2020-12-23 10:44:37', 1),
(682, 1, 886, '5fe2bd0754ff3.jpg', '2020-12-23 10:44:37', 1),
(683, 2, 613, '5fe2bd2422f9c.jpg', '2020-12-23 10:44:54', 1),
(684, 2, 603, '5fe2bd23ae82c.jpg', '2020-12-23 10:44:56', 1),
(685, 5, 886, '5fe2bd0754ff3.jpg', '2020-12-23 10:44:58', 1),
(686, 16, 534, '5fe2bd0013a22.jpeg', '2020-12-23 10:45:00', 1),
(687, 10, 613, '5fe2bd2422f9c.jpg', '2020-12-23 10:45:16', 1),
(688, 21, 886, '5fe2bd0754ff3.jpg', '2020-12-23 10:45:17', 1),
(689, 24, 613, '5fe2bd2422f9c.jpg', '2020-12-23 10:45:27', 1),
(690, 2, 579, '5fe2bd47bc173.jpeg', '2020-12-23 10:45:56', 1),
(691, 25, 534, '5fe2bd0013a22.jpeg', '2020-12-23 10:45:56', 1),
(692, 4, 603, '5fe2bd23ae82c.jpg', '2020-12-23 10:46:01', 1),
(693, 21, 603, '5fe2bd23ae82c.jpg', '2020-12-23 10:46:20', 1),
(694, 9, 579, '5fe2bd47bc173.jpeg', '2020-12-23 10:46:48', 1),
(695, 24, 579, '5fe2bd47bc173.jpeg', '2020-12-23 10:47:21', 1),
(696, 2, 765, '5fe2bdc9d5122.jpg', '2020-12-23 10:47:40', 1),
(697, 10, 765, '5fe2bdc9d5122.jpg', '2020-12-23 10:48:09', 1),
(698, 1, 614, '5fe2bde88ecb4.jpg', '2020-12-23 10:48:10', 0),
(699, 24, 765, '5fe2bdc9d5122.jpg', '2020-12-23 10:48:25', 1),
(700, 2, 951, '5fe2bdf194e61.jpg', '2020-12-23 10:48:39', 1),
(701, 13, 951, '5fe2bdf194e61.jpg', '2020-12-23 10:49:17', 1),
(702, 23, 319, '5fe2be14deec8.jpeg', '2020-12-23 10:49:20', 1),
(703, 4, 614, '5fe2bde88ecb4.jpg', '2020-12-23 10:49:21', 0),
(704, 24, 951, '5fe2bdf194e61.jpg', '2020-12-23 10:49:33', 1),
(705, 1, 979, '5fe2be43c7fdc.png', '2020-12-23 10:49:30', 0),
(706, 1, 205, '5fe2be4226070.jpeg', '2020-12-23 10:49:47', 1),
(707, 1, 746, '5fe2be4e2110c.jpeg', '2020-12-23 10:49:49', 1),
(708, 1, 862, '5fe2be5d99009.jpeg', '2020-12-23 10:50:06', 1),
(709, 12, 319, '5fe2be14deec8.jpeg', '2020-12-23 10:50:16', 1),
(710, 4, 746, '5fe2be4e2110c.jpeg', '2020-12-23 10:50:21', 1),
(711, 19, 979, '5fe2be43c7fdc.png', '2020-12-23 10:50:25', 0),
(712, 1, 941, '5fe2be74f0d3f.jpg', '2020-12-23 10:50:28', 1),
(713, 2, 319, '5fe2be14deec8.jpeg', '2020-12-23 10:50:50', 1),
(714, 12, 941, '5fe2be74f0d3f.jpg', '2020-12-23 10:50:51', 1),
(715, 22, 979, '5fe2be43c7fdc.png', '2020-12-23 10:50:54', 0),
(716, 2, 749, '5fe2be8798bc1.jpg', '2020-12-23 10:51:10', 1),
(717, 22, 205, '5fe2be4226070.jpeg', '2020-12-23 10:51:14', 1),
(718, 24, 941, '5fe2be74f0d3f.jpg', '2020-12-23 10:51:16', 1),
(719, 10, 749, '5fe2be8798bc1.jpg', '2020-12-23 10:51:35', 1),
(720, 11, 238, '5fe2beb1a0b6f.jpg', '2020-12-23 10:51:50', 1),
(721, 24, 749, '5fe2be8798bc1.jpg', '2020-12-23 10:51:53', 1),
(722, 2, 628, '5fe2be1eef22f.jpeg', '2020-12-23 10:52:01', 1),
(723, 24, 238, '5fe2beb1a0b6f.jpg', '2020-12-23 10:52:10', 1),
(724, 1, 1023, '5fe2beeeb0f71.jpg', '2020-12-23 10:52:27', 1),
(725, 2, 238, '5fe2beb1a0b6f.jpg', '2020-12-23 10:52:31', 1),
(726, 1, 686, '5fe2bef3781ad.jpeg', '2020-12-23 10:52:34', 1),
(727, 2, 852, '5fe2bef4950c8.JPG', '2020-12-23 10:52:35', 0),
(728, 6, 1023, '5fe2beeeb0f71.jpg', '2020-12-23 10:52:48', 1),
(729, 5, 852, '5fe2bef4950c8.JPG', '2020-12-23 10:53:03', 0),
(730, 22, 1023, '5fe2beeeb0f71.jpg', '2020-12-23 10:53:07', 1),
(731, 5, 205, '5fe2be4226070.jpeg', '2020-12-23 10:53:14', 1),
(732, 21, 852, '5fe2bef4950c8.JPG', '2020-12-23 10:53:34', 0),
(733, 19, 862, '5fe2be5d99009.jpeg', '2020-12-23 10:53:35', 1),
(734, 1, 716, '5fe2bef60d52c.jpeg', '2020-12-23 10:53:49', 1),
(735, 11, 628, '5fe2be1eef22f.jpeg', '2020-12-23 10:54:03', 1),
(736, 5, 764, '5fe2bf508ea84.jpg', '2020-12-23 10:54:04', 1),
(737, 5, 686, '5fe2bef3781ad.jpeg', '2020-12-23 10:54:12', 1),
(738, 22, 764, '5fe2bf508ea84.jpg', '2020-12-23 10:54:14', 1),
(739, 2, 292, '5fe2bde06c210.jpg', '2020-12-23 10:54:20', 1),
(740, 1, 764, '5fe2bf508ea84.jpg', '2020-12-23 10:54:23', 1),
(741, 24, 628, '5fe2be1eef22f.jpeg', '2020-12-23 10:55:10', 1),
(742, 9, 716, '5fe2bef60d52c.jpeg', '2020-12-23 10:55:20', 1),
(743, 17, 292, '5fe2bde06c210.jpg', '2020-12-23 10:55:21', 1),
(744, 1, 769, '5fe2becce4a51.jpg', '2020-12-23 10:55:38', 1),
(745, 1, 540, '5fe2bfaed1d93.jpg', '2020-12-23 10:55:42', 1),
(746, 24, 716, '5fe2bef60d52c.jpeg', '2020-12-23 10:55:42', 1),
(747, 24, 686, '5fe2bef3781ad.jpeg', '2020-12-23 10:56:11', 1),
(748, 4, 769, '5fe2becce4a51.jpg', '2020-12-23 10:56:17', 1),
(749, 16, 540, '5fe2bfaed1d93.jpg', '2020-12-23 10:56:19', 1),
(750, 2, 500, '5fe2bfd68348b.jpeg', '2020-12-23 10:56:20', 0),
(751, 25, 292, '5fe2bde06c210.jpg', '2020-12-23 10:56:34', 1),
(752, 3, 500, '5fe2bfd68348b.jpeg', '2020-12-23 10:56:41', 0),
(753, 25, 540, '5fe2bfaed1d93.jpg', '2020-12-23 10:56:41', 1),
(754, 24, 769, '5fe2becce4a51.jpg', '2020-12-23 10:56:46', 1),
(755, 21, 500, '5fe2bfd68348b.jpeg', '2020-12-23 10:56:52', 0),
(756, 1, 791, '5fe2bffe8187f.png', '2020-12-23 10:57:59', 0),
(757, 10, 791, '5fe2bffe8187f.png', '2020-12-23 10:57:05', 0),
(758, 21, 791, '5fe2bffe8187f.png', '2020-12-23 10:57:33', 0),
(759, 2, 385, '5fe2bf92643d6.jpg', '2020-12-23 10:57:37', 1),
(760, 19, 970, '5fe2c0027a6ac.jpg', '2020-12-23 10:57:42', 0),
(761, 22, 746, '5fe2be4e2110c.jpeg', '2020-12-23 10:57:47', 1),
(762, 2, 920, '5fe2c02c30143.jpg', '2020-12-23 10:58:03', 1),
(763, 1, 970, '5fe2c0027a6ac.jpg', '2020-12-23 10:58:04', 0),
(764, 4, 920, '5fe2c02c30143.jpg', '2020-12-23 10:58:23', 1),
(765, 21, 862, '5fe2be5d99009.jpeg', '2020-12-23 10:58:27', 1),
(766, 22, 970, '5fe2c0027a6ac.jpg', '2020-12-23 10:58:42', 0),
(767, 23, 920, '5fe2c02c30143.jpg', '2020-12-23 10:58:47', 1),
(768, 2, 449, '5fe2c08190c91.jpg', '2020-12-23 10:59:10', 1),
(769, 1, 669, '5fe2c093b2547.jpg', '2020-12-23 10:59:33', 1),
(770, 15, 449, '5fe2c08190c91.jpg', '2020-12-23 10:59:37', 1),
(771, 21, 449, '5fe2c08190c91.jpg', '2020-12-23 10:59:59', 1),
(772, 5, 669, '5fe2c093b2547.jpg', '2020-12-23 11:00:19', 1),
(773, 22, 669, '5fe2c093b2547.jpg', '2020-12-23 11:00:29', 1),
(774, 2, 981, '5fe2c091dfa80.jpg', '2020-12-23 11:00:35', 1),
(775, 2, 409, '5fe2c0f013393.jpg', '2020-12-23 11:01:10', 1),
(776, 23, 409, '5fe2c0f013393.jpg', '2020-12-23 11:01:42', 1),
(777, 4, 981, '5fe2c091dfa80.jpg', '2020-12-23 11:01:54', 1),
(778, 24, 981, '5fe2c091dfa80.jpg', '2020-12-23 11:02:12', 1),
(779, 1, 691, '5fe2c13866b0f.jpg', '2020-12-23 11:02:23', 1),
(780, 8, 409, '5fe2c0f013393.jpg', '2020-12-23 11:02:27', 1),
(781, 1, 372, '5fe2c151e0ac4.jpg', '2020-12-23 11:02:40', 1),
(782, 1, 860, '5fe2c14636bfa.jpg', '2020-12-23 11:02:50', 0),
(783, 3, 372, '5fe2c151e0ac4.jpg', '2020-12-23 11:02:53', 1),
(784, 25, 372, '5fe2c151e0ac4.jpg', '2020-12-23 11:03:10', 1),
(785, 23, 385, '5fe2bf92643d6.jpg', '2020-12-23 11:03:15', 1),
(786, 19, 860, '5fe2c14636bfa.jpg', '2020-12-23 11:03:24', 0),
(787, 2, 719, '5fe2c167b451b.jpg', '2020-12-23 11:03:41', 1),
(788, 2, 513, '5fe2c1ace2505.jpg', '2020-12-23 11:04:10', 1),
(789, 9, 691, '5fe2c13866b0f.jpg', '2020-12-23 11:04:30', 1),
(790, 9, 719, '5fe2c167b451b.jpg', '2020-12-23 11:04:31', 1),
(791, 22, 719, '5fe2c167b451b.jpg', '2020-12-23 11:04:51', 1),
(792, 15, 513, '5fe2c1ace2505.jpg', '2020-12-23 11:04:57', 1),
(793, 22, 691, '5fe2c13866b0f.jpg', '2020-12-23 11:05:01', 1),
(794, 21, 860, '5fe2c14636bfa.jpg', '2020-12-23 11:05:03', 0),
(795, 21, 513, '5fe2c1ace2505.jpg', '2020-12-23 11:05:32', 1),
(796, 2, 636, '5fe2c202d09bf.jpeg', '2020-12-23 11:05:38', 1),
(797, 4, 689, '5fe2c1949ec14.jpg', '2020-12-23 11:05:39', 1),
(798, 1, 689, '5fe2c1949ec14.jpg', '2020-12-23 11:05:59', 1),
(799, 8, 385, '5fe2bf92643d6.jpg', '2020-12-23 11:06:10', 1),
(800, 22, 689, '5fe2c1949ec14.jpg', '2020-12-23 11:06:21', 1),
(801, 1, 985, '5fe2c22a34518.jpg', '2020-12-23 11:06:22', 1),
(802, 9, 636, '5fe2c202d09bf.jpeg', '2020-12-23 11:06:23', 1),
(803, 23, 636, '5fe2c202d09bf.jpeg', '2020-12-23 11:06:50', 1),
(804, 4, 985, '5fe2c22a34518.jpg', '2020-12-23 11:07:19', 1),
(805, 24, 614, '5fe2bde88ecb4.jpg', '2020-12-23 11:07:22', 0),
(806, 2, 987, '5fe2c27a21ee1.jpeg', '2020-12-23 11:07:41', 1),
(807, 2, 914, '5fe2c29f765a7.jpg', '2020-12-23 11:08:19', 1),
(808, 12, 987, '5fe2c27a21ee1.jpeg', '2020-12-23 11:08:39', 1),
(809, 26, 914, '5fe2c29f765a7.jpg', '2020-12-23 11:08:40', 1),
(810, 23, 511, '5fe2c2b46176c.jpeg', '2020-12-23 11:08:43', 1),
(811, 2, 386, '5fe2c2ba471f6.jpeg', '2020-12-23 11:08:50', 1),
(812, 7, 511, '5fe2c2b46176c.jpeg', '2020-12-23 11:09:02', 1),
(813, 22, 914, '5fe2c29f765a7.jpg', '2020-12-23 11:09:05', 1),
(814, 2, 511, '5fe2c2b46176c.jpeg', '2020-12-23 11:09:18', 1),
(815, 23, 987, '5fe2c27a21ee1.jpeg', '2020-12-23 11:09:23', 1),
(816, 2, 570, '5fe2c3180b815.jpg', '2020-12-23 11:10:11', 1),
(817, 9, 570, '5fe2c3180b815.jpg', '2020-12-23 11:10:27', 1),
(818, 24, 570, '5fe2c3180b815.jpg', '2020-12-23 11:10:43', 1),
(819, 23, 386, '5fe2c2ba471f6.jpeg', '2020-12-23 11:10:46', 1),
(820, 8, 386, '5fe2c2ba471f6.jpeg', '2020-12-23 11:11:02', 1),
(821, 22, 985, '5fe2c22a34518.jpg', '2020-12-23 11:11:07', 1),
(822, 2, 928, '5fe2c37d5767c.jpeg', '2020-12-23 11:11:54', 1),
(823, 1, 438, '5fe2c3850505c.jpeg', '2020-12-23 11:11:57', 1);
INSERT INTO `election` (`election_id`, `candidate_id`, `voter_id`, `attachment`, `create_at`, `election_status`) VALUES
(824, 13, 928, '5fe2c37d5767c.jpeg', '2020-12-23 11:12:07', 1),
(825, 2, 693, '5fe2c2d36091c.jpg', '2020-12-23 11:12:08', 1),
(826, 24, 928, '5fe2c37d5767c.jpeg', '2020-12-23 11:12:22', 1),
(827, 2, 369, '5fe2c3a1dcd81.jpg', '2020-12-23 11:12:32', 1),
(828, 2, 623, '5fe2c3b29392b.jpg', '2020-12-23 11:12:47', 1),
(829, 1, 927, '5fe2c3b0bb995.jpeg', '2020-12-23 11:13:03', 1),
(830, 23, 369, '5fe2c3a1dcd81.jpg', '2020-12-23 11:13:11', 1),
(831, 9, 623, '5fe2c3b29392b.jpg', '2020-12-23 11:13:18', 1),
(832, 24, 660, '5fe2c3b6b7d48.jpg', '2020-12-23 11:13:19', 1),
(833, 6, 927, '5fe2c3b0bb995.jpeg', '2020-12-23 11:13:30', 1),
(834, 15, 369, '5fe2c3a1dcd81.jpg', '2020-12-23 11:13:35', 1),
(835, 24, 623, '5fe2c3b29392b.jpg', '2020-12-23 11:13:37', 1),
(836, 2, 682, '5fe2c3e07ff1e.JPG', '2020-12-23 11:13:39', 1),
(837, 21, 927, '5fe2c3b0bb995.jpeg', '2020-12-23 11:13:51', 1),
(838, 21, 438, '5fe2c3850505c.jpeg', '2020-12-23 11:15:31', 1),
(839, 11, 682, '5fe2c3e07ff1e.JPG', '2020-12-23 11:15:37', 1),
(840, 4, 660, '5fe2c3b6b7d48.jpg', '2020-12-23 11:15:47', 1),
(841, 24, 682, '5fe2c3e07ff1e.JPG', '2020-12-23 11:15:49', 1),
(842, 1, 660, '5fe2c3b6b7d48.jpg', '2020-12-23 11:15:59', 1),
(843, 2, 644, '5fe2c4670101b.jpeg', '2020-12-23 11:16:08', 1),
(844, 1, 521, '5fe2c49563cd9.jpg', '2020-12-23 11:16:50', 1),
(845, 1, 917, '5fe2c48044b91.jpg', '2020-12-23 11:17:01', 1),
(846, 4, 644, '5fe2c4670101b.jpeg', '2020-12-23 11:18:11', 1),
(847, 6, 917, '5fe2c48044b91.jpg', '2020-12-23 11:18:23', 1),
(848, 8, 521, '5fe2c49563cd9.jpg', '2020-12-23 11:18:25', 1),
(849, 24, 644, '5fe2c4670101b.jpeg', '2020-12-23 11:18:27', 1),
(850, 1, 492, '5fe2c4ede7f76.jpg', '2020-12-23 11:18:30', 0),
(851, 21, 521, '5fe2c49563cd9.jpg', '2020-12-23 11:18:51', 1),
(852, 2, 607, '5fe2c507c8d67.jpg', '2020-12-23 11:18:54', 1),
(853, 21, 917, '5fe2c48044b91.jpg', '2020-12-23 11:19:09', 1),
(854, 3, 492, '5fe2c4ede7f76.jpg', '2020-12-23 11:19:31', 1),
(855, 9, 607, '5fe2c507c8d67.jpg', '2020-12-23 11:19:40', 1),
(856, 25, 492, '5fe2c4ede7f76.jpg', '2020-12-23 11:19:56', 1),
(857, 16, 438, '5fe2c3850505c.jpeg', '2020-12-23 11:20:04', 1),
(858, 24, 607, '5fe2c507c8d67.jpg', '2020-12-23 11:20:10', 1),
(859, 2, 247, '5fe2c573b0261.jpg', '2020-12-23 11:20:49', 1),
(860, 1, 853, '5fe2c602a8c5e.jpg', '2020-12-23 11:20:50', 0),
(861, 1, 817, '5fe2c613f0544.jpeg', '2020-12-23 11:22:59', 1),
(862, 6, 853, '5fe2c602a8c5e.jpg', '2020-12-23 11:23:02', 1),
(863, 1, 754, '5fe2c6201c83e.jpg', '2020-12-23 11:23:04', 0),
(864, 18, 817, '5fe2c613f0544.jpeg', '2020-12-23 11:23:16', 1),
(865, 22, 853, '5fe2c602a8c5e.jpg', '2020-12-23 11:23:18', 1),
(866, 1, 1020, '5fe2c5eaedc5d.jpg', '2020-12-23 11:23:27', 1),
(867, 21, 817, '5fe2c613f0544.jpeg', '2020-12-23 11:23:38', 1),
(868, 3, 247, '5fe2c573b0261.jpg', '2020-12-23 11:23:57', 1),
(869, 3, 1020, '5fe2c5eaedc5d.jpg', '2020-12-23 11:24:00', 1),
(870, 24, 247, '5fe2c573b0261.jpg', '2020-12-23 11:24:18', 1),
(871, 2, 311, '5fe2c652eba35.jpg', '2020-12-23 11:24:19', 0),
(872, 5, 754, '5fe2c6201c83e.jpg', '2020-12-23 11:24:23', 1),
(873, 21, 1020, '5fe2c5eaedc5d.jpg', '2020-12-23 11:24:29', 1),
(874, 1, 301, '5fe2c66ca7f1a.jpg', '2020-12-23 11:24:36', 1),
(875, 1, 825, '5fe2c6790a806.jpg', '2020-12-23 11:24:41', 1),
(876, 22, 754, '5fe2c6201c83e.jpg', '2020-12-23 11:24:45', 1),
(877, 1, 944, '5fe2c5cf49a4b.jpg', '2020-12-23 11:25:00', 1),
(878, 15, 311, '5fe2c652eba35.jpg', '2020-12-23 11:25:06', 0),
(879, 6, 825, '5fe2c6790a806.jpg', '2020-12-23 11:25:13', 1),
(880, 5, 301, '5fe2c66ca7f1a.jpg', '2020-12-23 11:25:14', 1),
(881, 21, 825, '5fe2c6790a806.jpg', '2020-12-23 11:25:26', 1),
(882, 13, 944, '5fe2c5cf49a4b.jpg', '2020-12-23 11:25:27', 1),
(883, 25, 311, '5fe2c652eba35.jpg', '2020-12-23 11:25:38', 0),
(884, 21, 301, '5fe2c66ca7f1a.jpg', '2020-12-23 11:25:46', 1),
(885, 24, 944, '5fe2c5cf49a4b.jpg', '2020-12-23 11:25:57', 1),
(886, 1, 536, '5fe2c6cd8bb87.jpg', '2020-12-23 11:25:59', 0),
(887, 24, 693, '5fe2c2d36091c.jpg', '2020-12-23 11:26:07', 1),
(888, 9, 693, '5fe2c2d36091c.jpg', '2020-12-23 11:26:37', 1),
(889, 9, 693, '5fe2c2d36091c.jpg', '2020-12-23 11:26:38', 1),
(890, 2, 364, '5fe2c716089f4.jpg', '2020-12-23 11:26:40', 0),
(891, 15, 536, '5fe2c6cd8bb87.jpg', '2020-12-23 11:27:19', 0),
(892, 2, 162, '5fe2c6d792b7b.jpg', '2020-12-23 11:27:20', 0),
(893, 2, 651, '5fe2c72edf584.jpg', '2020-12-23 11:27:45', 1),
(894, 21, 485, '5fe2c7177c08d.jpg', '2020-12-23 11:27:54', 0),
(895, 25, 536, '5fe2c6cd8bb87.jpg', '2020-12-23 11:27:57', 0),
(896, 10, 651, '5fe2c72edf584.jpg', '2020-12-23 11:28:06', 1),
(897, 15, 485, '5fe2c7177c08d.jpg', '2020-12-23 11:28:17', 0),
(898, 23, 364, '5fe2c716089f4.jpg', '2020-12-23 11:28:20', 0),
(899, 2, 317, '5fe2c754e2c6a.jpg', '2020-12-23 11:28:25', 1),
(900, 24, 651, '5fe2c72edf584.jpg', '2020-12-23 11:28:27', 1),
(901, 2, 485, '5fe2c7177c08d.jpg', '2020-12-23 11:28:28', 0),
(902, 1, 184, '5fe2c7a0710f4.jpg', '2020-12-23 11:29:39', 1),
(903, 2, 426, '5fe2c7b20f9c6.jpg', '2020-12-23 11:29:53', 1),
(904, 5, 184, '5fe2c7a0710f4.jpg', '2020-12-23 11:29:58', 1),
(905, 8, 162, '5fe2c6d792b7b.jpg', '2020-12-23 11:30:02', 0),
(906, 22, 184, '5fe2c7a0710f4.jpg', '2020-12-23 11:30:13', 1),
(907, 23, 162, '5fe2c6d792b7b.jpg', '2020-12-23 11:30:30', 0),
(908, 1, 779, '5fe2c1fb4272e.jpg', '2020-12-23 11:30:39', 1),
(909, 15, 426, '5fe2c7b20f9c6.jpg', '2020-12-23 11:30:47', 1),
(910, 2, 668, '5fe2c7d643483.jpg', '2020-12-23 11:30:49', 1),
(911, 11, 779, '5fe2c1fb4272e.jpg', '2020-12-23 11:31:00', 1),
(912, 1, 883, '5fe2c7f31d75d.jpeg', '2020-12-23 11:31:01', 1),
(913, 25, 426, '5fe2c7b20f9c6.jpg', '2020-12-23 11:31:03', 1),
(914, 8, 317, '5fe2c754e2c6a.jpg', '2020-12-23 11:31:04', 1),
(915, 22, 779, '5fe2c1fb4272e.jpg', '2020-12-23 11:31:19', 1),
(916, 18, 883, '5fe2c7f31d75d.jpeg', '2020-12-23 11:31:22', 1),
(917, 23, 317, '5fe2c754e2c6a.jpg', '2020-12-23 11:31:26', 1),
(918, 1, 648, '5fe2c78049838.jpg', '2020-12-23 11:31:35', 1),
(919, 10, 668, '5fe2c7d643483.jpg', '2020-12-23 11:31:45', 1),
(920, 2, 798, '5fe2c806eddd8.jpg', '2020-12-23 11:31:47', 1),
(921, 24, 668, '5fe2c7d643483.jpg', '2020-12-23 11:31:56', 1),
(922, 4, 648, '5fe2c78049838.jpg', '2020-12-23 11:32:13', 1),
(923, 21, 883, '5fe2c7f31d75d.jpeg', '2020-12-23 11:32:17', 1),
(924, 9, 798, '5fe2c806eddd8.jpg', '2020-12-23 11:32:21', 1),
(925, 24, 798, '5fe2c806eddd8.jpg', '2020-12-23 11:32:34', 1),
(926, 24, 648, '5fe2c78049838.jpg', '2020-12-23 11:32:36', 1),
(927, 1, 498, '5fe2c8b18fd05.jpg', '2020-12-23 11:34:07', 1),
(928, 16, 498, '5fe2c8b18fd05.jpg', '2020-12-23 11:34:34', 1),
(929, 25, 498, '5fe2c8b18fd05.jpg', '2020-12-23 11:34:47', 1),
(930, 1, 80, '5fe2c8f2c8a4c.jpg', '2020-12-23 11:34:48', 0),
(931, 3, 80, '5fe2c8f2c8a4c.jpg', '2020-12-23 11:35:50', 0),
(932, 1, 1075, '5fe2c8cb2a6e1.jpg', '2020-12-23 11:35:59', 1),
(933, 21, 80, '5fe2c8f2c8a4c.jpg', '2020-12-23 11:36:04', 0),
(934, 1, 874, '5fe2c9310f9ea.jpg', '2020-12-23 11:36:11', 1),
(935, 2, 517, '5fe2c93773d02.jpeg', '2020-12-23 11:36:17', 1),
(936, 12, 874, '5fe2c9310f9ea.jpg', '2020-12-23 11:36:27', 1),
(937, 2, 692, '5fe2c92d053b5.jpg', '2020-12-23 11:36:30', 1),
(938, 7, 517, '5fe2c93773d02.jpeg', '2020-12-23 11:36:38', 1),
(939, 23, 517, '5fe2c93773d02.jpeg', '2020-12-23 11:36:47', 1),
(940, 24, 874, '5fe2c9310f9ea.jpg', '2020-12-23 11:36:56', 1),
(941, 9, 692, '5fe2c92d053b5.jpg', '2020-12-23 11:37:33', 1),
(942, 25, 262, '5fe2c8797c13c.jpg', '2020-12-23 11:37:51', 1),
(943, 23, 692, '5fe2c92d053b5.jpg', '2020-12-23 11:38:02', 1),
(944, 1, 197, '5fe2c9bdd020d.jpg', '2020-12-23 11:39:01', 1),
(945, 1, 647, '5fe2c8739f1d0.jpg', '2020-12-23 11:39:37', 1),
(946, 10, 197, '5fe2c9bdd020d.jpg', '2020-12-23 11:40:02', 1),
(947, 2, 696, '5fe2ca12bb49e.jpg', '2020-12-23 11:40:04', 1),
(948, 21, 1075, '5fe2c8cb2a6e1.jpg', '2020-12-23 11:40:21', 1),
(949, 7, 647, '5fe2c8739f1d0.jpg', '2020-12-23 11:40:32', 1),
(950, 2, 479, '5fe2c99e8fd3d.jpg', '2020-12-23 11:40:33', 0),
(951, 1, 262, '5fe2c8797c13c.jpg', '2020-12-23 11:40:34', 1),
(952, 22, 197, '5fe2c9bdd020d.jpg', '2020-12-23 11:40:40', 1),
(953, 2, 525, '5fe2ca447fe84.jpg', '2020-12-23 11:40:50', 1),
(954, 22, 647, '5fe2c8739f1d0.jpg', '2020-12-23 11:41:04', 1),
(955, 9, 696, '5fe2ca12bb49e.jpg', '2020-12-23 11:41:11', 1),
(956, 7, 525, '5fe2ca447fe84.jpg', '2020-12-23 11:41:18', 1),
(957, 24, 696, '5fe2ca12bb49e.jpg', '2020-12-23 11:41:31', 1),
(958, 23, 525, '5fe2ca447fe84.jpg', '2020-12-23 11:41:39', 1),
(959, 1, 57, '5fe2ca7be6a65.jpg', '2020-12-23 11:41:58', 1),
(960, 11, 262, '5fe2c8797c13c.jpg', '2020-12-23 11:42:21', 1),
(961, 4, 57, '5fe2ca7be6a65.jpg', '2020-12-23 11:43:05', 1),
(962, 21, 57, '5fe2ca7be6a65.jpg', '2020-12-23 11:43:12', 1),
(963, 1, 193, '5fe2cadc207c1.jpeg', '2020-12-23 11:43:15', 0),
(964, 15, 479, '5fe2c99e8fd3d.jpg', '2020-12-23 11:43:31', 0),
(965, 5, 193, '5fe2cadc207c1.jpeg', '2020-12-23 11:43:39', 0),
(966, 1, 713, '5fe2caed6b8db.jpg', '2020-12-23 11:43:58', 1),
(967, 21, 193, '5fe2cadc207c1.jpeg', '2020-12-23 11:43:59', 0),
(968, 18, 1075, '5fe2c8cb2a6e1.jpg', '2020-12-23 11:44:07', 1),
(969, 5, 713, '5fe2caed6b8db.jpg', '2020-12-23 11:44:24', 1),
(970, 2, 421, '5fe2c9ed107c7.jpg', '2020-12-23 11:44:25', 1),
(971, 22, 713, '5fe2caed6b8db.jpg', '2020-12-23 11:44:37', 1),
(972, 2, 548, '5fe2cae8bc45f.jpeg', '2020-12-23 11:44:41', 1),
(973, 25, 479, '5fe2c99e8fd3d.jpg', '2020-12-23 11:44:59', 0),
(974, 10, 421, '5fe2c9ed107c7.jpg', '2020-12-23 11:45:11', 1),
(975, 23, 421, '5fe2c9ed107c7.jpg', '2020-12-23 11:45:32', 1),
(976, 16, 360, '5fe2cb4da4791.jpg', '2020-12-23 11:45:42', 1),
(977, 3, 548, '5fe2cae8bc45f.jpeg', '2020-12-23 11:45:45', 1),
(978, 21, 548, '5fe2cae8bc45f.jpeg', '2020-12-23 11:46:11', 1),
(979, 21, 360, '5fe2cb4da4791.jpg', '2020-12-23 11:46:13', 1),
(980, 4, 802, '5fe2cb2d6410f.jpeg', '2020-12-23 11:46:17', 1),
(981, 2, 481, '5fe2cb85d0361.jpg', '2020-12-23 11:46:37', 1),
(982, 8, 481, '5fe2cb85d0361.jpg', '2020-12-23 11:46:58', 1),
(983, 23, 481, '5fe2cb85d0361.jpg', '2020-12-23 11:47:19', 1),
(984, 24, 802, '5fe2cb2d6410f.jpeg', '2020-12-23 11:48:32', 1),
(985, 1, 60, '5fe2cc03b2704.png', '2020-12-23 11:48:33', 0),
(986, 3, 60, '5fe2cc03b2704.png', '2020-12-23 11:49:21', 0),
(987, 2, 383, '5fe2cc47af196.jpg', '2020-12-23 11:49:32', 1),
(988, 2, 366, '5fe2cc55c244c.jpeg', '2020-12-23 11:49:41', 1),
(989, 2, 977, '5fe2cc39b9d04.jpg', '2020-12-23 11:49:46', 1),
(990, 4, 383, '5fe2cc47af196.jpg', '2020-12-23 11:49:50', 1),
(991, 2, 802, '5fe2cb2d6410f.jpeg', '2020-12-23 11:49:53', 1),
(992, 21, 60, '5fe2cc03b2704.png', '2020-12-23 11:50:04', 0),
(993, 15, 366, '5fe2cc55c244c.jpeg', '2020-12-23 11:50:09', 1),
(994, 13, 977, '5fe2cc39b9d04.jpg', '2020-12-23 11:50:11', 1),
(995, 24, 383, '5fe2cc47af196.jpg', '2020-12-23 11:50:11', 1),
(996, 21, 366, '5fe2cc55c244c.jpeg', '2020-12-23 11:50:23', 1),
(997, 1, 504, '5fe2cc78b0965.jpg', '2020-12-23 11:50:32', 1),
(998, 2, 326, '5fe2cc8eca542.jpg', '2020-12-23 11:50:40', 1),
(999, 4, 504, '5fe2cc78b0965.jpg', '2020-12-23 11:50:48', 1),
(1000, 7, 326, '5fe2cc8eca542.jpg', '2020-12-23 11:50:49', 1),
(1001, 2, 933, '5fe2cc989de50.jpeg', '2020-12-23 11:50:56', 1),
(1002, 25, 504, '5fe2cc78b0965.jpg', '2020-12-23 11:51:12', 1),
(1003, 23, 326, '5fe2cc8eca542.jpg', '2020-12-23 11:51:18', 1),
(1004, 1, 53, '5fe2cc9f471c5.jpeg', '2020-12-23 11:51:20', 0),
(1005, 24, 977, '5fe2cc39b9d04.jpg', '2020-12-23 11:52:02', 1),
(1006, 12, 933, '5fe2cc989de50.jpeg', '2020-12-23 11:52:13', 1),
(1007, 13, 841, '5fe2cd0636544.jpeg', '2020-12-23 11:52:38', 1),
(1008, 24, 933, '5fe2cc989de50.jpeg', '2020-12-23 11:52:41', 1),
(1009, 2, 444, '5fe2cd12cb3ca.jpeg', '2020-12-23 11:52:49', 1),
(1010, 1, 786, '5fe2cd2cbdc4a.jpeg', '2020-12-23 11:53:09', 1),
(1011, 3, 444, '5fe2cd12cb3ca.jpeg', '2020-12-23 11:53:17', 1),
(1012, 4, 786, '5fe2cd2cbdc4a.jpeg', '2020-12-23 11:53:20', 1),
(1013, 24, 444, '5fe2cd12cb3ca.jpeg', '2020-12-23 11:53:29', 1),
(1014, 24, 786, '5fe2cd2cbdc4a.jpeg', '2020-12-23 11:53:33', 1),
(1015, 2, 496, '5fe2cd45dc063.jpg', '2020-12-23 11:53:47', 1),
(1016, 7, 496, '5fe2cd45dc063.jpg', '2020-12-23 11:54:49', 1),
(1017, 23, 496, '5fe2cd45dc063.jpg', '2020-12-23 11:55:00', 1),
(1018, 21, 53, '5fe2cc9f471c5.jpeg', '2020-12-23 11:55:15', 0),
(1019, 1, 849, '5fe2cd88a02c8.jpg', '2020-12-23 11:55:16', 0),
(1020, 1, 849, '5fe2cd88a02c8.jpg', '2020-12-23 11:55:20', 0),
(1021, 1, 695, '5fe2cdd6b5da6.jpeg', '2020-12-23 11:55:56', 1),
(1022, 3, 364, '5fe2c716089f4.jpg', '2020-12-23 11:55:59', 0),
(1023, 1, 893, '5fe2cdd86510e.jpg', '2020-12-23 11:56:02', 1),
(1024, 4, 53, '5fe2cc9f471c5.jpeg', '2020-12-23 11:56:03', 0),
(1025, 3, 849, '5fe2cd88a02c8.jpg', '2020-12-23 11:56:04', 0),
(1026, 5, 695, '5fe2cdd6b5da6.jpeg', '2020-12-23 11:56:15', 1),
(1027, 21, 695, '5fe2cdd6b5da6.jpeg', '2020-12-23 11:56:23', 1),
(1028, 23, 849, '5fe2cd88a02c8.jpg', '2020-12-23 11:56:40', 0),
(1029, 6, 893, '5fe2cdd86510e.jpg', '2020-12-23 11:56:43', 1),
(1030, 1, 926, '5fe2cde519517.JPG', '2020-12-23 11:56:45', 0),
(1031, 1, 469, '5fe2cc0b7be72.jpg', '2020-12-23 11:57:17', 1),
(1032, 3, 469, '5fe2cc0b7be72.jpg', '2020-12-23 11:57:36', 1),
(1033, 21, 893, '5fe2cdd86510e.jpg', '2020-12-23 11:57:50', 1),
(1034, 1, 379, '5fe2ce44b113a.jpeg', '2020-12-23 11:57:54', 1),
(1035, 1, 167, '5fe2ce3d709ad.jpg', '2020-12-23 11:57:55', 1),
(1036, 1, 530, '5fe2ce4b4e92f.jpg', '2020-12-23 11:58:01', 1),
(1037, 13, 926, '5fe2cde519517.JPG', '2020-12-23 11:58:01', 0),
(1038, 3, 379, '5fe2ce44b113a.jpeg', '2020-12-23 11:58:18', 1),
(1039, 16, 530, '5fe2ce4b4e92f.jpg', '2020-12-23 11:58:19', 1),
(1040, 24, 926, '5fe2cde519517.JPG', '2020-12-23 11:58:24', 0),
(1041, 21, 530, '5fe2ce4b4e92f.jpg', '2020-12-23 11:58:29', 1),
(1042, 21, 379, '5fe2ce44b113a.jpeg', '2020-12-23 11:58:29', 1),
(1043, 5, 167, '5fe2ce3d709ad.jpg', '2020-12-23 11:58:34', 1),
(1044, 2, 195, '5fe2ce6b3042c.jpg', '2020-12-23 11:58:49', 1),
(1045, 1, 855, '5fe2ce736df2a.jpg', '2020-12-23 11:59:12', 1),
(1046, 2, 445, '5fe2ce9aa380b.jpeg', '2020-12-23 11:59:16', 1),
(1047, 8, 195, '5fe2ce6b3042c.jpg', '2020-12-23 11:59:21', 1),
(1048, 21, 167, '5fe2ce3d709ad.jpg', '2020-12-23 11:59:25', 1),
(1049, 6, 855, '5fe2ce736df2a.jpg', '2020-12-23 11:59:31', 1),
(1050, 2, 728, '5fe2ce95e1112.jpg', '2020-12-23 11:59:33', 1),
(1051, 8, 445, '5fe2ce9aa380b.jpeg', '2020-12-23 11:59:36', 1),
(1052, 21, 469, '5fe2cc0b7be72.jpg', '2020-12-23 11:59:45', 1),
(1053, 4, 728, '5fe2ce95e1112.jpg', '2020-12-23 11:59:58', 1),
(1054, 21, 855, '5fe2ce736df2a.jpg', '2020-12-23 12:00:06', 1),
(1055, 21, 445, '5fe2ce9aa380b.jpeg', '2020-12-23 12:00:06', 1),
(1056, 22, 728, '5fe2ce95e1112.jpg', '2020-12-23 12:00:08', 1),
(1057, 23, 195, '5fe2ce6b3042c.jpg', '2020-12-23 12:00:16', 1),
(1058, 18, 1090, '5fe2cf532469d.jpg', '2020-12-23 12:02:28', 1),
(1059, 21, 1090, '5fe2cf532469d.jpg', '2020-12-23 12:02:43', 1),
(1060, 1, 453, '5fe2cf7d264f8.jpg', '2020-12-23 12:03:04', 1),
(1061, 1, 1090, '5fe2cf532469d.jpg', '2020-12-23 12:03:06', 1),
(1062, 16, 453, '5fe2cf7d264f8.jpg', '2020-12-23 12:03:20', 1),
(1063, 24, 841, '5fe2cd0636544.jpeg', '2020-12-23 12:03:27', 1),
(1064, 25, 453, '5fe2cf7d264f8.jpg', '2020-12-23 12:03:39', 1),
(1065, 2, 760, '5fe2cfd2707bf.jpg', '2020-12-23 12:04:38', 1),
(1066, 1, 171, '5fe2cf9d0c1c8.jpg', '2020-12-23 12:04:39', 0),
(1067, 2, 460, '5fe2cfe234319.jpeg', '2020-12-23 12:04:47', 1),
(1068, 2, 840, '5fe2cfe354cfd.jpeg', '2020-12-23 12:04:49', 1),
(1069, 7, 460, '5fe2cfe234319.jpeg', '2020-12-23 12:05:08', 1),
(1070, 12, 840, '5fe2cfe354cfd.jpeg', '2020-12-23 12:05:09', 1),
(1071, 2, 841, '5fe2cd0636544.jpeg', '2020-12-23 12:05:16', 1),
(1072, 24, 840, '5fe2cfe354cfd.jpeg', '2020-12-23 12:05:22', 1),
(1073, 23, 460, '5fe2cfe234319.jpeg', '2020-12-23 12:05:38', 1),
(1074, 2, 575, '5fe2d0112c72d.jpg', '2020-12-23 12:05:45', 1),
(1075, 23, 760, '5fe2cfd2707bf.jpg', '2020-12-23 12:05:46', 1),
(1076, 5, 568, '5fe2d004292da.jpg', '2020-12-23 12:05:46', 1),
(1077, 2, 447, '5fe2cfe9b909c.jpg', '2020-12-23 12:05:57', 1),
(1078, 11, 760, '5fe2cfd2707bf.jpg', '2020-12-23 12:06:04', 1),
(1079, 22, 568, '5fe2d004292da.jpg', '2020-12-23 12:06:09', 1),
(1080, 7, 447, '5fe2cfe9b909c.jpg', '2020-12-23 12:06:21', 1),
(1081, 9, 575, '5fe2d0112c72d.jpg', '2020-12-23 12:06:21', 1),
(1082, 24, 575, '5fe2d0112c72d.jpg', '2020-12-23 12:06:38', 1),
(1083, 4, 772, '5fe2cec614a0f.jpg', '2020-12-23 12:06:39', 1),
(1084, 23, 447, '5fe2cfe9b909c.jpg', '2020-12-23 12:06:51', 1),
(1085, 1, 346, '5fe2d069c434e.jpg', '2020-12-23 12:07:02', 1),
(1086, 21, 772, '5fe2cec614a0f.jpg', '2020-12-23 12:07:19', 1),
(1087, 15, 171, '5fe2cf9d0c1c8.jpg', '2020-12-23 12:07:38', 0),
(1088, 25, 171, '5fe2cf9d0c1c8.jpg', '2020-12-23 12:08:10', 0),
(1089, 2, 347, '5fe2d0b1f2d66.jpg', '2020-12-23 12:08:25', 1),
(1090, 7, 347, '5fe2d0b1f2d66.jpg', '2020-12-23 12:08:44', 1),
(1091, 5, 346, '5fe2d069c434e.jpg', '2020-12-23 12:08:48', 1),
(1092, 2, 621, '5fe2d0a981300.jpg', '2020-12-23 12:08:53', 1),
(1093, 23, 347, '5fe2d0b1f2d66.jpg', '2020-12-23 12:08:55', 1),
(1094, 2, 664, '5fe2d0ded2c67.jpg', '2020-12-23 12:09:02', 1),
(1095, 25, 346, '5fe2d069c434e.jpg', '2020-12-23 12:09:11', 1),
(1096, 9, 621, '5fe2d0a981300.jpg', '2020-12-23 12:09:17', 1),
(1097, 9, 664, '5fe2d0ded2c67.jpg', '2020-12-23 12:09:34', 1),
(1098, 22, 621, '5fe2d0a981300.jpg', '2020-12-23 12:09:43', 1),
(1099, 24, 664, '5fe2d0ded2c67.jpg', '2020-12-23 12:09:48', 1),
(1100, 2, 427, '5fe2d121cb529.jpeg', '2020-12-23 12:10:10', 1),
(1101, 2, 307, '5fe2d11ad0393.jpg', '2020-12-23 12:10:29', 1),
(1102, 3, 427, '5fe2d121cb529.jpeg', '2020-12-23 12:10:46', 1),
(1103, 23, 427, '5fe2d121cb529.jpeg', '2020-12-23 12:11:19', 1),
(1104, 2, 67, '5fe2d19b3c4bf.jpeg', '2020-12-23 12:12:38', 1),
(1105, 3, 307, '5fe2d11ad0393.jpg', '2020-12-23 12:12:50', 1),
(1106, 4, 67, '5fe2d19b3c4bf.jpeg', '2020-12-23 12:12:58', 1),
(1107, 1, 771, '5fe2d1cc906fd.jpg', '2020-12-23 12:13:01', 1),
(1108, 24, 307, '5fe2d11ad0393.jpg', '2020-12-23 12:13:03', 1),
(1109, 22, 67, '5fe2d19b3c4bf.jpeg', '2020-12-23 12:13:14', 1),
(1110, 4, 771, '5fe2d1cc906fd.jpg', '2020-12-23 12:13:20', 1),
(1111, 22, 771, '5fe2d1cc906fd.jpg', '2020-12-23 12:13:48', 1),
(1112, 2, 509, '5fe2d214d8fbe.jpeg', '2020-12-23 12:14:17', 1),
(1113, 1, 568, '5fe2d004292da.jpg', '2020-12-23 12:14:26', 1),
(1114, 8, 509, '5fe2d214d8fbe.jpeg', '2020-12-23 12:14:49', 1),
(1115, 23, 509, '5fe2d214d8fbe.jpeg', '2020-12-23 12:15:06', 1),
(1116, 2, 637, '5fe2d24410027.jpg', '2020-12-23 12:15:08', 1),
(1117, 7, 637, '5fe2d24410027.jpg', '2020-12-23 12:15:24', 1),
(1118, 24, 637, '5fe2d24410027.jpg', '2020-12-23 12:15:40', 1),
(1119, 1, 493, '5fe2d28914e03.jpeg', '2020-12-23 12:16:00', 1),
(1120, 1, 876, '5fe2d0fb5a5b4.jpg', '2020-12-23 12:16:04', 1),
(1121, 1, 1076, '5fe2d2694542a.jpg', '2020-12-23 12:16:10', 1),
(1122, 17, 493, '5fe2d28914e03.jpeg', '2020-12-23 12:16:14', 1),
(1123, 2, 28, '5fe2d29d579a3.jpg', '2020-12-23 12:16:15', 0),
(1124, 23, 493, '5fe2d28914e03.jpeg', '2020-12-23 12:16:32', 1),
(1125, 20, 1076, '5fe2d2694542a.jpg', '2020-12-23 12:16:39', 1),
(1126, 13, 28, '5fe2d29d579a3.jpg', '2020-12-23 12:16:51', 0),
(1127, 1, 463, '5fe2d2b7f1fef.jpg', '2020-12-23 12:16:58', 1),
(1128, 21, 1076, '5fe2d2694542a.jpg', '2020-12-23 12:16:58', 1),
(1129, 15, 463, '5fe2d2b7f1fef.jpg', '2020-12-23 12:17:18', 1),
(1130, 23, 28, '5fe2d29d579a3.jpg', '2020-12-23 12:17:28', 0),
(1131, 25, 463, '5fe2d2b7f1fef.jpg', '2020-12-23 12:17:31', 1),
(1132, 21, 876, '5fe2d0fb5a5b4.jpg', '2020-12-23 12:17:31', 1),
(1133, 1, 772, '5fe2cec614a0f.jpg', '2020-12-23 12:17:38', 1),
(1134, 1, 533, '5fe2d2d20d859.jpg', '2020-12-23 12:17:43', 1),
(1135, 15, 533, '5fe2d2d20d859.jpg', '2020-12-23 12:18:36', 1),
(1136, 1, 391, '5fe2d32ea2bd5.jpeg', '2020-12-23 12:18:52', 1),
(1137, 1, 795, '5fe2d30e58ad0.jpg', '2020-12-23 12:18:57', 1),
(1138, 25, 533, '5fe2d2d20d859.jpg', '2020-12-23 12:19:05', 1),
(1139, 4, 795, '5fe2d30e58ad0.jpg', '2020-12-23 12:19:12', 1),
(1140, 22, 795, '5fe2d30e58ad0.jpg', '2020-12-23 12:19:29', 1),
(1141, 8, 391, '5fe2d32ea2bd5.jpeg', '2020-12-23 12:19:37', 1),
(1142, 25, 391, '5fe2d32ea2bd5.jpeg', '2020-12-23 12:19:54', 1),
(1143, 4, 720, '5fe2d38984105.jpg', '2020-12-23 12:21:13', 1),
(1144, 1, 717, '5fe2d3b877900.jpg', '2020-12-23 12:21:36', 1),
(1145, 24, 720, '5fe2d38984105.jpg', '2020-12-23 12:21:42', 1),
(1146, 1, 454, '5fe2d3d7cfeec.jpeg', '2020-12-23 12:21:52', 1),
(1147, 4, 632, '5fe2d3e2aab49.jpg', '2020-12-23 12:22:25', 1),
(1148, 9, 717, '5fe2d3b877900.jpg', '2020-12-23 12:22:30', 1),
(1149, 24, 632, '5fe2d3e2aab49.jpg', '2020-12-23 12:22:53', 1),
(1150, 7, 473, '5fe2d3e4792c7.jpg', '2020-12-23 12:23:21', 1),
(1151, 22, 717, '5fe2d3b877900.jpg', '2020-12-23 12:23:26', 1),
(1152, 1, 632, '5fe2d3e2aab49.jpg', '2020-12-23 12:23:48', 1),
(1153, 23, 473, '5fe2d3e4792c7.jpg', '2020-12-23 12:24:04', 1),
(1154, 16, 454, '5fe2d3d7cfeec.jpeg', '2020-12-23 12:24:08', 1),
(1155, 5, 876, '5fe2d0fb5a5b4.jpg', '2020-12-23 12:24:27', 1),
(1156, 1, 929, '5fe2d4500f0a6.jpg', '2020-12-23 12:24:28', 0),
(1157, 21, 454, '5fe2d3d7cfeec.jpeg', '2020-12-23 12:25:04', 1),
(1158, 1, 870, '5fe2d4a7086dd.jpeg', '2020-12-23 12:25:17', 1),
(1159, 18, 929, '5fe2d4500f0a6.jpg', '2020-12-23 12:25:32', 0),
(1160, 20, 870, '5fe2d4a7086dd.jpeg', '2020-12-23 12:25:55', 1),
(1161, 22, 929, '5fe2d4500f0a6.jpg', '2020-12-23 12:25:56', 0),
(1162, 21, 870, '5fe2d4a7086dd.jpeg', '2020-12-23 12:26:13', 1),
(1163, 2, 248, '5fe2d4ed2e32e.jpeg', '2020-12-23 12:26:21', 1),
(1164, 1, 1078, '5fe2d4ea23977.jpeg', '2020-12-23 12:26:29', 1),
(1165, 3, 248, '5fe2d4ed2e32e.jpeg', '2020-12-23 12:26:37', 1),
(1166, 21, 248, '5fe2d4ed2e32e.jpeg', '2020-12-23 12:26:50', 1),
(1167, 1, 993, '5fe2d528ddd86.jpeg', '2020-12-23 12:27:20', 1),
(1168, 2, 380, '5fe2d5341ae62.jpg', '2020-12-23 12:27:26', 1),
(1169, 5, 1078, '5fe2d4ea23977.jpeg', '2020-12-23 12:27:34', 1),
(1170, 4, 993, '5fe2d528ddd86.jpeg', '2020-12-23 12:27:39', 1),
(1171, 1, 1005, '5fe2d539022a8.jpg', '2020-12-23 12:27:40', 1),
(1172, 21, 1078, '5fe2d4ea23977.jpeg', '2020-12-23 12:27:54', 1),
(1173, 19, 1005, '5fe2d539022a8.jpg', '2020-12-23 12:28:00', 1),
(1174, 2, 189, '5fe2d54db9f1a.jpg', '2020-12-23 12:28:04', 1),
(1175, 1, 82, '5fe2d55159952.png', '2020-12-23 12:28:21', 1),
(1176, 1, 1006, '5fe2d47eecd96.jpeg', '2020-12-23 12:28:23', 1),
(1177, 1, 55, '5fe2d57058618.jpg', '2020-12-23 12:28:34', 1),
(1178, 5, 189, '5fe2d54db9f1a.jpg', '2020-12-23 12:28:45', 1),
(1179, 11, 380, '5fe2d5341ae62.jpg', '2020-12-23 12:28:47', 1),
(1180, 24, 1005, '5fe2d539022a8.jpg', '2020-12-23 12:28:49', 1),
(1181, 6, 1006, '5fe2d47eecd96.jpeg', '2020-12-23 12:29:02', 1),
(1182, 23, 380, '5fe2d5341ae62.jpg', '2020-12-23 12:29:07', 1),
(1183, 21, 993, '5fe2d528ddd86.jpeg', '2020-12-23 12:29:11', 1),
(1184, 5, 82, '5fe2d55159952.png', '2020-12-23 12:29:18', 1),
(1185, 24, 189, '5fe2d54db9f1a.jpg', '2020-12-23 12:29:20', 1),
(1186, 21, 1006, '5fe2d47eecd96.jpeg', '2020-12-23 12:29:32', 1),
(1187, 1, 996, '5fe2d58b93be2.jpg', '2020-12-23 12:29:42', 1),
(1188, 24, 82, '5fe2d55159952.png', '2020-12-23 12:29:45', 1),
(1189, 1, 243, '5fe2d5c05ec41.jpg', '2020-12-23 12:29:50', 1),
(1190, 10, 996, '5fe2d58b93be2.jpg', '2020-12-23 12:29:59', 1),
(1191, 24, 996, '5fe2d58b93be2.jpg', '2020-12-23 12:30:13', 1),
(1192, 4, 243, '5fe2d5c05ec41.jpg', '2020-12-23 12:30:18', 1),
(1193, 22, 243, '5fe2d5c05ec41.jpg', '2020-12-23 12:30:31', 1),
(1194, 21, 823, '5fe2d5dab603f.jpeg', '2020-12-23 12:31:03', 1),
(1195, 1, 413, '5fe2d5b45b5bf.jpeg', '2020-12-23 12:31:14', 1),
(1196, 2, 649, '5fe2d611b8967.jpg', '2020-12-23 12:31:23', 1),
(1197, 10, 649, '5fe2d611b8967.jpg', '2020-12-23 12:31:41', 1),
(1198, 2, 181, '5fe2d63e3d6df.jpg', '2020-12-23 12:31:59', 1),
(1199, 13, 823, '5fe2d5dab603f.jpeg', '2020-12-23 12:32:05', 1),
(1200, 24, 649, '5fe2d611b8967.jpg', '2020-12-23 12:32:11', 1),
(1201, 2, 487, '5fe2d651248ee.jpeg', '2020-12-23 12:32:12', 1),
(1202, 1, 946, '5fe2d64f55c9e.jpg', '2020-12-23 12:32:25', 1),
(1203, 11, 181, '5fe2d63e3d6df.jpg', '2020-12-23 12:32:36', 1),
(1204, 4, 946, '5fe2d64f55c9e.jpg', '2020-12-23 12:32:44', 1),
(1205, 7, 487, '5fe2d651248ee.jpeg', '2020-12-23 12:32:50', 1),
(1206, 24, 181, '5fe2d63e3d6df.jpg', '2020-12-23 12:33:01', 1),
(1207, 23, 946, '5fe2d64f55c9e.jpg', '2020-12-23 12:33:18', 1),
(1208, 22, 487, '5fe2d651248ee.jpeg', '2020-12-23 12:33:47', 1),
(1209, 15, 413, '5fe2d5b45b5bf.jpeg', '2020-12-23 12:33:57', 1),
(1210, 1, 51, '5fe2d6b1bdf99.jpg', '2020-12-23 12:33:58', 0),
(1211, 1, 455, '5fe2d6b8e4867.jpeg', '2020-12-23 12:34:00', 0),
(1212, 4, 55, '5fe2d57058618.jpg', '2020-12-23 12:34:22', 1),
(1213, 21, 55, '5fe2d57058618.jpg', '2020-12-23 12:34:42', 1),
(1214, 3, 455, '5fe2d6b8e4867.jpeg', '2020-12-23 12:34:56', 0),
(1215, 2, 192, '5fe2d6d631e0e.jpg', '2020-12-23 12:35:10', 1),
(1216, 1, 674, '5fe2d706dab54.jpg', '2020-12-23 12:35:17', 1),
(1217, 15, 51, '5fe2d6b1bdf99.jpg', '2020-12-23 12:35:17', 0),
(1218, 25, 455, '5fe2d6b8e4867.jpeg', '2020-12-23 12:35:28', 0),
(1219, 25, 51, '5fe2d6b1bdf99.jpg', '2020-12-23 12:35:52', 0),
(1220, 4, 674, '5fe2d706dab54.jpg', '2020-12-23 12:35:54', 1),
(1221, 5, 192, '5fe2d6d631e0e.jpg', '2020-12-23 12:35:55', 1),
(1222, 2, 861, '5fe2d7227b74a.jpg', '2020-12-23 12:36:01', 1),
(1223, 22, 674, '5fe2d706dab54.jpg', '2020-12-23 12:36:06', 1),
(1224, 24, 192, '5fe2d6d631e0e.jpg', '2020-12-23 12:36:08', 1),
(1225, 4, 861, '5fe2d7227b74a.jpg', '2020-12-23 12:36:21', 1),
(1226, 23, 861, '5fe2d7227b74a.jpg', '2020-12-23 12:36:41', 1),
(1227, 21, 413, '5fe2d5b45b5bf.jpeg', '2020-12-23 12:37:02', 1),
(1228, 1, 1048, '5fe2d79e67629.JPG', '2020-12-23 12:37:52', 1),
(1229, 20, 1048, '5fe2d79e67629.JPG', '2020-12-23 12:38:07', 1),
(1230, 21, 1048, '5fe2d79e67629.JPG', '2020-12-23 12:38:30', 1),
(1231, 4, 741, '5fe2d6e7a1021.jpg', '2020-12-23 12:38:41', 1),
(1232, 1, 78, '5fe2d7feb8444.jpeg', '2020-12-23 12:38:43', 0),
(1233, 6, 78, '5fe2d7feb8444.jpeg', '2020-12-23 12:39:51', 0),
(1234, 22, 78, '5fe2d7feb8444.jpeg', '2020-12-23 12:40:05', 0),
(1235, 1, 823, '5fe2d5dab603f.jpeg', '2020-12-23 12:41:03', 1),
(1236, 1, 873, '5fe2d8a28cf00.jpg', '2020-12-23 12:42:20', 1),
(1237, 20, 873, '5fe2d8a28cf00.jpg', '2020-12-23 12:42:33', 1),
(1238, 21, 873, '5fe2d8a28cf00.jpg', '2020-12-23 12:42:41', 1),
(1239, 1, 459, '5fe2d917a6a8d.jpg', '2020-12-23 12:44:04', 1),
(1240, 3, 459, '5fe2d917a6a8d.jpg', '2020-12-23 12:44:18', 1),
(1241, 21, 459, '5fe2d917a6a8d.jpg', '2020-12-23 12:44:27', 1),
(1242, 19, 968, '5fe2d93d05184.jpg', '2020-12-23 12:44:50', 1),
(1243, 1, 968, '5fe2d93d05184.jpg', '2020-12-23 12:44:51', 0),
(1244, 2, 805, '5fe2d91525455.jpeg', '2020-12-23 12:45:19', 1),
(1245, 2, 553, '5fe2d94bb2cd2.jpeg', '2020-12-23 12:45:25', 1),
(1246, 23, 968, '5fe2d93d05184.jpg', '2020-12-23 12:45:26', 1),
(1247, 9, 553, '5fe2d94bb2cd2.jpeg', '2020-12-23 12:46:07', 1),
(1248, 1, 75, '5fe2d99b4fb89.jpg', '2020-12-23 12:46:14', 1),
(1249, 2, 942, '5fe2d9932dcf3.jpg', '2020-12-23 12:46:20', 0),
(1250, 3, 75, '5fe2d99b4fb89.jpg', '2020-12-23 12:46:40', 1),
(1251, 24, 553, '5fe2d94bb2cd2.jpeg', '2020-12-23 12:46:42', 1),
(1252, 13, 942, '5fe2d9932dcf3.jpg', '2020-12-23 12:46:47', 1),
(1253, 25, 75, '5fe2d99b4fb89.jpg', '2020-12-23 12:46:51', 1),
(1254, 24, 942, '5fe2d9932dcf3.jpg', '2020-12-23 12:47:02', 1),
(1255, 2, 151, '5fe2d9d096fa7.jpg', '2020-12-23 12:47:05', 0),
(1256, 3, 151, '5fe2d9d096fa7.jpg', '2020-12-23 12:47:54', 1),
(1257, 9, 805, '5fe2d91525455.jpeg', '2020-12-23 12:47:56', 1),
(1258, 22, 805, '5fe2d91525455.jpeg', '2020-12-23 12:48:15', 1),
(1259, 24, 151, '5fe2d9d096fa7.jpg', '2020-12-23 12:48:29', 1),
(1260, 2, 752, '5fe2da1846913.jpeg', '2020-12-23 12:48:41', 1),
(1261, 1, 974, '5fe2d99f9366d.jpg', '2020-12-23 12:48:46', 1),
(1262, 4, 752, '5fe2da1846913.jpeg', '2020-12-23 12:49:05', 1),
(1263, 24, 752, '5fe2da1846913.jpeg', '2020-12-23 12:49:21', 1),
(1264, 24, 741, '5fe2d6e7a1021.jpg', '2020-12-23 12:49:41', 1),
(1265, 1, 516, '5fe2da69142b4.jpeg', '2020-12-23 12:49:44', 1),
(1266, 5, 516, '5fe2da69142b4.jpeg', '2020-12-23 12:50:12', 1),
(1267, 5, 974, '5fe2d99f9366d.jpg', '2020-12-23 12:50:21', 1),
(1268, 25, 516, '5fe2da69142b4.jpeg', '2020-12-23 12:50:24', 1),
(1269, 1, 957, '5fe2d65a1b452.jpg', '2020-12-23 12:50:54', 1),
(1270, 24, 974, '5fe2d99f9366d.jpg', '2020-12-23 12:50:59', 1),
(1271, 1, 741, '5fe2d6e7a1021.jpg', '2020-12-23 12:51:06', 1),
(1272, 6, 957, '5fe2d65a1b452.jpg', '2020-12-23 12:51:10', 1),
(1273, 21, 957, '5fe2d65a1b452.jpg', '2020-12-23 12:51:20', 1),
(1274, 2, 179, '5fe2dae8c9a5c.jpg', '2020-12-23 12:51:54', 1),
(1275, 1, 302, '5fe2dad9c9125.jpeg', '2020-12-23 12:51:59', 0),
(1276, 11, 179, '5fe2dae8c9a5c.jpg', '2020-12-23 12:52:30', 1),
(1277, 3, 302, '5fe2dad9c9125.jpeg', '2020-12-23 12:52:31', 0),
(1278, 23, 179, '5fe2dae8c9a5c.jpg', '2020-12-23 12:52:46', 1),
(1279, 22, 302, '5fe2dad9c9125.jpeg', '2020-12-23 12:52:51', 0),
(1280, 1, 395, '5fe2db2930ece.jpeg', '2020-12-23 12:52:53', 1),
(1281, 3, 395, '5fe2db2930ece.jpeg', '2020-12-23 12:53:18', 1),
(1282, 21, 395, '5fe2db2930ece.jpeg', '2020-12-23 12:53:30', 1),
(1283, 1, 217, '5fe2db4e91341.jpeg', '2020-12-23 12:53:32', 0),
(1284, 1, 432, '5fe2db7196751.jpg', '2020-12-23 12:54:05', 1),
(1285, 5, 217, '5fe2db4e91341.jpeg', '2020-12-23 12:54:14', 0),
(1286, 1, 820, '5fe2db52974b4.jpg', '2020-12-23 12:54:19', 1),
(1287, 2, 816, '5fe2db76163a3.jpg', '2020-12-23 12:54:22', 1),
(1288, 22, 217, '5fe2db4e91341.jpeg', '2020-12-23 12:54:30', 0),
(1289, 7, 432, '5fe2db7196751.jpg', '2020-12-23 12:54:36', 1),
(1290, 11, 595, '5fe2db5705845.jpg', '2020-12-23 12:54:37', 1),
(1291, 1, 271, '5fe2db65106d8.jpeg', '2020-12-23 12:54:44', 1),
(1292, 13, 816, '5fe2db76163a3.jpg', '2020-12-23 12:54:57', 1),
(1293, 25, 432, '5fe2db7196751.jpg', '2020-12-23 12:55:00', 1),
(1294, 4, 271, '5fe2db65106d8.jpeg', '2020-12-23 12:55:14', 1),
(1295, 1, 399, '5fe2dbc2b661f.jpg', '2020-12-23 12:55:24', 1),
(1296, 24, 816, '5fe2db76163a3.jpg', '2020-12-23 12:55:28', 1),
(1297, 7, 399, '5fe2dbc2b661f.jpg', '2020-12-23 12:55:39', 1),
(1298, 1, 1064, '5fe2dbd05aa96.jpeg', '2020-12-23 12:55:47', 1),
(1299, 13, 1064, '5fe2dbd05aa96.jpeg', '2020-12-23 12:56:01', 1),
(1300, 22, 271, '5fe2db65106d8.jpeg', '2020-12-23 12:56:03', 1),
(1301, 21, 399, '5fe2dbc2b661f.jpg', '2020-12-23 12:56:07', 1),
(1302, 21, 1064, '5fe2dbd05aa96.jpeg', '2020-12-23 12:56:24', 1),
(1303, 1, 954, '5fe2dc0b2e40a.jpg', '2020-12-23 12:56:42', 1),
(1304, 1, 132, '5fe2dc386b4c3.jpg', '2020-12-23 12:57:37', 1),
(1305, 13, 954, '5fe2dc0b2e40a.jpg', '2020-12-23 12:57:51', 1),
(1306, 4, 132, '5fe2dc386b4c3.jpg', '2020-12-23 12:58:07', 1),
(1307, 25, 132, '5fe2dc386b4c3.jpg', '2020-12-23 12:58:22', 1),
(1308, 1, 969, '5fe2dc7713c09.jpg', '2020-12-23 12:58:24', 1),
(1309, 21, 954, '5fe2dc0b2e40a.jpg', '2020-12-23 12:58:32', 1),
(1310, 19, 969, '5fe2dc7713c09.jpg', '2020-12-23 12:58:38', 1),
(1311, 24, 969, '5fe2dc7713c09.jpg', '2020-12-23 12:58:53', 1),
(1312, 13, 820, '5fe2db52974b4.jpg', '2020-12-23 12:59:01', 1),
(1313, 1, 234, '5fe2dc9f3e4a5.jpeg', '2020-12-23 12:59:02', 1),
(1314, 5, 282, '5fe2dca8bf5c0.jpeg', '2020-12-23 12:59:34', 1),
(1315, 22, 282, '5fe2dca8bf5c0.jpeg', '2020-12-23 12:59:41', 1),
(1316, 1, 281, '5fe2dc67930be.jpg', '2020-12-23 12:59:41', 1),
(1317, 1, 282, '5fe2dca8bf5c0.jpeg', '2020-12-23 12:59:50', 1),
(1318, 6, 234, '5fe2dc9f3e4a5.jpeg', '2020-12-23 12:59:51', 1),
(1319, 21, 234, '5fe2dc9f3e4a5.jpeg', '2020-12-23 13:00:03', 1),
(1320, 4, 281, '5fe2dc67930be.jpg', '2020-12-23 13:00:14', 1),
(1321, 21, 820, '5fe2db52974b4.jpg', '2020-12-23 13:00:17', 1),
(1322, 22, 281, '5fe2dc67930be.jpg', '2020-12-23 13:00:32', 1),
(1323, 25, 54, '5fe2dca3258e0.jpeg', '2020-12-23 13:00:38', 1),
(1324, 1, 158, '5fe2dcfde46be.jpg', '2020-12-23 13:00:45', 0),
(1325, 1, 1010, '5fe2dcf2ba29b.jpeg', '2020-12-23 13:00:54', 1),
(1326, 10, 633, '5fe2dcd22aa25.JPG', '2020-12-23 13:00:58', 1),
(1327, 3, 54, '5fe2dca3258e0.jpeg', '2020-12-23 13:01:05', 1),
(1328, 6, 158, '5fe2dcfde46be.jpg', '2020-12-23 13:01:12', 0),
(1329, 24, 633, '5fe2dcd22aa25.JPG', '2020-12-23 13:01:16', 1),
(1330, 19, 1010, '5fe2dcf2ba29b.jpeg', '2020-12-23 13:01:25', 1),
(1331, 2, 611, '5fe2dd18c6d67.jpeg', '2020-12-23 13:01:27', 1),
(1332, 1, 54, '5fe2dca3258e0.jpeg', '2020-12-23 13:01:31', 1),
(1333, 21, 158, '5fe2dcfde46be.jpg', '2020-12-23 13:01:33', 0),
(1334, 24, 1010, '5fe2dcf2ba29b.jpeg', '2020-12-23 13:01:35', 1),
(1335, 9, 611, '5fe2dd18c6d67.jpeg', '2020-12-23 13:02:19', 1),
(1336, 1, 490, '5fe2dd68e2938.jpg', '2020-12-23 13:02:28', 1),
(1337, 1, 1068, '5fe2dd3fe048f.jpeg', '2020-12-23 13:02:29', 1),
(1338, 2, 633, '5fe2dcd22aa25.JPG', '2020-12-23 13:02:35', 1),
(1339, 3, 490, '5fe2dd68e2938.jpg', '2020-12-23 13:02:39', 1),
(1340, 1, 260, '5fe2dd12903db.jpeg', '2020-12-23 13:02:40', 0),
(1341, 23, 611, '5fe2dd18c6d67.jpeg', '2020-12-23 13:02:45', 1),
(1342, 1, 967, '5fe2dd744cfc5.jpg', '2020-12-23 13:02:49', 1),
(1343, 22, 490, '5fe2dd68e2938.jpg', '2020-12-23 13:02:50', 1),
(1344, 19, 967, '5fe2dd744cfc5.jpg', '2020-12-23 13:03:09', 1),
(1345, 1, 357, '5fe2dd9376e14.jpg', '2020-12-23 13:03:16', 1),
(1346, 19, 1068, '5fe2dd3fe048f.jpeg', '2020-12-23 13:03:17', 1),
(1347, 6, 260, '5fe2dd12903db.jpeg', '2020-12-23 13:03:24', 0),
(1348, 21, 1068, '5fe2dd3fe048f.jpeg', '2020-12-23 13:03:32', 1),
(1349, 21, 260, '5fe2dd12903db.jpeg', '2020-12-23 13:03:34', 0),
(1350, 2, 213, '5fe2ddaa40d65.jpg', '2020-12-23 13:03:35', 1),
(1351, 1, 982, '5fe2dda6d2d61.jpg', '2020-12-23 13:03:36', 0),
(1352, 15, 357, '5fe2dd9376e14.jpg', '2020-12-23 13:03:41', 1),
(1353, 8, 213, '5fe2ddaa40d65.jpg', '2020-12-23 13:03:51', 1),
(1354, 21, 357, '5fe2dd9376e14.jpg', '2020-12-23 13:03:57', 1),
(1355, 23, 213, '5fe2ddaa40d65.jpg', '2020-12-23 13:04:02', 1),
(1356, 20, 982, '5fe2dda6d2d61.jpg', '2020-12-23 13:04:04', 0),
(1357, 1, 415, '5fe2ddbc8781e.jpeg', '2020-12-23 13:04:06', 1),
(1358, 2, 412, '5fe2ddc591e0f.jpg', '2020-12-23 13:04:26', 1),
(1359, 1, 1050, '5fe2ddd72bb1a.jpeg', '2020-12-23 13:04:28', 1),
(1360, 2, 975, '5fe2dde4827ea.jpeg', '2020-12-23 13:04:39', 1),
(1361, 12, 975, '5fe2dde4827ea.jpeg', '2020-12-23 13:04:52', 1),
(1362, 1, 249, '5fe2aeb28f927.jpeg', '2020-12-23 13:04:53', 0),
(1363, 1, 188, '5fe2dde5a4041.jpg', '2020-12-23 13:05:05', 1),
(1364, 19, 1050, '5fe2ddd72bb1a.jpeg', '2020-12-23 13:05:11', 1),
(1365, 23, 975, '5fe2dde4827ea.jpeg', '2020-12-23 13:05:11', 1),
(1366, 10, 412, '5fe2ddc591e0f.jpg', '2020-12-23 13:05:13', 1),
(1367, 21, 415, '5fe2ddbc8781e.jpeg', '2020-12-23 13:05:19', 1),
(1368, 24, 412, '5fe2ddc591e0f.jpg', '2020-12-23 13:05:29', 1),
(1369, 21, 1050, '5fe2ddd72bb1a.jpeg', '2020-12-23 13:05:29', 1),
(1370, 4, 188, '5fe2dde5a4041.jpg', '2020-12-23 13:05:30', 1),
(1371, 4, 249, '5fe2aeb28f927.jpeg', '2020-12-23 13:05:35', 0),
(1372, 22, 249, '5fe2aeb28f927.jpeg', '2020-12-23 13:05:41', 0),
(1373, 22, 188, '5fe2dde5a4041.jpg', '2020-12-23 13:05:46', 1),
(1374, 22, 967, '5fe2dd744cfc5.jpg', '2020-12-23 13:06:01', 1),
(1375, 25, 982, '5fe2dda6d2d61.jpg', '2020-12-23 13:07:32', 0),
(1376, 2, 140, '5fe2de9ce4685.jpg', '2020-12-23 13:07:35', 1),
(1377, 1, 269, '5fe2de93c965f.jpg', '2020-12-23 13:07:54', 1),
(1378, 8, 140, '5fe2de9ce4685.jpg', '2020-12-23 13:07:59', 1),
(1379, 1, 687, '5fe2de789edf9.jpeg', '2020-12-23 13:08:06', 1),
(1380, 23, 140, '5fe2de9ce4685.jpg', '2020-12-23 13:08:24', 1),
(1381, 4, 269, '5fe2de93c965f.jpg', '2020-12-23 13:08:25', 1),
(1382, 2, 68, '5fe2ded3beb14.jpg', '2020-12-23 13:08:43', 1),
(1383, 22, 269, '5fe2de93c965f.jpg', '2020-12-23 13:08:46', 1),
(1384, 4, 687, '5fe2de789edf9.jpeg', '2020-12-23 13:08:57', 1),
(1385, 1, 877, '5fe2defc9d375.JPEG', '2020-12-23 13:09:19', 1),
(1386, 4, 68, '5fe2ded3beb14.jpg', '2020-12-23 13:09:28', 1),
(1387, 1, 898, '5fe2defe60731.PNG', '2020-12-23 13:09:42', 1),
(1388, 24, 68, '5fe2ded3beb14.jpg', '2020-12-23 13:09:46', 1),
(1389, 1, 931, '5fe2df1837b75.jpg', '2020-12-23 13:09:46', 1),
(1390, 1, 1079, '5fe2df1eca49c.jpeg', '2020-12-23 13:09:56', 1),
(1391, 24, 687, '5fe2de789edf9.jpeg', '2020-12-23 13:09:57', 1),
(1392, 19, 931, '5fe2df1837b75.jpg', '2020-12-23 13:10:13', 1),
(1393, 2, 146, '5fe2df362a4ec.jpg', '2020-12-23 13:10:15', 1),
(1394, 12, 1079, '5fe2df1eca49c.jpeg', '2020-12-23 13:10:24', 1),
(1395, 2, 1027, '5fe2df4a1ed4e.jpg', '2020-12-23 13:10:25', 1),
(1396, 5, 898, '5fe2defe60731.PNG', '2020-12-23 13:10:42', 1),
(1397, 8, 146, '5fe2df362a4ec.jpg', '2020-12-23 13:10:42', 1),
(1398, 12, 1027, '5fe2df4a1ed4e.jpg', '2020-12-23 13:10:43', 1),
(1399, 23, 931, '5fe2df1837b75.jpg', '2020-12-23 13:10:47', 1),
(1400, 23, 1027, '5fe2df4a1ed4e.jpg', '2020-12-23 13:10:54', 1),
(1401, 19, 877, '5fe2defc9d375.JPEG', '2020-12-23 13:10:55', 1),
(1402, 21, 1079, '5fe2df1eca49c.jpeg', '2020-12-23 13:10:56', 1),
(1403, 23, 146, '5fe2df362a4ec.jpg', '2020-12-23 13:11:00', 1),
(1404, 21, 898, '5fe2defe60731.PNG', '2020-12-23 13:11:06', 1),
(1405, 24, 877, '5fe2defc9d375.JPEG', '2020-12-23 13:11:17', 1),
(1406, 1, 908, '5fe2df82a2514.jpg', '2020-12-23 13:11:28', 1),
(1407, 1, 935, '5fe2df689e087.jpg', '2020-12-23 13:11:36', 1),
(1408, 1, 912, '5fe2df19dec71.jpg', '2020-12-23 13:11:52', 1),
(1409, 18, 908, '5fe2df82a2514.jpg', '2020-12-23 13:11:57', 1),
(1410, 21, 908, '5fe2df82a2514.jpg', '2020-12-23 13:12:23', 1),
(1411, 1, 235, '5fe2dfa400d38.jpg', '2020-12-23 13:12:44', 1),
(1412, 5, 935, '5fe2df689e087.jpg', '2020-12-23 13:12:56', 1),
(1413, 21, 935, '5fe2df689e087.jpg', '2020-12-23 13:13:10', 1),
(1414, 1, 1024, '5fe29af465857.jpg', '2020-12-23 13:13:35', 1),
(1415, 6, 1024, '5fe29af465857.jpg', '2020-12-23 13:13:52', 1),
(1416, 5, 235, '5fe2dfa400d38.jpg', '2020-12-23 13:13:58', 1),
(1417, 1, 899, '5fe2e0199e154.jpeg', '2020-12-23 13:14:04', 1),
(1418, 21, 1024, '5fe29af465857.jpg', '2020-12-23 13:14:10', 1),
(1419, 21, 235, '5fe2dfa400d38.jpg', '2020-12-23 13:14:14', 1),
(1420, 6, 899, '5fe2e0199e154.jpeg', '2020-12-23 13:14:19', 1),
(1421, 2, 556, '5fe2e055425d7.jpeg', '2020-12-23 13:14:23', 0),
(1422, 21, 899, '5fe2e0199e154.jpeg', '2020-12-23 13:15:15', 1),
(1423, 1, 336, '5fe2e07400ebf.jpeg', '2020-12-23 13:15:27', 1),
(1424, 1, 1000, '5fe2e06b5f087.png', '2020-12-23 13:15:29', 0),
(1425, 1, 1086, '5fe2e081960d9.jpeg', '2020-12-23 13:15:40', 1),
(1426, 1, 875, '5fe2e07cad6d0.jpeg', '2020-12-23 13:15:43', 1),
(1427, 9, 556, '5fe2e055425d7.jpeg', '2020-12-23 13:15:45', 0),
(1428, 1, 1038, '5fe2e07989981.JPG', '2020-12-23 13:15:48', 1),
(1429, 1, 20, '5fe2e018ef9b8.jpg', '2020-12-23 13:15:54', 0),
(1430, 6, 1000, '5fe2e06b5f087.png', '2020-12-23 13:15:54', 0),
(1431, 3, 336, '5fe2e07400ebf.jpeg', '2020-12-23 13:15:56', 1),
(1432, 20, 1086, '5fe2e081960d9.jpeg', '2020-12-23 13:15:58', 1),
(1433, 24, 556, '5fe2e055425d7.jpeg', '2020-12-23 13:16:06', 0),
(1434, 21, 336, '5fe2e07400ebf.jpeg', '2020-12-23 13:16:15', 1),
(1435, 22, 1086, '5fe2e081960d9.jpeg', '2020-12-23 13:16:16', 1),
(1436, 19, 875, '5fe2e07cad6d0.jpeg', '2020-12-23 13:16:18', 1),
(1437, 1, 512, '5fe2e0a681e80.jpg', '2020-12-23 13:16:21', 1),
(1438, 25, 875, '5fe2e07cad6d0.jpeg', '2020-12-23 13:16:33', 1),
(1439, 21, 1000, '5fe2e06b5f087.png', '2020-12-23 13:16:34', 0),
(1440, 16, 512, '5fe2e0a681e80.jpg', '2020-12-23 13:16:51', 1),
(1441, 21, 512, '5fe2e0a681e80.jpg', '2020-12-23 13:17:06', 1),
(1442, 4, 20, '5fe2e018ef9b8.jpg', '2020-12-23 13:17:19', 0),
(1443, 2, 594, '5fe2e12735304.jpg', '2020-12-23 13:18:28', 1),
(1444, 21, 20, '5fe2e018ef9b8.jpg', '2020-12-23 13:18:32', 0),
(1445, 19, 912, '5fe2df19dec71.jpg', '2020-12-23 13:18:36', 1),
(1446, 1, 258, '5fe2e13c5b957.jpeg', '2020-12-23 13:18:49', 1),
(1447, 10, 594, '5fe2e12735304.jpg', '2020-12-23 13:19:09', 1),
(1448, 2, 901, '5fe2de6a2ec0a.jpg', '2020-12-23 13:19:15', 1),
(1449, 24, 594, '5fe2e12735304.jpg', '2020-12-23 13:19:18', 1),
(1450, 2, 866, '5fe2e13388146.jpg', '2020-12-23 13:19:21', 1),
(1451, 3, 258, '5fe2e13c5b957.jpeg', '2020-12-23 13:19:28', 1),
(1452, 12, 1038, '5fe2e07989981.JPG', '2020-12-23 13:19:38', 1),
(1453, 6, 866, '5fe2e13388146.jpg', '2020-12-23 13:19:42', 1),
(1454, 1, 244, '5fe2e1307996d.jpg', '2020-12-23 13:19:50', 0),
(1455, 10, 901, '5fe2de6a2ec0a.jpg', '2020-12-23 13:20:03', 1),
(1456, 21, 258, '5fe2e13c5b957.jpeg', '2020-12-23 13:20:08', 1),
(1457, 24, 901, '5fe2de6a2ec0a.jpg', '2020-12-23 13:20:24', 1),
(1458, 2, 1047, '5fe2e18a71141.jpg', '2020-12-23 13:20:25', 1),
(1459, 1, 478, '5fe2e1a14328d.jpg', '2020-12-23 13:20:31', 1),
(1460, 2, 529, '5fe2e19e1684b.jpg', '2020-12-23 13:20:35', 1),
(1461, 1, 1067, '5fe2e1a8cd070.jpg', '2020-12-23 13:20:36', 1),
(1462, 12, 1047, '5fe2e18a71141.jpg', '2020-12-23 13:20:38', 1),
(1463, 1, 473, '5fe2d3e4792c7.jpg', '2020-12-23 13:20:47', 1),
(1464, 23, 1047, '5fe2e18a71141.jpg', '2020-12-23 13:20:49', 1),
(1465, 16, 478, '5fe2e1a14328d.jpg', '2020-12-23 13:20:51', 1),
(1466, 8, 529, '5fe2e19e1684b.jpg', '2020-12-23 13:21:05', 1),
(1467, 21, 478, '5fe2e1a14328d.jpg', '2020-12-23 13:21:06', 1),
(1468, 6, 1067, '5fe2e1a8cd070.jpg', '2020-12-23 13:21:07', 1),
(1469, 4, 244, '5fe2e1307996d.jpg', '2020-12-23 13:21:22', 0),
(1470, 25, 529, '5fe2e19e1684b.jpg', '2020-12-23 13:21:28', 1),
(1471, 21, 866, '5fe2e13388146.jpg', '2020-12-23 13:21:32', 1),
(1472, 22, 244, '5fe2e1307996d.jpg', '2020-12-23 13:21:37', 0),
(1473, 1, 293, '5fe2e1eb317fd.jpg', '2020-12-23 13:21:39', 1),
(1474, 22, 1067, '5fe2e1a8cd070.jpg', '2020-12-23 13:21:42', 1),
(1475, 1, 858, '5fe2e205e102b.jpg', '2020-12-23 13:22:11', 1),
(1476, 6, 858, '5fe2e205e102b.jpg', '2020-12-23 13:22:36', 1),
(1477, 21, 858, '5fe2e205e102b.jpg', '2020-12-23 13:22:49', 1),
(1478, 1, 994, '5fe2e23745c62.jpg', '2020-12-23 13:23:16', 1),
(1479, 2, 1062, '5fe2e24f3e5a4.jpg', '2020-12-23 13:23:23', 1),
(1480, 19, 1062, '5fe2e24f3e5a4.jpg', '2020-12-23 13:23:35', 1),
(1481, 2, 295, '5fe2e2413a149.jpg', '2020-12-23 13:23:48', 1),
(1482, 23, 1062, '5fe2e24f3e5a4.jpg', '2020-12-23 13:24:06', 1),
(1483, 8, 295, '5fe2e2413a149.jpg', '2020-12-23 13:24:18', 1),
(1484, 23, 295, '5fe2e2413a149.jpg', '2020-12-23 13:24:30', 1),
(1485, 24, 1038, '5fe2e07989981.JPG', '2020-12-23 13:24:34', 1),
(1486, 1, 510, '5fe2e29175811.jpg', '2020-12-23 13:24:38', 1),
(1487, 2, 624, '5fe2e284577ab.jpg', '2020-12-23 13:24:42', 1),
(1488, 5, 994, '5fe2e23745c62.jpg', '2020-12-23 13:24:47', 1),
(1489, 2, 888, '5fe2e27e1c644.jpg', '2020-12-23 13:24:49', 1),
(1490, 21, 994, '5fe2e23745c62.jpg', '2020-12-23 13:25:08', 1),
(1491, 2, 610, '5fe2e2bc02033.jpg', '2020-12-23 13:25:11', 1),
(1492, 12, 888, '5fe2e27e1c644.jpg', '2020-12-23 13:25:20', 1),
(1493, 3, 510, '5fe2e29175811.jpg', '2020-12-23 13:25:21', 1),
(1494, 4, 610, '5fe2e2bc02033.jpg', '2020-12-23 13:25:22', 1),
(1495, 1, 304, '5fe2e2bca6719.jpeg', '2020-12-23 13:25:23', 1),
(1496, 1, 56, '5fe2e2c259522.png', '2020-12-23 13:25:25', 0),
(1497, 1, 824, '5fe2e2b6ec41d.jpg', '2020-12-23 13:25:27', 1),
(1498, 22, 610, '5fe2e2bc02033.jpg', '2020-12-23 13:25:33', 1),
(1499, 24, 888, '5fe2e27e1c644.jpg', '2020-12-23 13:25:36', 1),
(1500, 23, 510, '5fe2e29175811.jpg', '2020-12-23 13:25:37', 1),
(1501, 5, 56, '5fe2e2c259522.png', '2020-12-23 13:25:46', 0),
(1502, 4, 304, '5fe2e2bca6719.jpeg', '2020-12-23 13:25:52', 1),
(1503, 6, 824, '5fe2e2b6ec41d.jpg', '2020-12-23 13:26:06', 1),
(1504, 2, 1033, '5fe2e2bc9c063.jpg', '2020-12-23 13:26:08', 1),
(1505, 21, 304, '5fe2e2bca6719.jpeg', '2020-12-23 13:26:17', 1),
(1506, 21, 56, '5fe2e2c259522.png', '2020-12-23 13:26:19', 0),
(1507, 21, 824, '5fe2e2b6ec41d.jpg', '2020-12-23 13:26:36', 1),
(1508, 13, 1033, '5fe2e2bc9c063.jpg', '2020-12-23 13:26:53', 1),
(1509, 11, 624, '5fe2e284577ab.jpg', '2020-12-23 13:27:00', 1),
(1510, 24, 1033, '5fe2e2bc9c063.jpg', '2020-12-23 13:27:21', 1),
(1511, 1, 896, '5fe2e35188d39.jpg', '2020-12-23 13:27:40', 1),
(1512, 24, 624, '5fe2e284577ab.jpg', '2020-12-23 13:27:43', 1),
(1513, 1, 324, '5fe2e350d53dd.jpeg', '2020-12-23 13:27:45', 1),
(1514, 18, 896, '5fe2e35188d39.jpg', '2020-12-23 13:27:57', 1),
(1515, 21, 896, '5fe2e35188d39.jpg', '2020-12-23 13:28:12', 1),
(1516, 18, 1018, '5fe2e3626a0aa.jpg', '2020-12-23 13:28:15', 1),
(1517, 4, 324, '5fe2e350d53dd.jpeg', '2020-12-23 13:28:15', 1),
(1518, 1, 1018, '5fe2e3626a0aa.jpg', '2020-12-23 13:28:25', 1),
(1519, 21, 324, '5fe2e350d53dd.jpeg', '2020-12-23 13:28:40', 1),
(1520, 21, 1018, '5fe2e3626a0aa.jpg', '2020-12-23 13:28:46', 1),
(1521, 1, 128, '5fe2e356301ae.jpg', '2020-12-23 13:29:25', 1),
(1522, 5, 631, '5fe2e3ac2f0f3.jpg', '2020-12-23 13:29:25', 1),
(1523, 2, 340, '5fe2e3b69fdb8.jpeg', '2020-12-23 13:29:30', 1),
(1524, 1, 708, '5fe2e3c36a20d.jpg', '2020-12-23 13:29:44', 1),
(1525, 1, 631, '5fe2e3ac2f0f3.jpg', '2020-12-23 13:29:47', 1),
(1526, 8, 340, '5fe2e3b69fdb8.jpeg', '2020-12-23 13:29:48', 1),
(1527, 5, 708, '5fe2e3c36a20d.jpg', '2020-12-23 13:30:15', 1),
(1528, 25, 340, '5fe2e3b69fdb8.jpeg', '2020-12-23 13:30:16', 1),
(1529, 22, 708, '5fe2e3c36a20d.jpg', '2020-12-23 13:30:29', 1),
(1530, 5, 128, '5fe2e356301ae.jpg', '2020-12-23 13:31:09', 1),
(1531, 2, 257, '5fe2e41cc8b4e.jpeg', '2020-12-23 13:31:10', 1),
(1532, 22, 631, '5fe2e3ac2f0f3.jpg', '2020-12-23 13:31:13', 1),
(1533, 8, 257, '5fe2e41cc8b4e.jpeg', '2020-12-23 13:31:25', 1),
(1534, 1, 804, '5fe2e3df34403.jpeg', '2020-12-23 13:31:30', 1),
(1535, 23, 257, '5fe2e41cc8b4e.jpeg', '2020-12-23 13:31:47', 1),
(1536, 5, 804, '5fe2e3df34403.jpeg', '2020-12-23 13:31:48', 1),
(1537, 22, 804, '5fe2e3df34403.jpeg', '2020-12-23 13:32:03', 1),
(1538, 1, 131, '5fe2e45ddd4cc.jpeg', '2020-12-23 13:32:09', 1),
(1539, 1, 337, '5fe2e451bf74b.jpg', '2020-12-23 13:32:13', 1),
(1540, 1, 952, '5fe2e45ebe77d.jpg', '2020-12-23 13:32:23', 1),
(1541, 5, 131, '5fe2e45ddd4cc.jpeg', '2020-12-23 13:32:37', 1),
(1542, 2, 819, '5fe2e4653cf90.jpeg', '2020-12-23 13:32:40', 1),
(1543, 21, 131, '5fe2e45ddd4cc.jpeg', '2020-12-23 13:32:45', 1),
(1544, 1, 783, '5fe2e47c45c6d.jpg', '2020-12-23 13:32:48', 1),
(1545, 21, 912, '5fe2df19dec71.jpg', '2020-12-23 13:32:49', 1),
(1546, 5, 952, '5fe2e45ebe77d.jpg', '2020-12-23 13:32:52', 1),
(1547, 5, 337, '5fe2e451bf74b.jpg', '2020-12-23 13:32:53', 1),
(1548, 5, 783, '5fe2e47c45c6d.jpg', '2020-12-23 13:33:04', 1),
(1549, 21, 952, '5fe2e45ebe77d.jpg', '2020-12-23 13:33:05', 1),
(1550, 1, 638, '5fe2e49101ac7.jpeg', '2020-12-23 13:33:08', 1),
(1551, 2, 144, '5fe2e48cf09dc.jpeg', '2020-12-23 13:33:09', 1),
(1552, 22, 783, '5fe2e47c45c6d.jpg', '2020-12-23 13:33:15', 1),
(1553, 22, 337, '5fe2e451bf74b.jpg', '2020-12-23 13:33:24', 1),
(1554, 23, 128, '5fe2e356301ae.jpg', '2020-12-23 13:33:24', 1),
(1555, 9, 819, '5fe2e4653cf90.jpeg', '2020-12-23 13:33:24', 1),
(1556, 5, 638, '5fe2e49101ac7.jpeg', '2020-12-23 13:33:32', 1),
(1557, 22, 638, '5fe2e49101ac7.jpeg', '2020-12-23 13:33:41', 1),
(1558, 21, 819, '5fe2e4653cf90.jpeg', '2020-12-23 13:33:45', 1),
(1559, 2, 417, '5fe2e4c18e16f.jpg', '2020-12-23 13:33:46', 1),
(1560, 10, 144, '5fe2e48cf09dc.jpeg', '2020-12-23 13:34:16', 1),
(1561, 3, 417, '5fe2e4c18e16f.jpg', '2020-12-23 13:34:20', 1),
(1562, 23, 417, '5fe2e4c18e16f.jpg', '2020-12-23 13:34:30', 1),
(1563, 22, 144, '5fe2e48cf09dc.jpeg', '2020-12-23 13:34:40', 1),
(1564, 1, 677, '5fe2e501c94be.jpeg', '2020-12-23 13:34:50', 1),
(1565, 1, 98, '5fe2e5046a806.jpg', '2020-12-23 13:34:54', 1),
(1566, 3, 98, '5fe2e5046a806.jpg', '2020-12-23 13:35:04', 1),
(1567, 2, 992, '5fe2e50c35cad.jpg', '2020-12-23 13:35:08', 1),
(1568, 21, 98, '5fe2e5046a806.jpg', '2020-12-23 13:35:15', 1),
(1569, 4, 677, '5fe2e501c94be.jpeg', '2020-12-23 13:35:16', 1),
(1570, 22, 677, '5fe2e501c94be.jpeg', '2020-12-23 13:35:32', 1),
(1571, 2, 418, '5fe2e524423e4.jpg', '2020-12-23 13:35:34', 1),
(1572, 12, 992, '5fe2e50c35cad.jpg', '2020-12-23 13:35:34', 1),
(1573, 7, 418, '5fe2e524423e4.jpg', '2020-12-23 13:35:54', 1),
(1574, 24, 418, '5fe2e524423e4.jpg', '2020-12-23 13:36:10', 1),
(1575, 24, 992, '5fe2e50c35cad.jpg', '2020-12-23 13:36:46', 1),
(1576, 1, 869, '5fe2e5d40821c.jpg', '2020-12-23 13:38:27', 1),
(1577, 1, 725, '5fe2e5d9c563c.jpeg', '2020-12-23 13:38:32', 1),
(1578, 5, 725, '5fe2e5d9c563c.jpeg', '2020-12-23 13:38:48', 1),
(1579, 22, 725, '5fe2e5d9c563c.jpeg', '2020-12-23 13:39:05', 1),
(1580, 18, 869, '5fe2e5d40821c.jpg', '2020-12-23 13:39:21', 1),
(1581, 1, 1, '5fe2e6051940b.jpg', '2020-12-23 13:39:24', 1),
(1582, 2, 743, '5fe2e5dc1617b.jpg', '2020-12-23 13:39:38', 1),
(1583, 21, 869, '5fe2e5d40821c.jpg', '2020-12-23 13:39:40', 1),
(1584, 1, 699, '5fe2e6206a861.jpg', '2020-12-23 13:39:50', 1),
(1585, 5, 699, '5fe2e6206a861.jpg', '2020-12-23 13:40:17', 1),
(1586, 22, 1, '5fe2e6051940b.jpg', '2020-12-23 13:40:26', 1),
(1587, 4, 743, '5fe2e5dc1617b.jpg', '2020-12-23 13:40:27', 1),
(1588, 5, 1, '5fe2e6051940b.jpg', '2020-12-23 13:40:47', 1),
(1589, 2, 803, '5fe2e672d6564.jpeg', '2020-12-23 13:41:08', 1),
(1590, 22, 699, '5fe2e6206a861.jpg', '2020-12-23 13:41:10', 1),
(1591, 22, 743, '5fe2e5dc1617b.jpg', '2020-12-23 13:41:17', 1),
(1592, 1, 221, '5fe2e683c124a.jpg', '2020-12-23 13:41:20', 1),
(1593, 1, 834, '5fe2e68799b87.jpg', '2020-12-23 13:41:46', 1),
(1594, 1, 678, '5fe2e605ae279.jpeg', '2020-12-23 13:41:56', 1),
(1595, 1, 227, '5fe2e6a8ab89a.png', '2020-12-23 13:41:59', 0),
(1596, 5, 221, '5fe2e683c124a.jpg', '2020-12-23 13:42:33', 1),
(1597, 6, 834, '5fe2e68799b87.jpg', '2020-12-23 13:42:45', 1),
(1598, 10, 803, '5fe2e672d6564.jpeg', '2020-12-23 13:42:45', 1),
(1599, 15, 227, '5fe2e6a8ab89a.png', '2020-12-23 13:42:46', 0),
(1600, 21, 221, '5fe2e683c124a.jpg', '2020-12-23 13:42:54', 1),
(1601, 22, 227, '5fe2e6a8ab89a.png', '2020-12-23 13:42:59', 0),
(1602, 21, 834, '5fe2e68799b87.jpg', '2020-12-23 13:43:03', 1),
(1603, 24, 803, '5fe2e672d6564.jpeg', '2020-12-23 13:43:17', 1),
(1604, 2, 925, '5fe2e6fd7da51.jpg', '2020-12-23 13:43:48', 0),
(1605, 16, 678, '5fe2e605ae279.jpeg', '2020-12-23 13:43:57', 1),
(1606, 24, 678, '5fe2e605ae279.jpeg', '2020-12-23 13:44:17', 1),
(1607, 6, 925, '5fe2e6fd7da51.jpg', '2020-12-23 13:45:01', 0),
(1608, 1, 204, '5fe2e76dae562.jpeg', '2020-12-23 13:45:19', 1),
(1609, 24, 925, '5fe2e6fd7da51.jpg', '2020-12-23 13:45:26', 0),
(1610, 13, 885, '5fe2e750435ce.jpeg', '2020-12-23 13:45:29', 1),
(1611, 4, 204, '5fe2e76dae562.jpeg', '2020-12-23 13:45:38', 1),
(1612, 2, 437, '5fe2e71611e25.JPG', '2020-12-23 13:45:49', 1),
(1613, 21, 204, '5fe2e76dae562.jpeg', '2020-12-23 13:45:51', 1),
(1614, 4, 437, '5fe2e71611e25.JPG', '2020-12-23 13:46:24', 1),
(1615, 2, 885, '5fe2e750435ce.jpeg', '2020-12-23 13:46:34', 1),
(1616, 23, 437, '5fe2e71611e25.JPG', '2020-12-23 13:46:37', 1),
(1617, 2, 264, '5fe2e7ffc4261.jpeg', '2020-12-23 13:47:39', 0),
(1618, 8, 264, '5fe2e7ffc4261.jpeg', '2020-12-23 13:48:09', 0),
(1619, 21, 264, '5fe2e7ffc4261.jpeg', '2020-12-23 13:48:20', 0),
(1620, 1, 482, '5fe29fcbc9cb2.jpeg', '2020-12-23 13:49:02', 1),
(1621, 5, 482, '5fe29fcbc9cb2.jpeg', '2020-12-23 13:49:24', 1),
(1622, 21, 482, '5fe29fcbc9cb2.jpeg', '2020-12-23 13:49:39', 1),
(1623, 2, 672, '5fe2e86a11aae.jpeg', '2020-12-23 13:49:47', 1),
(1624, 1, 727, '5fe2e89fd44d0.jpg', '2020-12-23 13:50:23', 1),
(1625, 1, 268, '5fe2e8c31333a.jpeg', '2020-12-23 13:50:56', 1),
(1626, 4, 415, '5fe2ddbc8781e.jpeg', '2020-12-23 13:51:09', 1),
(1627, 4, 727, '5fe2e89fd44d0.jpg', '2020-12-23 13:51:10', 1),
(1628, 3, 328, '5fe2e85017b25.jpeg', '2020-12-23 13:51:14', 1),
(1629, 24, 727, '5fe2e89fd44d0.jpg', '2020-12-23 13:51:22', 1),
(1630, 3, 328, '5fe2e85017b25.jpeg', '2020-12-23 13:51:27', 1),
(1631, 1, 1044, '5fe2e8e48582e.jpg', '2020-12-23 13:51:36', 0),
(1632, 2, 599, '5fe2e8f5af36a.jpeg', '2020-12-23 13:51:42', 1),
(1633, 2, 606, '5fe2e8e4be865.jpg', '2020-12-23 13:51:50', 1);
INSERT INTO `election` (`election_id`, `candidate_id`, `voter_id`, `attachment`, `create_at`, `election_status`) VALUES
(1634, 2, 172, '5fe2e8fa0dbc2.jpg', '2020-12-23 13:51:51', 1),
(1635, 11, 599, '5fe2e8f5af36a.jpeg', '2020-12-23 13:52:04', 1),
(1636, 24, 599, '5fe2e8f5af36a.jpeg', '2020-12-23 13:52:13', 1),
(1637, 1, 494, '5fe2e91c10d16.jpg', '2020-12-23 13:52:31', 1),
(1638, 3, 494, '5fe2e91c10d16.jpg', '2020-12-23 13:52:44', 1),
(1639, 11, 606, '5fe2e8e4be865.jpg', '2020-12-23 13:52:49', 1),
(1640, 6, 1044, '5fe2e8e48582e.jpg', '2020-12-23 13:52:51', 0),
(1641, 21, 494, '5fe2e91c10d16.jpg', '2020-12-23 13:53:02', 1),
(1642, 2, 105, '5fe2e92191999.jpg', '2020-12-23 13:53:04', 1),
(1643, 5, 268, '5fe2e8c31333a.jpeg', '2020-12-23 13:53:08', 1),
(1644, 7, 172, '5fe2e8fa0dbc2.jpg', '2020-12-23 13:53:20', 1),
(1645, 23, 1044, '5fe2e8e48582e.jpg', '2020-12-23 13:53:27', 0),
(1646, 22, 268, '5fe2e8c31333a.jpeg', '2020-12-23 13:53:27', 1),
(1647, 25, 172, '5fe2e8fa0dbc2.jpg', '2020-12-23 13:53:36', 1),
(1648, 24, 606, '5fe2e8e4be865.jpg', '2020-12-23 13:54:02', 1),
(1649, 10, 105, '5fe2e92191999.jpg', '2020-12-23 13:54:06', 1),
(1650, 24, 885, '5fe2e750435ce.jpeg', '2020-12-23 13:54:37', 1),
(1651, 24, 105, '5fe2e92191999.jpg', '2020-12-23 13:54:44', 1),
(1652, 1, 995, '5fe2e96771e01.jpeg', '2020-12-23 13:54:57', 0),
(1653, 10, 672, '5fe2e86a11aae.jpeg', '2020-12-23 13:55:46', 1),
(1654, 19, 995, '5fe2e96771e01.jpeg', '2020-12-23 13:55:46', 0),
(1655, 1, 477, '5fe2e9e6a3aa1.jpg', '2020-12-23 13:55:50', 1),
(1656, 1, 196, '5fe2e9f2ea3b4.jpeg', '2020-12-23 13:56:02', 1),
(1657, 24, 672, '5fe2e86a11aae.jpeg', '2020-12-23 13:56:03', 1),
(1658, 3, 477, '5fe2e9e6a3aa1.jpg', '2020-12-23 13:56:04', 1),
(1659, 5, 196, '5fe2e9f2ea3b4.jpeg', '2020-12-23 13:56:17', 1),
(1660, 1, 328, '5fe2e85017b25.jpeg', '2020-12-23 13:56:31', 1),
(1661, 21, 196, '5fe2e9f2ea3b4.jpeg', '2020-12-23 13:56:31', 1),
(1662, 21, 995, '5fe2e96771e01.jpeg', '2020-12-23 13:56:45', 0),
(1663, 1, 515, '5fe2e9f85520e.jpg', '2020-12-23 13:56:55', 1),
(1664, 21, 477, '5fe2e9e6a3aa1.jpg', '2020-12-23 13:57:07', 1),
(1665, 2, 312, '5fe2ea490bb39.jpeg', '2020-12-23 13:57:23', 1),
(1666, 7, 312, '5fe2ea490bb39.jpeg', '2020-12-23 13:57:41', 1),
(1667, 21, 328, '5fe2e85017b25.jpeg', '2020-12-23 13:57:46', 1),
(1668, 23, 312, '5fe2ea490bb39.jpeg', '2020-12-23 13:57:55', 1),
(1669, 1, 79, '5fe2ea98cc7c5.jpeg', '2020-12-23 13:58:56', 1),
(1670, 1, 273, '5fe2eaaac002f.jpg', '2020-12-23 13:59:21', 1),
(1671, 3, 79, '5fe2ea98cc7c5.jpeg', '2020-12-23 13:59:39', 1),
(1672, 2, 61, '5fe2eac9407d0.jpeg', '2020-12-23 13:59:41', 1),
(1673, 2, 208, '5fe2ead684e42.jpeg', '2020-12-23 13:59:48', 1),
(1674, 3, 273, '5fe2eaaac002f.jpg', '2020-12-23 13:59:53', 1),
(1675, 11, 208, '5fe2ead684e42.jpeg', '2020-12-23 14:00:11', 1),
(1676, 22, 273, '5fe2eaaac002f.jpg', '2020-12-23 14:00:19', 1),
(1677, 7, 61, '5fe2eac9407d0.jpeg', '2020-12-23 14:00:21', 1),
(1678, 24, 208, '5fe2ead684e42.jpeg', '2020-12-23 14:00:21', 1),
(1679, 23, 61, '5fe2eac9407d0.jpeg', '2020-12-23 14:00:39', 1),
(1680, 22, 79, '5fe2ea98cc7c5.jpeg', '2020-12-23 14:01:33', 1),
(1681, 1, 1082, '5fe2eb449baf3.jpeg', '2020-12-23 14:01:35', 0),
(1682, 5, 1082, '5fe2eb449baf3.jpeg', '2020-12-23 14:01:53', 0),
(1683, 1, 433, '5fe2eb63beeb3.jpeg', '2020-12-23 14:02:14', 1),
(1684, 21, 1082, '5fe2eb449baf3.jpeg', '2020-12-23 14:02:18', 0),
(1685, 17, 515, '5fe2e9f85520e.jpg', '2020-12-23 14:02:39', 1),
(1686, 3, 433, '5fe2eb63beeb3.jpeg', '2020-12-23 14:02:40', 1),
(1687, 21, 433, '5fe2eb63beeb3.jpeg', '2020-12-23 14:02:54', 1),
(1688, 21, 515, '5fe2e9f85520e.jpg', '2020-12-23 14:03:09', 1),
(1689, 1, 923, '5fe2eba6028c3.jpeg', '2020-12-23 14:03:12', 1),
(1690, 1, 350, '5fe2ebae68e32.jpeg', '2020-12-23 14:03:23', 1),
(1691, 5, 923, '5fe2eba6028c3.jpeg', '2020-12-23 14:03:27', 1),
(1692, 1, 428, '5fe2e4faa3c38.jpg', '2020-12-23 14:03:36', 1),
(1693, 1, 645, '5fe2ebc4512ee.jpg', '2020-12-23 14:03:39', 1),
(1694, 21, 923, '5fe2eba6028c3.jpeg', '2020-12-23 14:03:45', 1),
(1695, 5, 645, '5fe2ebc4512ee.jpg', '2020-12-23 14:03:48', 1),
(1696, 22, 645, '5fe2ebc4512ee.jpg', '2020-12-23 14:03:56', 1),
(1697, 1, 796, '5fe2ebd84396c.jpg', '2020-12-23 14:04:05', 1),
(1698, 15, 350, '5fe2ebae68e32.jpeg', '2020-12-23 14:04:18', 1),
(1699, 2, 166, '5fe2ebfac1eb2.jpg', '2020-12-23 14:04:39', 1),
(1700, 21, 350, '5fe2ebae68e32.jpeg', '2020-12-23 14:04:41', 1),
(1701, 11, 166, '5fe2ebfac1eb2.jpg', '2020-12-23 14:04:59', 1),
(1702, 3, 293, '5fe2e1eb317fd.jpg', '2020-12-23 14:05:04', 1),
(1703, 1, 1030, '5fe2ec174aab2.jpeg', '2020-12-23 14:05:07', 1),
(1704, 21, 293, '5fe2e1eb317fd.jpg', '2020-12-23 14:05:11', 1),
(1705, 23, 166, '5fe2ebfac1eb2.jpg', '2020-12-23 14:05:12', 1),
(1706, 4, 428, '5fe2e4faa3c38.jpg', '2020-12-23 14:05:27', 1),
(1707, 6, 1030, '5fe2ec174aab2.jpeg', '2020-12-23 14:05:30', 1),
(1708, 21, 1030, '5fe2ec174aab2.jpeg', '2020-12-23 14:05:42', 1),
(1709, 22, 428, '5fe2e4faa3c38.jpg', '2020-12-23 14:05:48', 1),
(1710, 1, 774, '5fe2ec47dfb3d.jpeg', '2020-12-23 14:06:05', 1),
(1711, 4, 774, '5fe2ec47dfb3d.jpeg', '2020-12-23 14:06:19', 1),
(1712, 16, 796, '5fe2ebd84396c.jpg', '2020-12-23 14:06:28', 1),
(1713, 22, 774, '5fe2ec47dfb3d.jpeg', '2020-12-23 14:06:29', 1),
(1714, 22, 796, '5fe2ebd84396c.jpg', '2020-12-23 14:06:40', 1),
(1715, 1, 376, '5fe2ec884e9e8.jpg', '2020-12-23 14:07:05', 1),
(1716, 16, 376, '5fe2ec884e9e8.jpg', '2020-12-23 14:07:16', 1),
(1717, 21, 376, '5fe2ec884e9e8.jpg', '2020-12-23 14:07:25', 1),
(1718, 1, 330, '5fe2eca2356c1.jpg', '2020-12-23 14:07:30', 1),
(1719, 4, 330, '5fe2eca2356c1.jpg', '2020-12-23 14:07:57', 1),
(1720, 1, 416, '5fe2ecc22ab91.JPG', '2020-12-23 14:08:06', 1),
(1721, 1, 936, '5fe2ecb2c53fe.jpg', '2020-12-23 14:08:06', 1),
(1722, 22, 330, '5fe2eca2356c1.jpg', '2020-12-23 14:08:16', 1),
(1723, 2, 62, '5fe2ecda9236a.jpg', '2020-12-23 14:08:22', 1),
(1724, 2, 1037, '5fe2ecdba1dfd.jpg', '2020-12-23 14:08:25', 1),
(1725, 1, 252, '5fe2ecdad1e14.jpeg', '2020-12-23 14:08:29', 1),
(1726, 13, 1037, '5fe2ecdba1dfd.jpg', '2020-12-23 14:08:43', 1),
(1727, 3, 252, '5fe2ecdad1e14.jpeg', '2020-12-23 14:08:47', 1),
(1728, 8, 62, '5fe2ecda9236a.jpg', '2020-12-23 14:08:48', 1),
(1729, 5, 936, '5fe2ecb2c53fe.jpg', '2020-12-23 14:08:51', 1),
(1730, 4, 416, '5fe2ecc22ab91.JPG', '2020-12-23 14:09:07', 1),
(1731, 22, 252, '5fe2ecdad1e14.jpeg', '2020-12-23 14:09:09', 1),
(1732, 23, 1037, '5fe2ecdba1dfd.jpg', '2020-12-23 14:09:09', 1),
(1733, 1, 446, '5fe2ed1062490.jpeg', '2020-12-23 14:09:17', 1),
(1734, 23, 62, '5fe2ecda9236a.jpg', '2020-12-23 14:09:20', 1),
(1735, 22, 416, '5fe2ecc22ab91.JPG', '2020-12-23 14:09:23', 1),
(1736, 3, 446, '5fe2ed1062490.jpeg', '2020-12-23 14:09:36', 1),
(1737, 22, 446, '5fe2ed1062490.jpeg', '2020-12-23 14:09:45', 1),
(1738, 1, 837, '5fe2ed3b38767.JPG', '2020-12-23 14:10:17', 1),
(1739, 1, 762, '5fe2ed5163b81.jpeg', '2020-12-23 14:10:17', 1),
(1740, 10, 762, '5fe2ed5163b81.jpeg', '2020-12-23 14:10:44', 1),
(1741, 6, 837, '5fe2ed3b38767.JPG', '2020-12-23 14:11:03', 1),
(1742, 1, 684, '5fe2ed6b3b82c.JPG', '2020-12-23 14:11:09', 1),
(1743, 1, 911, '5fe2ed8e405ca.jpg', '2020-12-23 14:11:22', 1),
(1744, 5, 684, '5fe2ed6b3b82c.JPG', '2020-12-23 14:11:22', 1),
(1745, 22, 684, '5fe2ed6b3b82c.JPG', '2020-12-23 14:11:35', 1),
(1746, 24, 762, '5fe2ed5163b81.jpeg', '2020-12-23 14:11:36', 1),
(1747, 19, 911, '5fe2ed8e405ca.jpg', '2020-12-23 14:11:37', 1),
(1748, 2, 1054, '5fe2ed9b52262.jpg', '2020-12-23 14:11:42', 0),
(1749, 21, 911, '5fe2ed8e405ca.jpg', '2020-12-23 14:11:50', 1),
(1750, 6, 1054, '5fe2ed9b52262.jpg', '2020-12-23 14:12:00', 0),
(1751, 21, 1054, '5fe2ed9b52262.jpg', '2020-12-23 14:12:28', 0),
(1752, 21, 837, '5fe2ed3b38767.JPG', '2020-12-23 14:12:55', 1),
(1753, 1, 488, '5fe2ede74a5da.png', '2020-12-23 14:13:05', 1),
(1754, 3, 488, '5fe2ede74a5da.png', '2020-12-23 14:13:59', 1),
(1755, 21, 488, '5fe2ede74a5da.png', '2020-12-23 14:14:17', 1),
(1756, 1, 503, '5fe2eda7ef3f1.jpg', '2020-12-23 14:14:55', 1),
(1757, 1, 934, '5fe2ee4cc2bed.jpg', '2020-12-23 14:15:18', 1),
(1758, 21, 936, '5fe2ecb2c53fe.jpg', '2020-12-23 14:15:25', 1),
(1759, 6, 934, '5fe2ee4cc2bed.jpg', '2020-12-23 14:15:48', 1),
(1760, 21, 934, '5fe2ee4cc2bed.jpg', '2020-12-23 14:16:13', 1),
(1761, 1, 522, '5fe2eee1d23b5.jpg', '2020-12-23 14:17:30', 1),
(1762, 1, 495, '5fe2ef1b8a94e.jpg', '2020-12-23 14:18:10', 1),
(1763, 4, 495, '5fe2ef1b8a94e.jpg', '2020-12-23 14:18:27', 1),
(1764, 16, 522, '5fe2eee1d23b5.jpg', '2020-12-23 14:18:40', 1),
(1765, 22, 495, '5fe2ef1b8a94e.jpg', '2020-12-23 14:18:42', 1),
(1766, 25, 522, '5fe2eee1d23b5.jpg', '2020-12-23 14:19:01', 1),
(1767, 2, 1059, '5fe2ef450869b.jpeg', '2020-12-23 14:19:12', 1),
(1768, 1, 408, '5fe2ef8242168.jpeg', '2020-12-23 14:19:35', 1),
(1769, 4, 408, '5fe2ef8242168.jpeg', '2020-12-23 14:19:41', 1),
(1770, 22, 408, '5fe2ef8242168.jpeg', '2020-12-23 14:19:47', 1),
(1771, 1, 822, '5fe2ef75ce349.jpg', '2020-12-23 14:19:50', 1),
(1772, 6, 822, '5fe2ef75ce349.jpg', '2020-12-23 14:20:09', 1),
(1773, 2, 748, '5fe2efa139d29.jpeg', '2020-12-23 14:20:17', 1),
(1774, 24, 1059, '5fe2ef450869b.jpeg', '2020-12-23 14:20:31', 1),
(1775, 9, 748, '5fe2efa139d29.jpeg', '2020-12-23 14:20:35', 1),
(1776, 24, 748, '5fe2efa139d29.jpeg', '2020-12-23 14:20:49', 1),
(1777, 1, 737, '5fe2efba149b6.jpg', '2020-12-23 14:20:54', 1),
(1778, 22, 822, '5fe2ef75ce349.jpg', '2020-12-23 14:21:00', 1),
(1779, 4, 737, '5fe2efba149b6.jpg', '2020-12-23 14:21:21', 1),
(1780, 22, 737, '5fe2efba149b6.jpg', '2020-12-23 14:21:42', 1),
(1781, 4, 617, '5fe2eff02d5e5.jpg', '2020-12-23 14:21:52', 1),
(1782, 2, 88, '5fe2f00e1c5fe.jpg', '2020-12-23 14:22:10', 1),
(1783, 16, 88, '5fe2f00e1c5fe.jpg', '2020-12-23 14:22:21', 1),
(1784, 21, 88, '5fe2f00e1c5fe.jpg', '2020-12-23 14:22:36', 1),
(1785, 10, 1059, '5fe2ef450869b.jpeg', '2020-12-23 14:22:44', 1),
(1786, 22, 738, '5fe2f05ff2934.jpg', '2020-12-23 14:23:29', 1),
(1787, 4, 738, '5fe2f05ff2934.jpg', '2020-12-23 14:24:15', 1),
(1788, 2, 18, '5fe2f08042bae.jpeg', '2020-12-23 14:24:20', 0),
(1789, 13, 18, '5fe2f08042bae.jpeg', '2020-12-23 14:24:47', 0),
(1790, 2, 712, '5fe2f0c0a2b2b.jpeg', '2020-12-23 14:25:00', 1),
(1791, 23, 18, '5fe2f08042bae.jpeg', '2020-12-23 14:25:03', 0),
(1792, 24, 712, '5fe2f0c0a2b2b.jpeg', '2020-12-23 14:25:25', 1),
(1793, 1, 918, '5fe2f0dd5456b.jpg', '2020-12-23 14:25:33', 1),
(1794, 1, 206, '5fe2f0ee6f9b5.jpg', '2020-12-23 14:25:45', 1),
(1795, 7, 712, '5fe2f0c0a2b2b.jpeg', '2020-12-23 14:25:59', 1),
(1796, 19, 918, '5fe2f0dd5456b.jpg', '2020-12-23 14:26:02', 1),
(1797, 1, 334, '5fe2e639c6267.jpeg', '2020-12-23 14:26:02', 1),
(1798, 5, 206, '5fe2f0ee6f9b5.jpg', '2020-12-23 14:26:14', 1),
(1799, 21, 918, '5fe2f0dd5456b.jpg', '2020-12-23 14:26:17', 1),
(1800, 4, 334, '5fe2e639c6267.jpeg', '2020-12-23 14:26:25', 1),
(1801, 2, 597, '5fe2f10c5cb36.jpeg', '2020-12-23 14:26:27', 1),
(1802, 21, 206, '5fe2f0ee6f9b5.jpg', '2020-12-23 14:26:28', 1),
(1803, 22, 334, '5fe2e639c6267.jpeg', '2020-12-23 14:26:46', 1),
(1804, 9, 597, '5fe2f10c5cb36.jpeg', '2020-12-23 14:27:35', 1),
(1805, 2, 359, '5fe2f14ee7645.jpg', '2020-12-23 14:27:49', 1),
(1806, 24, 597, '5fe2f10c5cb36.jpeg', '2020-12-23 14:27:52', 1),
(1807, 2, 763, '5fe2f13eb50f1.jpg', '2020-12-23 14:28:04', 1),
(1808, 1, 236, '5fe2f180a7360.jpg', '2020-12-23 14:28:13', 1),
(1809, 3, 359, '5fe2f14ee7645.jpg', '2020-12-23 14:28:25', 1),
(1810, 21, 359, '5fe2f14ee7645.jpg', '2020-12-23 14:28:43', 1),
(1811, 1, 750, '5fe2efeb8a075.jpg', '2020-12-23 14:28:51', 1),
(1812, 3, 763, '5fe2f13eb50f1.jpg', '2020-12-23 14:29:23', 1),
(1813, 3, 236, '5fe2f180a7360.jpg', '2020-12-23 14:29:34', 1),
(1814, 1, 514, '5fe2e0f69e184.jpg', '2020-12-23 14:29:54', 1),
(1815, 22, 236, '5fe2f180a7360.jpg', '2020-12-23 14:29:57', 1),
(1816, 2, 756, '5fe2f1e959e05.jpeg', '2020-12-23 14:29:58', 1),
(1817, 10, 750, '5fe2efeb8a075.jpg', '2020-12-23 14:29:58', 1),
(1818, 21, 763, '5fe2f13eb50f1.jpg', '2020-12-23 14:30:01', 1),
(1819, 4, 514, '5fe2e0f69e184.jpg', '2020-12-23 14:30:02', 1),
(1820, 22, 514, '5fe2e0f69e184.jpg', '2020-12-23 14:30:09', 1),
(1821, 10, 756, '5fe2f1e959e05.jpeg', '2020-12-23 14:30:37', 1),
(1822, 24, 750, '5fe2efeb8a075.jpg', '2020-12-23 14:30:39', 1),
(1823, 24, 756, '5fe2f1e959e05.jpeg', '2020-12-23 14:30:52', 1),
(1824, 1, 6, '5fe2f2396a598.jpeg', '2020-12-23 14:32:06', 1),
(1825, 6, 6, '5fe2f2396a598.jpeg', '2020-12-23 14:32:40', 1),
(1826, 21, 6, '5fe2f2396a598.jpeg', '2020-12-23 14:32:54', 1),
(1827, 1, 833, '5fe2f28988cee.jpeg', '2020-12-23 14:33:02', 1),
(1828, 1, 1065, '5fe2f2aaa3d21.JPG', '2020-12-23 14:33:20', 0),
(1829, 5, 833, '5fe2f28988cee.jpeg', '2020-12-23 14:33:24', 1),
(1830, 2, 617, '5fe2eff02d5e5.jpg', '2020-12-23 14:33:24', 1),
(1831, 6, 1065, '5fe2f2aaa3d21.JPG', '2020-12-23 14:33:37', 0),
(1832, 1, 456, '5fe2f2b0a3bf4.jpg', '2020-12-23 14:33:40', 1),
(1833, 24, 833, '5fe2f28988cee.jpeg', '2020-12-23 14:33:58', 1),
(1834, 21, 1065, '5fe2f2aaa3d21.JPG', '2020-12-23 14:34:00', 0),
(1835, 1, 838, '5fe2f2dad8faa.jpeg', '2020-12-23 14:34:06', 1),
(1836, 6, 456, '5fe2f2b0a3bf4.jpg', '2020-12-23 14:34:09', 1),
(1837, 21, 456, '5fe2f2b0a3bf4.jpg', '2020-12-23 14:34:25', 1),
(1838, 19, 838, '5fe2f2dad8faa.jpeg', '2020-12-23 14:34:27', 1),
(1839, 2, 641, '5fe2f2e30ec60.jpg', '2020-12-23 14:34:37', 1),
(1840, 1, 997, '5fe2f2f162123.jpg', '2020-12-23 14:34:37', 1),
(1841, 2, 277, '5fe2f30f8baa6.jpg', '2020-12-23 14:34:50', 1),
(1842, 21, 838, '5fe2f2dad8faa.jpeg', '2020-12-23 14:34:52', 1),
(1843, 11, 277, '5fe2f30f8baa6.jpg', '2020-12-23 14:35:09', 1),
(1844, 1, 523, '5fe2f3287b264.jpeg', '2020-12-23 14:35:13', 0),
(1845, 22, 997, '5fe2f2f162123.jpg', '2020-12-23 14:35:20', 1),
(1846, 24, 277, '5fe2f30f8baa6.jpg', '2020-12-23 14:35:23', 1),
(1847, 3, 523, '5fe2f3287b264.jpeg', '2020-12-23 14:35:31', 0),
(1848, 16, 641, '5fe2f2e30ec60.jpg', '2020-12-23 14:35:41', 1),
(1849, 21, 523, '5fe2f3287b264.jpeg', '2020-12-23 14:35:42', 0),
(1850, 18, 997, '5fe2f2f162123.jpg', '2020-12-23 14:35:47', 1),
(1851, 1, 1021, '5fe2f34530a8e.jpg', '2020-12-23 14:35:59', 1),
(1852, 24, 641, '5fe2f2e30ec60.jpg', '2020-12-23 14:36:08', 1),
(1853, 2, 538, '5fe2f35fa220f.jpeg', '2020-12-23 14:36:31', 1),
(1854, 6, 1021, '5fe2f34530a8e.jpg', '2020-12-23 14:36:37', 1),
(1855, 22, 1021, '5fe2f34530a8e.jpg', '2020-12-23 14:37:00', 1),
(1856, 3, 538, '5fe2f35fa220f.jpeg', '2020-12-23 14:38:30', 1),
(1857, 25, 538, '5fe2f35fa220f.jpeg', '2020-12-23 14:38:38', 1),
(1858, 6, 503, '5fe2eda7ef3f1.jpg', '2020-12-23 14:39:40', 1),
(1859, 6, 1058, '5fe2f40dc4d71.jpg', '2020-12-23 14:39:40', 0),
(1860, 1, 1063, '5fe2f4022ab72.jpeg', '2020-12-23 14:39:41', 1),
(1861, 6, 1063, '5fe2f4022ab72.jpeg', '2020-12-23 14:39:51', 1),
(1862, 21, 503, '5fe2eda7ef3f1.jpg', '2020-12-23 14:39:52', 1),
(1863, 24, 1058, '5fe2f40dc4d71.jpg', '2020-12-23 14:40:02', 0),
(1864, 2, 464, '5fe2f44a04f3c.jpg', '2020-12-23 14:40:09', 1),
(1865, 22, 617, '5fe2eff02d5e5.jpg', '2020-12-23 14:40:12', 1),
(1866, 1, 1058, '5fe2f40dc4d71.jpg', '2020-12-23 14:40:13', 0),
(1867, 1, 1066, '5fe2f4724cc3d.jpg', '2020-12-23 14:40:42', 1),
(1868, 7, 464, '5fe2f44a04f3c.jpg', '2020-12-23 14:40:44', 1),
(1869, 18, 1066, '5fe2f4724cc3d.jpg', '2020-12-23 14:40:55', 1),
(1870, 22, 1063, '5fe2f4022ab72.jpeg', '2020-12-23 14:40:56', 1),
(1871, 23, 464, '5fe2f44a04f3c.jpg', '2020-12-23 14:41:08', 1),
(1872, 2, 435, '5fe2f494b02f7.jpeg', '2020-12-23 14:41:19', 1),
(1873, 2, 560, '5fe2f4706809a.jpg', '2020-12-23 14:41:19', 1),
(1874, 22, 1066, '5fe2f4724cc3d.jpg', '2020-12-23 14:41:21', 1),
(1875, 15, 435, '5fe2f494b02f7.jpeg', '2020-12-23 14:41:44', 1),
(1876, 1, 842, '5fe2f42d784ae.jpg', '2020-12-23 14:42:02', 1),
(1877, 23, 435, '5fe2f494b02f7.jpeg', '2020-12-23 14:42:04', 1),
(1878, 10, 560, '5fe2f4706809a.jpg', '2020-12-23 14:42:08', 1),
(1879, 24, 560, '5fe2f4706809a.jpg', '2020-12-23 14:42:38', 1),
(1880, 2, 676, '5fe2f4e5ba7ee.jpg', '2020-12-23 14:42:50', 1),
(1881, 2, 403, '5fe2f50269524.jpg', '2020-12-23 14:43:07', 1),
(1882, 3, 403, '5fe2f50269524.jpg', '2020-12-23 14:43:16', 1),
(1883, 1, 881, '5fe2f4fc1ae62.jpg', '2020-12-23 14:43:26', 1),
(1884, 22, 842, '5fe2f42d784ae.jpg', '2020-12-23 14:43:36', 1),
(1885, 6, 881, '5fe2f4fc1ae62.jpg', '2020-12-23 14:43:47', 1),
(1886, 2, 806, '5fe2f5247b035.jpg', '2020-12-23 14:43:48', 1),
(1887, 21, 403, '5fe2f50269524.jpg', '2020-12-23 14:43:48', 1),
(1888, 2, 279, '5fe2f4eb207f4.jpg', '2020-12-23 14:43:52', 1),
(1889, 19, 842, '5fe2f42d784ae.jpg', '2020-12-23 14:44:07', 1),
(1890, 21, 881, '5fe2f4fc1ae62.jpg', '2020-12-23 14:44:11', 1),
(1891, 8, 279, '5fe2f4eb207f4.jpg', '2020-12-23 14:44:21', 1),
(1892, 23, 279, '5fe2f4eb207f4.jpg', '2020-12-23 14:44:45', 1),
(1893, 1, 759, '5fe2f56e28782.jpeg', '2020-12-23 14:45:01', 1),
(1894, 9, 806, '5fe2f5247b035.jpg', '2020-12-23 14:45:19', 1),
(1895, 24, 806, '5fe2f5247b035.jpg', '2020-12-23 14:45:32', 1),
(1896, 4, 759, '5fe2f56e28782.jpeg', '2020-12-23 14:45:33', 1),
(1897, 1, 462, '5fe2a8fc06dc5.jpeg', '2020-12-23 14:45:43', 0),
(1898, 22, 759, '5fe2f56e28782.jpeg', '2020-12-23 14:45:44', 1),
(1899, 2, 593, '5fe2f5ac05c15.jpeg', '2020-12-23 14:46:01', 1),
(1900, 9, 593, '5fe2f5ac05c15.jpeg', '2020-12-23 14:46:25', 1),
(1901, 1, 393, '5fe2f5bbe1308.jpg', '2020-12-23 14:46:37', 1),
(1902, 24, 593, '5fe2f5ac05c15.jpeg', '2020-12-23 14:46:43', 1),
(1903, 1, 962, '5fe2f5dc40ed1.jpg', '2020-12-23 14:46:48', 1),
(1904, 6, 393, '5fe2f5bbe1308.jpg', '2020-12-23 14:47:04', 1),
(1905, 6, 962, '5fe2f5dc40ed1.jpg', '2020-12-23 14:47:04', 1),
(1906, 21, 962, '5fe2f5dc40ed1.jpg', '2020-12-23 14:47:17', 1),
(1907, 21, 393, '5fe2f5bbe1308.jpg', '2020-12-23 14:47:20', 1),
(1908, 1, 1043, '5fe2f618e012b.jpg', '2020-12-23 14:47:52', 1),
(1909, 2, 95, '5fe2f6336e0bd.jpg', '2020-12-23 14:48:22', 1),
(1910, 1, 280, '5fe2f6453e8e6.jpg', '2020-12-23 14:49:00', 1),
(1911, 1, 155, '5fe2f65fd7326.jpeg', '2020-12-23 14:49:00', 1),
(1912, 6, 1043, '5fe2f618e012b.jpg', '2020-12-23 14:49:06', 1),
(1913, 8, 95, '5fe2f6336e0bd.jpg', '2020-12-23 14:49:22', 1),
(1914, 21, 1043, '5fe2f618e012b.jpg', '2020-12-23 14:49:25', 1),
(1915, 6, 155, '5fe2f65fd7326.jpeg', '2020-12-23 14:49:37', 1),
(1916, 23, 95, '5fe2f6336e0bd.jpg', '2020-12-23 14:49:44', 1),
(1917, 21, 155, '5fe2f65fd7326.jpeg', '2020-12-23 14:49:49', 1),
(1918, 18, 280, '5fe2f6453e8e6.jpg', '2020-12-23 14:50:53', 1),
(1919, 1, 1009, '5fe2f6d03575e.jpg', '2020-12-23 14:50:56', 1),
(1920, 25, 280, '5fe2f6453e8e6.jpg', '2020-12-23 14:51:10', 1),
(1921, 1, 212, '5fe2f73220cb9.jpeg', '2020-12-23 14:52:33', 1),
(1922, 1, 83, '5fe2f733393d5.jpeg', '2020-12-23 14:52:38', 1),
(1923, 5, 212, '5fe2f73220cb9.jpeg', '2020-12-23 14:53:25', 1),
(1924, 1, 97, '5fe2f775a4068.jpg', '2020-12-23 14:53:48', 1),
(1925, 21, 212, '5fe2f73220cb9.jpeg', '2020-12-23 14:53:48', 1),
(1926, 6, 83, '5fe2f733393d5.jpeg', '2020-12-23 14:54:00', 1),
(1927, 18, 930, '5fe2f75b8fb0e.jpg', '2020-12-23 14:54:17', 1),
(1928, 6, 97, '5fe2f775a4068.jpg', '2020-12-23 14:54:39', 1),
(1929, 21, 97, '5fe2f775a4068.jpg', '2020-12-23 14:55:04', 1),
(1930, 21, 83, '5fe2f733393d5.jpeg', '2020-12-23 14:55:22', 1),
(1931, 21, 930, '5fe2f75b8fb0e.jpg', '2020-12-23 14:56:14', 1),
(1932, 1, 930, '5fe2f75b8fb0e.jpg', '2020-12-23 14:56:37', 1),
(1933, 2, 1055, '5fe2f85007e75.jpeg', '2020-12-23 14:57:22', 0),
(1934, 24, 1055, '5fe2f85007e75.jpeg', '2020-12-23 14:57:59', 0),
(1935, 1, 887, '5fe2f87c51fcd.jpg', '2020-12-23 14:58:02', 1),
(1936, 1, 757, '5fe2f880ef05d.jpg', '2020-12-23 14:58:07', 1),
(1937, 20, 887, '5fe2f87c51fcd.jpg', '2020-12-23 14:58:14', 1),
(1938, 13, 1055, '5fe2f85007e75.jpeg', '2020-12-23 14:58:19', 0),
(1939, 1, 705, '5fe2f88b2fba0.jpeg', '2020-12-23 14:58:27', 1),
(1940, 4, 757, '5fe2f880ef05d.jpg', '2020-12-23 14:58:32', 1),
(1941, 21, 887, '5fe2f87c51fcd.jpg', '2020-12-23 14:58:32', 1),
(1942, 5, 1009, '5fe2f6d03575e.jpg', '2020-12-23 14:58:41', 1),
(1943, 10, 705, '5fe2f88b2fba0.jpeg', '2020-12-23 14:58:42', 1),
(1944, 1, 612, '5fe2f8a6bccac.jpg', '2020-12-23 14:58:46', 1),
(1945, 24, 705, '5fe2f88b2fba0.jpeg', '2020-12-23 14:58:51', 1),
(1946, 24, 757, '5fe2f880ef05d.jpg', '2020-12-23 14:58:52', 1),
(1947, 22, 1009, '5fe2f6d03575e.jpg', '2020-12-23 14:59:06', 1),
(1948, 4, 612, '5fe2f8a6bccac.jpg', '2020-12-23 14:59:08', 1),
(1949, 1, 956, '5fe2f8ab9cc4a.jpg', '2020-12-23 14:59:10', 1),
(1950, 22, 612, '5fe2f8a6bccac.jpg', '2020-12-23 14:59:23', 1),
(1951, 6, 956, '5fe2f8ab9cc4a.jpg', '2020-12-23 14:59:52', 1),
(1952, 22, 956, '5fe2f8ab9cc4a.jpg', '2020-12-23 15:00:05', 1),
(1953, 1, 305, '5fe2f8fdc251a.jpeg', '2020-12-23 15:00:15', 1),
(1954, 2, 374, '5fe2820ead35c.jpeg', '2020-12-23 15:00:26', 0),
(1955, 6, 305, '5fe2f8fdc251a.jpeg', '2020-12-23 15:00:34', 1),
(1956, 21, 305, '5fe2f8fdc251a.jpeg', '2020-12-23 15:00:45', 1),
(1957, 3, 374, '5fe2820ead35c.jpeg', '2020-12-23 15:01:09', 0),
(1958, 23, 374, '5fe2820ead35c.jpeg', '2020-12-23 15:01:26', 0),
(1959, 1, 809, '5fe2f9501b087.png', '2020-12-23 15:01:43', 0),
(1960, 1, 1040, '5fe2f96543aa7.jpg', '2020-12-23 15:01:46', 1),
(1961, 2, 348, '5fe2f95dce718.jpg', '2020-12-23 15:01:56', 0),
(1962, 6, 809, '5fe2f9501b087.png', '2020-12-23 15:02:00', 0),
(1963, 6, 1040, '5fe2f96543aa7.jpg', '2020-12-23 15:02:02', 1),
(1964, 21, 1040, '5fe2f96543aa7.jpg', '2020-12-23 15:02:12', 1),
(1965, 17, 348, '5fe2f95dce718.jpg', '2020-12-23 15:02:16', 0),
(1966, 24, 348, '5fe2f95dce718.jpg', '2020-12-23 15:02:30', 0),
(1967, 2, 367, '5fe2f995ec8a7.jpg', '2020-12-23 15:02:40', 1),
(1968, 2, 742, '5fe2dee7b8614.jpg', '2020-12-23 15:02:45', 1),
(1969, 22, 809, '5fe2f9501b087.png', '2020-12-23 15:02:46', 0),
(1970, 22, 742, '5fe2dee7b8614.jpg', '2020-12-23 15:03:11', 1),
(1971, 9, 367, '5fe2f995ec8a7.jpg', '2020-12-23 15:03:16', 1),
(1972, 21, 367, '5fe2f995ec8a7.jpg', '2020-12-23 15:04:10', 1),
(1973, 1, 891, '5fe2f9f4cf117.jpeg', '2020-12-23 15:04:31', 0),
(1974, 1, 407, '5fe2fa11bed7e.jpeg', '2020-12-23 15:04:50', 1),
(1975, 5, 891, '5fe2f9f4cf117.jpeg', '2020-12-23 15:05:09', 0),
(1976, 22, 891, '5fe2f9f4cf117.jpeg', '2020-12-23 15:05:26', 0),
(1977, 6, 407, '5fe2fa11bed7e.jpeg', '2020-12-23 15:05:27', 1),
(1978, 4, 742, '5fe2dee7b8614.jpg', '2020-12-23 15:05:31', 1),
(1979, 1, 1039, '5fe2ec9c8b624.jpg', '2020-12-23 15:05:32', 1),
(1980, 21, 407, '5fe2fa11bed7e.jpeg', '2020-12-23 15:05:43', 1),
(1981, 19, 1039, '5fe2ec9c8b624.jpg', '2020-12-23 15:05:50', 1),
(1982, 2, 420, '5fe2fa6a0b5d9.jpg', '2020-12-23 15:06:16', 1),
(1983, 21, 1039, '5fe2ec9c8b624.jpg', '2020-12-23 15:06:38', 1),
(1984, 1, 34, '5fe2fa83d9726.jpg', '2020-12-23 15:06:45', 1),
(1985, 2, 1049, '5fe2fa4190aca.jpg', '2020-12-23 15:06:47', 1),
(1986, 15, 420, '5fe2fa6a0b5d9.jpg', '2020-12-23 15:07:00', 1),
(1987, 2, 608, '5fe2fa80a17e2.jpg', '2020-12-23 15:07:02', 1),
(1988, 6, 34, '5fe2fa83d9726.jpg', '2020-12-23 15:07:08', 1),
(1989, 25, 420, '5fe2fa6a0b5d9.jpg', '2020-12-23 15:07:11', 1),
(1990, 21, 34, '5fe2fa83d9726.jpg', '2020-12-23 15:07:20', 1),
(1991, 11, 608, '5fe2fa80a17e2.jpg', '2020-12-23 15:07:21', 1),
(1992, 12, 1049, '5fe2fa4190aca.jpg', '2020-12-23 15:07:24', 1),
(1993, 24, 608, '5fe2fa80a17e2.jpg', '2020-12-23 15:07:41', 1),
(1994, 23, 1049, '5fe2fa4190aca.jpg', '2020-12-23 15:07:58', 1),
(1995, 1, 119, '5fe2faf2a6876.jpeg', '2020-12-23 15:08:35', 0),
(1996, 2, 595, '5fe2db5705845.jpg', '2020-12-23 15:09:42', 1),
(1997, 3, 119, '5fe2faf2a6876.jpeg', '2020-12-23 15:10:06', 0),
(1998, 1, 578, '5fe2fb4b565f4.jpeg', '2020-12-23 15:10:12', 1),
(1999, 24, 595, '5fe2db5705845.jpg', '2020-12-23 15:10:20', 1),
(2000, 21, 119, '5fe2faf2a6876.jpeg', '2020-12-23 15:10:27', 0),
(2001, 1, 735, '5fe2fb5e04436.jpg', '2020-12-23 15:10:38', 1),
(2002, 4, 578, '5fe2fb4b565f4.jpeg', '2020-12-23 15:11:11', 1),
(2003, 4, 735, '5fe2fb5e04436.jpg', '2020-12-23 15:11:20', 1),
(2004, 22, 578, '5fe2fb4b565f4.jpeg', '2020-12-23 15:11:38', 1),
(2005, 22, 735, '5fe2fb5e04436.jpg', '2020-12-23 15:11:49', 1),
(2006, 1, 1046, '5fe2fbf776e2a.jpg', '2020-12-23 15:12:55', 1),
(2007, 2, 436, '5fe2fc0643c78.jpeg', '2020-12-23 15:13:01', 1),
(2008, 5, 1046, '5fe2fbf776e2a.jpg', '2020-12-23 15:13:13', 1),
(2009, 8, 436, '5fe2fc0643c78.jpeg', '2020-12-23 15:13:14', 1),
(2010, 23, 436, '5fe2fc0643c78.jpeg', '2020-12-23 15:13:24', 1),
(2011, 21, 1046, '5fe2fbf776e2a.jpg', '2020-12-23 15:13:32', 1),
(2012, 1, 1081, '5fe2fc4459716.jpeg', '2020-12-23 15:14:07', 1),
(2013, 2, 697, '5fe2fc75c77f8.jpeg', '2020-12-23 15:15:08', 1),
(2014, 4, 697, '5fe2fc75c77f8.jpeg', '2020-12-23 15:15:26', 1),
(2015, 1, 634, '5fe2fc802ba5b.jpg', '2020-12-23 15:15:30', 1),
(2016, 1, 314, '5fe2fc72927cc.jpg', '2020-12-23 15:15:36', 0),
(2017, 1, 467, '5fe2fc906249f.jpg', '2020-12-23 15:15:37', 1),
(2018, 24, 697, '5fe2fc75c77f8.jpeg', '2020-12-23 15:15:42', 1),
(2019, 12, 1081, '5fe2fc4459716.jpeg', '2020-12-23 15:15:54', 1),
(2020, 4, 467, '5fe2fc906249f.jpg', '2020-12-23 15:15:59', 1),
(2021, 1, 180, '5fe2fcb94a5d8.jpeg', '2020-12-23 15:16:03', 1),
(2022, 16, 314, '5fe2fc72927cc.jpg', '2020-12-23 15:16:04', 0),
(2023, 24, 1081, '5fe2fc4459716.jpeg', '2020-12-23 15:16:09', 1),
(2024, 21, 467, '5fe2fc906249f.jpg', '2020-12-23 15:16:10', 1),
(2025, 21, 314, '5fe2fc72927cc.jpg', '2020-12-23 15:16:29', 0),
(2026, 1, 442, '5fe2fcc779164.jpg', '2020-12-23 15:16:30', 1),
(2027, 6, 180, '5fe2fcb94a5d8.jpeg', '2020-12-23 15:16:37', 1),
(2028, 21, 180, '5fe2fcb94a5d8.jpeg', '2020-12-23 15:16:49', 1),
(2029, 6, 442, '5fe2fcc779164.jpg', '2020-12-23 15:17:10', 1),
(2030, 5, 634, '5fe2fc802ba5b.jpg', '2020-12-23 15:17:17', 1),
(2031, 21, 442, '5fe2fcc779164.jpg', '2020-12-23 15:17:19', 1),
(2032, 19, 1056, '5fe2d889245a8.jpg', '2020-12-23 15:17:30', 1),
(2033, 24, 634, '5fe2fc802ba5b.jpg', '2020-12-23 15:17:44', 1),
(2034, 25, 1056, '5fe2d889245a8.jpg', '2020-12-23 15:18:26', 1),
(2035, 1, 844, '5fe2fd4b661c8.jpg', '2020-12-23 15:18:30', 1),
(2036, 1, 1056, '5fe2d889245a8.jpg', '2020-12-23 15:18:39', 1),
(2037, 19, 844, '5fe2fd4b661c8.jpg', '2020-12-23 15:18:52', 1),
(2038, 21, 844, '5fe2fd4b661c8.jpg', '2020-12-23 15:19:07', 1),
(2039, 4, 793, '5fe2fd7ca7648.jpeg', '2020-12-23 15:19:38', 1),
(2040, 24, 793, '5fe2fd7ca7648.jpeg', '2020-12-23 15:19:49', 1),
(2041, 1, 666, '5fe2fd868360d.jpg', '2020-12-23 15:20:17', 1),
(2042, 2, 306, '5fe2fdcaa5782.jpeg', '2020-12-23 15:20:40', 1),
(2043, 2, 903, '5fe2fd99512a1.jpg', '2020-12-23 15:20:57', 1),
(2044, 11, 666, '5fe2fd868360d.jpg', '2020-12-23 15:21:28', 1),
(2045, 1, 1071, '5fe2fe0287906.jpeg', '2020-12-23 15:21:33', 1),
(2046, 1, 1045, '5fe2fe039ae79.jpeg', '2020-12-23 15:21:51', 1),
(2047, 6, 1071, '5fe2fe0287906.jpeg', '2020-12-23 15:21:54', 1),
(2048, 2, 225, '5fe2fde478282.jpg', '2020-12-23 15:21:59', 1),
(2049, 21, 666, '5fe2fd868360d.jpg', '2020-12-23 15:22:00', 1),
(2050, 11, 306, '5fe2fdcaa5782.jpeg', '2020-12-23 15:22:05', 1),
(2051, 19, 1045, '5fe2fe039ae79.jpeg', '2020-12-23 15:22:16', 1),
(2052, 21, 1071, '5fe2fe0287906.jpeg', '2020-12-23 15:22:17', 1),
(2053, 24, 306, '5fe2fdcaa5782.jpeg', '2020-12-23 15:22:27', 1),
(2054, 1, 343, '5fe2fe49e62f1.jpg', '2020-12-23 15:22:42', 1),
(2055, 8, 225, '5fe2fde478282.jpg', '2020-12-23 15:22:52', 1),
(2056, 21, 1045, '5fe2fe039ae79.jpeg', '2020-12-23 15:22:58', 1),
(2057, 1, 303, '5fe2fe4d23c10.jpg', '2020-12-23 15:22:59', 0),
(2058, 12, 903, '5fe2fd99512a1.jpg', '2020-12-23 15:23:03', 1),
(2059, 23, 225, '5fe2fde478282.jpg', '2020-12-23 15:23:12', 1),
(2060, 6, 303, '5fe2fe4d23c10.jpg', '2020-12-23 15:23:14', 0),
(2061, 1, 237, '5fe2fe713512e.jpg', '2020-12-23 15:23:22', 1),
(2062, 21, 303, '5fe2fe4d23c10.jpg', '2020-12-23 15:23:27', 0),
(2063, 1, 1036, '5fe2fe6d6ebdf.jpg', '2020-12-23 15:23:28', 1),
(2064, 6, 237, '5fe2fe713512e.jpg', '2020-12-23 15:23:32', 1),
(2065, 23, 903, '5fe2fd99512a1.jpg', '2020-12-23 15:23:37', 1),
(2066, 2, 758, '5fe2fe7b10078.jpg', '2020-12-23 15:23:38', 1),
(2067, 1, 1084, '5fe2fe7c93fc1.jpg', '2020-12-23 15:23:41', 1),
(2068, 21, 237, '5fe2fe713512e.jpg', '2020-12-23 15:23:44', 1),
(2069, 1, 285, '5fe2fe8d4827e.jpeg', '2020-12-23 15:23:52', 1),
(2070, 9, 758, '5fe2fe7b10078.jpg', '2020-12-23 15:23:52', 1),
(2071, 6, 1084, '5fe2fe7c93fc1.jpg', '2020-12-23 15:23:55', 1),
(2072, 22, 343, '5fe2fe49e62f1.jpg', '2020-12-23 15:23:57', 1),
(2073, 1, 288, '5fe2fe760a365.jpeg', '2020-12-23 15:24:02', 0),
(2074, 24, 758, '5fe2fe7b10078.jpg', '2020-12-23 15:24:07', 1),
(2075, 6, 1036, '5fe2fe6d6ebdf.jpg', '2020-12-23 15:24:08', 1),
(2076, 6, 462, '5fe2a8fc06dc5.jpeg', '2020-12-23 15:24:13', 0),
(2077, 21, 1084, '5fe2fe7c93fc1.jpg', '2020-12-23 15:24:13', 1),
(2078, 21, 1036, '5fe2fe6d6ebdf.jpg', '2020-12-23 15:24:22', 1),
(2079, 22, 462, '5fe2a8fc06dc5.jpeg', '2020-12-23 15:24:33', 0),
(2080, 6, 285, '5fe2fe8d4827e.jpeg', '2020-12-23 15:24:38', 1),
(2081, 4, 288, '5fe2fe760a365.jpeg', '2020-12-23 15:24:39', 0),
(2082, 1, 998, '5fe2fe98b4be0.jpg', '2020-12-23 15:24:43', 1),
(2083, 1, 811, '5fe2fec580d4e.jpg', '2020-12-23 15:24:47', 1),
(2084, 24, 285, '5fe2fe8d4827e.jpeg', '2020-12-23 15:24:49', 1),
(2085, 18, 811, '5fe2fec580d4e.jpg', '2020-12-23 15:25:00', 1),
(2086, 6, 998, '5fe2fe98b4be0.jpg', '2020-12-23 15:25:08', 1),
(2087, 21, 288, '5fe2fe760a365.jpeg', '2020-12-23 15:25:19', 0),
(2088, 24, 998, '5fe2fe98b4be0.jpg', '2020-12-23 15:25:37', 1),
(2089, 21, 811, '5fe2fec580d4e.jpg', '2020-12-23 15:25:48', 1),
(2090, 2, 1061, '5fe2ff09bf64d.jpg', '2020-12-23 15:25:55', 1),
(2091, 13, 1061, '5fe2ff09bf64d.jpg', '2020-12-23 15:26:11', 1),
(2092, 1, 160, '5fe2ff10ce75c.jpg', '2020-12-23 15:26:14', 1),
(2093, 24, 1061, '5fe2ff09bf64d.jpg', '2020-12-23 15:26:21', 1),
(2094, 1, 900, '5fe2ff122c66f.jpg', '2020-12-23 15:26:34', 1),
(2095, 6, 160, '5fe2ff10ce75c.jpg', '2020-12-23 15:27:21', 1),
(2096, 21, 160, '5fe2ff10ce75c.jpg', '2020-12-23 15:27:42', 1),
(2097, 3, 900, '5fe2ff122c66f.jpg', '2020-12-23 15:29:55', 1),
(2098, 1, 656, '5fe2ffec0723a.jpg', '2020-12-23 15:29:59', 1),
(2099, 16, 382, '5fe2ff86e8679.jpeg', '2020-12-23 15:30:24', 1),
(2100, 21, 900, '5fe2ff122c66f.jpg', '2020-12-23 15:30:29', 1),
(2101, 1, 351, '5fe3003e00ace.jpeg', '2020-12-23 15:31:02', 1),
(2102, 6, 351, '5fe3003e00ace.jpeg', '2020-12-23 15:31:14', 1),
(2103, 5, 656, '5fe2ffec0723a.jpg', '2020-12-23 15:31:22', 1),
(2104, 2, 938, '5fe3003e8b7a4.jpeg', '2020-12-23 15:31:24', 0),
(2105, 21, 351, '5fe3003e00ace.jpeg', '2020-12-23 15:31:25', 1),
(2106, 6, 938, '5fe3003e8b7a4.jpeg', '2020-12-23 15:31:39', 0),
(2107, 21, 656, '5fe2ffec0723a.jpg', '2020-12-23 15:31:41', 1),
(2108, 1, 66, '5fe3006e54327.jpeg', '2020-12-23 15:31:56', 1),
(2109, 22, 938, '5fe3003e8b7a4.jpeg', '2020-12-23 15:32:05', 0),
(2110, 8, 66, '5fe3006e54327.jpeg', '2020-12-23 15:32:18', 1),
(2111, 21, 66, '5fe3006e54327.jpeg', '2020-12-23 15:32:36', 1),
(2112, 1, 939, '5fe300972f66a.jpg', '2020-12-23 15:32:47', 1),
(2113, 1, 318, '5fe300690940a.jpeg', '2020-12-23 15:33:14', 1),
(2114, 1, 190, '5fe300c5a61cb.jpg', '2020-12-23 15:33:21', 1),
(2115, 6, 190, '5fe300c5a61cb.jpg', '2020-12-23 15:33:55', 1),
(2116, 20, 939, '5fe300972f66a.jpg', '2020-12-23 15:33:56', 1),
(2117, 2, 404, '5fe300b16eb47.jpg', '2020-12-23 15:33:58', 1),
(2118, 21, 939, '5fe300972f66a.jpg', '2020-12-23 15:34:15', 1),
(2119, 1, 788, '5fe300d27d99f.jpeg', '2020-12-23 15:34:23', 1),
(2120, 7, 404, '5fe300b16eb47.jpg', '2020-12-23 15:34:26', 1),
(2121, 21, 190, '5fe300c5a61cb.jpg', '2020-12-23 15:34:34', 1),
(2122, 23, 404, '5fe300b16eb47.jpg', '2020-12-23 15:34:41', 1),
(2123, 7, 318, '5fe300690940a.jpeg', '2020-12-23 15:34:55', 1),
(2124, 2, 784, '5fe2ff93a3797.jpg', '2020-12-23 15:35:02', 1),
(2125, 2, 839, '5fe3012ae213e.jpeg', '2020-12-23 15:35:06', 1),
(2126, 1, 1031, '5fe3012cbac93.jpg', '2020-12-23 15:35:11', 1),
(2127, 25, 318, '5fe300690940a.jpeg', '2020-12-23 15:35:17', 1),
(2128, 6, 839, '5fe3012ae213e.jpeg', '2020-12-23 15:35:23', 1),
(2129, 4, 625, '5fe300e85428a.JPG', '2020-12-23 15:35:24', 1),
(2130, 2, 103, '5fe3013e8a2ab.jpg', '2020-12-23 15:35:30', 1),
(2131, 24, 839, '5fe3012ae213e.jpeg', '2020-12-23 15:35:45', 1),
(2132, 3, 103, '5fe3013e8a2ab.jpg', '2020-12-23 15:35:50', 1),
(2133, 24, 625, '5fe300e85428a.JPG', '2020-12-23 15:36:02', 1),
(2134, 25, 103, '5fe3013e8a2ab.jpg', '2020-12-23 15:36:06', 1),
(2135, 6, 1031, '5fe3012cbac93.jpg', '2020-12-23 15:36:09', 1),
(2136, 21, 1031, '5fe3012cbac93.jpg', '2020-12-23 15:36:25', 1),
(2137, 1, 625, '5fe300e85428a.JPG', '2020-12-23 15:36:30', 1),
(2138, 2, 793, '5fe2fd7ca7648.jpeg', '2020-12-23 15:36:37', 1),
(2139, 4, 784, '5fe2ff93a3797.jpg', '2020-12-23 15:36:51', 1),
(2140, 1, 320, '5fe3019619d21.jpg', '2020-12-23 15:37:06', 1),
(2141, 22, 784, '5fe2ff93a3797.jpg', '2020-12-23 15:37:23', 1),
(2142, 8, 320, '5fe3019619d21.jpg', '2020-12-23 15:37:46', 1),
(2143, 1, 291, '5fe301d8b2585.jpg', '2020-12-23 15:38:00', 1),
(2144, 23, 320, '5fe3019619d21.jpg', '2020-12-23 15:38:13', 1),
(2145, 4, 291, '5fe301d8b2585.jpg', '2020-12-23 15:38:27', 1),
(2146, 1, 826, '5fe302028edc3.jpeg', '2020-12-23 15:38:36', 1),
(2147, 22, 291, '5fe301d8b2585.jpg', '2020-12-23 15:38:45', 1),
(2148, 18, 826, '5fe302028edc3.jpeg', '2020-12-23 15:38:53', 1),
(2149, 21, 826, '5fe302028edc3.jpeg', '2020-12-23 15:39:13', 1),
(2150, 1, 89, '5fe30244df05e.jpeg', '2020-12-23 15:39:47', 0),
(2151, 5, 89, '5fe30244df05e.jpeg', '2020-12-23 15:40:09', 0),
(2152, 1, 40, '5fe30262b07e0.jpg', '2020-12-23 15:40:20', 0),
(2153, 21, 89, '5fe30244df05e.jpeg', '2020-12-23 15:40:20', 0),
(2154, 1, 250, '5fe3026abd206.jpeg', '2020-12-23 15:40:53', 0),
(2155, 4, 40, '5fe30262b07e0.jpg', '2020-12-23 15:41:10', 0),
(2156, 22, 40, '5fe30262b07e0.jpg', '2020-12-23 15:41:35', 0),
(2157, 17, 250, '5fe3026abd206.jpeg', '2020-12-23 15:41:48', 0),
(2158, 24, 250, '5fe3026abd206.jpeg', '2020-12-23 15:42:22', 0),
(2159, 21, 157, '5fe30303884d1.jpeg', '2020-12-23 15:43:40', 1),
(2160, 22, 788, '5fe300d27d99f.jpeg', '2020-12-23 15:44:42', 1),
(2161, 9, 788, '5fe300d27d99f.jpeg', '2020-12-23 15:44:52', 1),
(2162, 2, 1003, '5fe303894af8a.jpg', '2020-12-23 15:45:43', 1),
(2163, 19, 1003, '5fe303894af8a.jpg', '2020-12-23 15:46:05', 1),
(2164, 2, 142, '5fe303b9d5863.jpg', '2020-12-23 15:46:06', 1),
(2165, 8, 142, '5fe303b9d5863.jpg', '2020-12-23 15:46:29', 1),
(2166, 23, 142, '5fe303b9d5863.jpg', '2020-12-23 15:46:39', 1),
(2167, 2, 147, '5fe2f28483f6c.jpeg', '2020-12-23 15:46:42', 0),
(2168, 1, 734, '5fe303e961480.jpg', '2020-12-23 15:46:59', 1),
(2169, 2, 267, '5fe303e1a2eed.jpg', '2020-12-23 15:47:03', 0),
(2170, 3, 147, '5fe2f28483f6c.jpeg', '2020-12-23 15:47:07', 1),
(2171, 1, 58, '5fe30402a101c.jpeg', '2020-12-23 15:47:12', 1),
(2172, 6, 58, '5fe30402a101c.jpeg', '2020-12-23 15:47:45', 1),
(2173, 1, 145, '5fe3042403999.jpeg', '2020-12-23 15:47:48', 1),
(2174, 4, 734, '5fe303e961480.jpg', '2020-12-23 15:47:53', 1),
(2175, 13, 267, '5fe303e1a2eed.jpg', '2020-12-23 15:47:57', 0),
(2176, 21, 58, '5fe30402a101c.jpeg', '2020-12-23 15:48:00', 1),
(2177, 4, 145, '5fe3042403999.jpeg', '2020-12-23 15:48:04', 1),
(2178, 24, 145, '5fe3042403999.jpeg', '2020-12-23 15:48:20', 1),
(2179, 24, 734, '5fe303e961480.jpg', '2020-12-23 15:48:23', 1),
(2180, 25, 267, '5fe303e1a2eed.jpg', '2020-12-23 15:48:25', 0),
(2181, 24, 1003, '5fe303894af8a.jpg', '2020-12-23 15:48:27', 1),
(2182, 21, 147, '5fe2f28483f6c.jpeg', '2020-12-23 15:48:56', 0),
(2183, 1, 153, '5fe3048c45a6c.jpg', '2020-12-23 15:49:28', 0),
(2184, 1, 879, '5fe30492a2c76.jpg', '2020-12-23 15:49:33', 1),
(2185, 1, 390, '5fe30482de7cb.jpg', '2020-12-23 15:49:36', 0),
(2186, 6, 879, '5fe30492a2c76.jpg', '2020-12-23 15:49:49', 1),
(2187, 21, 879, '5fe30492a2c76.jpg', '2020-12-23 15:50:12', 1),
(2188, 1, 373, '5fe304cc844f6.jpeg', '2020-12-23 15:50:29', 1),
(2189, 4, 153, '5fe3048c45a6c.jpg', '2020-12-23 15:50:34', 0),
(2190, 20, 373, '5fe304cc844f6.jpeg', '2020-12-23 15:50:50', 1),
(2191, 2, 551, '5fe304a12f00a.jpg', '2020-12-23 15:50:53', 1),
(2192, 3, 390, '5fe30482de7cb.jpg', '2020-12-23 15:50:56', 0),
(2193, 21, 153, '5fe3048c45a6c.jpg', '2020-12-23 15:50:56', 0),
(2194, 21, 373, '5fe304cc844f6.jpeg', '2020-12-23 15:50:59', 1),
(2195, 1, 173, '5fe304e1ba41f.png', '2020-12-23 15:51:05', 0),
(2196, 6, 173, '5fe304e1ba41f.png', '2020-12-23 15:51:27', 0),
(2197, 23, 390, '5fe30482de7cb.jpg', '2020-12-23 15:51:30', 0),
(2198, 21, 173, '5fe304e1ba41f.png', '2020-12-23 15:51:37', 0),
(2199, 4, 551, '5fe304a12f00a.jpg', '2020-12-23 15:52:22', 1),
(2200, 24, 551, '5fe304a12f00a.jpg', '2020-12-23 15:52:42', 1),
(2201, 1, 663, '5fe2d1d6e2443.jpeg', '2020-12-23 15:54:04', 1),
(2202, 4, 663, '5fe2d1d6e2443.jpeg', '2020-12-23 15:54:16', 1),
(2203, 24, 663, '5fe2d1d6e2443.jpeg', '2020-12-23 15:54:26', 1),
(2204, 1, 652, '5fe305ba6d46e.jpg', '2020-12-23 15:54:40', 1),
(2205, 1, 868, '5fe305d85207c.jpg', '2020-12-23 15:54:58', 1),
(2206, 6, 868, '5fe305d85207c.jpg', '2020-12-23 15:55:14', 1),
(2207, 1, 984, '5fe305d16cd04.jpeg', '2020-12-23 15:55:15', 1),
(2208, 21, 868, '5fe305d85207c.jpg', '2020-12-23 15:55:34', 1),
(2209, 4, 652, '5fe305ba6d46e.jpg', '2020-12-23 15:55:39', 1),
(2210, 13, 984, '5fe305d16cd04.jpeg', '2020-12-23 15:55:40', 1),
(2211, 1, 863, '5fe3060bd46e7.jpg', '2020-12-23 15:55:52', 1),
(2212, 1, 937, '5fe3060a34ac8.jpg', '2020-12-23 15:55:57', 1),
(2213, 1, 872, '5fe30613ab7ea.JPG', '2020-12-23 15:55:58', 0),
(2214, 22, 652, '5fe305ba6d46e.jpg', '2020-12-23 15:56:02', 1),
(2215, 21, 984, '5fe305d16cd04.jpeg', '2020-12-23 15:56:10', 1),
(2216, 19, 863, '5fe3060bd46e7.jpg', '2020-12-23 15:56:11', 1),
(2217, 1, 174, '5fe30627ba0dc.jpg', '2020-12-23 15:56:13', 1),
(2218, 5, 872, '5fe30613ab7ea.JPG', '2020-12-23 15:56:22', 0),
(2219, 18, 937, '5fe3060a34ac8.jpg', '2020-12-23 15:56:27', 1),
(2220, 23, 863, '5fe3060bd46e7.jpg', '2020-12-23 15:56:35', 1),
(2221, 4, 174, '5fe30627ba0dc.jpg', '2020-12-23 15:56:35', 1),
(2222, 21, 872, '5fe30613ab7ea.JPG', '2020-12-23 15:56:36', 0),
(2223, 2, 466, '5fe301fc0d12c.jpeg', '2020-12-23 15:56:39', 1),
(2224, 22, 937, '5fe3060a34ac8.jpg', '2020-12-23 15:56:47', 1),
(2225, 21, 174, '5fe30627ba0dc.jpg', '2020-12-23 15:56:52', 1),
(2226, 2, 559, '5fe3065f6ee82.jpeg', '2020-12-23 15:57:11', 1),
(2227, 1, 163, '5fe30664b005a.jpeg', '2020-12-23 15:57:18', 0),
(2228, 4, 559, '5fe3065f6ee82.jpeg', '2020-12-23 15:57:22', 1),
(2229, 6, 163, '5fe30664b005a.jpeg', '2020-12-23 15:57:31', 0),
(2230, 24, 559, '5fe3065f6ee82.jpeg', '2020-12-23 15:57:34', 1),
(2231, 21, 163, '5fe30664b005a.jpeg', '2020-12-23 15:57:40', 0),
(2232, 2, 394, '5fe306920b02a.jpeg', '2020-12-23 15:58:00', 1),
(2233, 3, 394, '5fe306920b02a.jpeg', '2020-12-23 15:58:07', 1),
(2234, 25, 394, '5fe306920b02a.jpeg', '2020-12-23 15:58:20', 1),
(2235, 1, 851, '5fe306b3d7e4c.jpg', '2020-12-23 15:58:42', 1),
(2236, 18, 851, '5fe306b3d7e4c.jpg', '2020-12-23 15:58:58', 1),
(2237, 6, 157, '5fe30303884d1.jpeg', '2020-12-23 15:59:17', 1),
(2238, 22, 851, '5fe306b3d7e4c.jpg', '2020-12-23 15:59:24', 1),
(2239, 1, 157, '5fe30303884d1.jpeg', '2020-12-23 15:59:25', 1),
(2240, 1, 272, '5fe30700e0229.jpg', '2020-12-23 16:00:21', 0),
(2241, 17, 466, '5fe301fc0d12c.jpeg', '2020-12-23 16:08:29', 1);

-- --------------------------------------------------------

--
-- Table structure for table `member`
--

CREATE TABLE `member` (
  `member_id` int(11) NOT NULL,
  `candidate_id` int(11) NOT NULL,
  `party_id` int(11) NOT NULL
) ENGINE=InnoDB DEFAULT CHARSET=utf8mb4;

--
-- Dumping data for table `member`
--

INSERT INTO `member` (`member_id`, `candidate_id`, `party_id`) VALUES
(5, 3, 1),
(6, 4, 1),
(7, 5, 1),
(8, 6, 1),
(9, 7, 2),
(10, 8, 2),
(11, 9, 2),
(12, 10, 2),
(13, 11, 2),
(14, 12, 2),
(15, 13, 2),
(16, 14, 3),
(20, 18, 4),
(21, 19, 4),
(22, 20, 4),
(23, 21, 1),
(24, 22, 1),
(25, 23, 2),
(26, 24, 2),
(27, 25, 3),
(28, 15, 3),
(29, 16, 3),
(30, 17, 3),
(31, 26, 3),
(32, 1, 1),
(33, 1, 3),
(34, 1, 4),
(35, 2, 2);

-- --------------------------------------------------------

--
-- Table structure for table `party`
--

CREATE TABLE `party` (
  `party_id` int(11) NOT NULL,
  `name` varchar(255) DEFAULT NULL,
  `photo` varchar(255) DEFAULT NULL,
  `is_active` tinyint(1) DEFAULT NULL
) ENGINE=InnoDB DEFAULT CHARSET=utf8mb4;

--
-- Dumping data for table `party`
--

INSERT INTO `party` (`party_id`, `name`, `photo`, `is_active`) VALUES
(1, 'Partai Demokrasi Antar Mahasiswa', '5fe0198c613be.jpg', 1),
(2, 'Partai Kesatuan Aspirasi Mahasiswa', '5fe019b272e5e.jpg', 1),
(3, 'Partai Kebangkitan Pergerakan Mahasiswa', '5fe019cb7e8d3.jpg', 1),
(4, 'Partai Muda Bersatu', '5fe019fe76b04.jpg', 1);

-- --------------------------------------------------------

--
-- Stand-in structure for view `view_election`
-- (See below for the actual view)
--
CREATE TABLE `view_election` (
`election_id` int(11)
,`attachment` varchar(255)
,`create_at` timestamp
,`election_status` tinyint(1)
,`voter_id` int(11)
,`name` varchar(255)
,`email` varchar(255)
,`candidate_id` int(11)
,`voting_id` int(11)
);

-- --------------------------------------------------------

--
-- Stand-in structure for view `view_member`
-- (See below for the actual view)
--
CREATE TABLE `view_member` (
`member_id` int(11)
,`party_id` int(11)
,`party_name` varchar(255)
,`party_photo` varchar(255)
,`candidate_id` int(11)
,`voting_id` int(11)
,`candidate_name` varchar(255)
,`candidate_photo` varchar(255)
,`number` tinyint(3)
,`is_active` tinyint(1)
);

-- --------------------------------------------------------

--
-- Stand-in structure for view `view_recapitulation_candidate`
-- (See below for the actual view)
--
CREATE TABLE `view_recapitulation_candidate` (
`election_id` int(11)
,`candidate_id` int(11)
,`candidate_name` varchar(255)
,`election_total` bigint(21)
,`voting_id` int(11)
);

-- --------------------------------------------------------

--
-- Stand-in structure for view `view_recapitulation_candidate_sah`
-- (See below for the actual view)
--
CREATE TABLE `view_recapitulation_candidate_sah` (
`election_id` int(11)
,`candidate_id` int(11)
,`election_sah` bigint(21)
,`voting_id` int(11)
);

-- --------------------------------------------------------

--
-- Stand-in structure for view `view_recapitulation_candidate_tidak_sah`
-- (See below for the actual view)
--
CREATE TABLE `view_recapitulation_candidate_tidak_sah` (
`election_id` int(11)
,`candidate_id` int(11)
,`election_tidak_sah` bigint(21)
,`voting_id` int(11)
);

-- --------------------------------------------------------

--
-- Stand-in structure for view `view_recapitulation_party`
-- (See below for the actual view)
--
CREATE TABLE `view_recapitulation_party` (
`election_id` int(11)
,`candidate_id` int(11)
,`voting_id` int(11)
,`member_id` int(11)
,`party_id` int(11)
,`party_name` varchar(255)
,`party_photo` varchar(255)
,`election_total` bigint(21)
);

-- --------------------------------------------------------

--
-- Stand-in structure for view `view_recapitulation_party_sah`
-- (See below for the actual view)
--
CREATE TABLE `view_recapitulation_party_sah` (
`election_id` int(11)
,`candidate_id` int(11)
,`voting_id` int(11)
,`member_id` int(11)
,`party_id` int(11)
,`election_sah` bigint(21)
);

-- --------------------------------------------------------

--
-- Stand-in structure for view `view_recapitulation_party_tidak_sah`
-- (See below for the actual view)
--
CREATE TABLE `view_recapitulation_party_tidak_sah` (
`election_id` int(11)
,`candidate_id` int(11)
,`voting_id` int(11)
,`member_id` int(11)
,`party_id` int(11)
,`election_tidak_sah` bigint(21)
);

-- --------------------------------------------------------

--
-- Table structure for table `voter`
--

CREATE TABLE `voter` (
  `voter_id` int(11) NOT NULL,
  `name` varchar(255) NOT NULL,
  `email` varchar(255) NOT NULL,
  `password` varchar(60) NOT NULL,
  `attachment` varchar(255) NOT NULL,
  `send_status` tinyint(1) NOT NULL,
  `is_active` tinyint(1) NOT NULL DEFAULT '1'
) ENGINE=InnoDB DEFAULT CHARSET=utf8mb4;

--
-- Dumping data for table `voter`
--

INSERT INTO `voter` (`voter_id`, `name`, `email`, `password`, `attachment`, `send_status`, `is_active`) VALUES
(1, 'Rendyyaditya@gmail.com', 'rendy.aditya.wahono-2014@fh.unair.ac.id', '$2y$10$byP5VbXDB/1Yq3v8DoVhBOnTb230lIfqAp9GQQLeyRi98HhbRRTxC', '5fe2e6051940b.jpg', 1, 1),
(2, '', 'dhaniswara.setya.pratama-2014@fh.unair.ac.id', '', '', 1, 1),
(3, '', 'renzy.firnendya.prilihandini-2014@fh.unair.ac.id', '', '', 1, 1),
(4, '', 'darryl.maulana.junior-2014@fh.unair.ac.id', '', '', 1, 1),
(5, '', 'arum.fitrah.purboningrum-2014@fh.unair.ac.id', '', '', 1, 1),
(6, 'wahyu arie setiawan', 'wahyu.arie.setiawan-2014@fh.unair.ac.id', '$2y$10$NFSNQCym1v.9vge8XdINhecIfNR4hlOoKy1dlmYE6CFpBk6UguqkS', '5fe2f2396a598.jpeg', 1, 1),
(7, 'Insan Maulana Furqon', 'insan.maulana.furqon-2014@fh.unair.ac.id', '$2y$10$F3R10TgmCXltkNuht.AW/uqX2vfOThR6Mft9nx3/O09r9IxIgmqg6', '5fe2b2329084b.jpg', 1, 1),
(8, '', 'satriagung.caesar.wijaya-2014@fh.unair.ac.id', '', '', 1, 1),
(9, '', 'farid.nur.rasyidi-2014@fh.unair.ac.id', '', '', 1, 1),
(10, '', 'samuel.partogi.m-2014@fh.unair.ac.id', '', '', 1, 1),
(11, '', 'suherman.saputra-2014@fh.unair.ac.id', '', '', 1, 1),
(12, '', 'luis.indarjaya-2014@fh.unair.ac.id', '', '', 1, 1),
(13, '', 'ivandita.satrio.h-2014@fh.unair.ac.id', '', '', 1, 1),
(14, 'Rizky Akhmad H.', 'rizky.akhmad.harhary-2015@fh.unair.ac.id', '$2y$10$NKSUHik27NvN36TZ7VRfZOlHi5auiopf7a2q1pcWeSXuqtABB8IAe', '', 1, 1),
(15, '', 'm.rusdiyansah-2015@fh.unair.ac.id', '', '', 1, 1),
(16, '', 'muchammad.rais.izzaturrachman-2015@fh.unair.ac.id', '', '', 1, 1),
(17, '', 'ari.riski.harianto-2015@fh.unair.ac.id', '', '', 1, 1),
(18, 'rahmat harawan', 'rahmat.harawan-2015@fh.unair.ac.id', '$2y$10$BAwEVTfv3y0JQ7VBMA0Lsu64qV5/4blxLURLczxplPApvIMJEBFti', '5fe2f08042bae.jpeg', 1, 1),
(19, '', 'grandnanda.revy.pratama-2015@fh.unair.ac.id', '', '', 1, 1),
(20, 'Widiananto nanda prasetya', 'widiananto.nanda.prasetya-2015@fh.unair.ac.id', '$2y$10$cPMEk7x0HCECd/MR2BAv8OKsVHQuECqpZSMjsavL3P19tfOepfz5O', '5fe2e018ef9b8.jpg', 1, 1),
(21, '', 'adyarga.satria.akbari-2015@fh.unair.ac.id', '', '', 1, 1),
(22, '', 'ahmad.hadi.wijaya-2015@fh.unair.ac.id', '', '', 1, 1),
(23, '', 'dewa.bagus.bagas-2015@fh.unair.ac.id', '', '', 1, 1),
(24, '', 'arviana.madella-2015@fh.unair.ac.id', '', '', 1, 1),
(25, '', 'nanda.lanang.s.y-2015@fh.unair.ac.id', '', '', 1, 1),
(26, '', 'tri.setyowati-2015@fh.unair.ac.id', '', '', 1, 1),
(27, '', 'bayu.fajar.satria-2015@fh.unair.ac.id', '', '', 1, 1),
(28, 'Muhamad Reza Adjie Prayogo', 'muhamad.reza.adjie-2015@fh.unair.ac.id', '$2y$10$M1tAC7e5A26BtxVhOWGsJOltvgkrojfy1nHBt79ij8S1jSAVmczsK', '5fe2d29d579a3.jpg', 0, 1),
(29, '', 'dewi.aisyah-2016@fh.unair.ac.id', '', '', 1, 1),
(30, '', 'nurul.al.fiani-2016@fh.unair.ac.id', '', '', 1, 1),
(31, '', 'vena.safira.adelita-2016@fh.unair.ac.id', '', '', 1, 1),
(32, '', 'wafa.yusdheaputra-2016@fh.unair.ac.id', '', '', 1, 1),
(33, '', 'riefani.rachman.fitrahamdy-2016@fh.unair.ac.id', '', '', 1, 1),
(34, 'Putera Wahyu Reswara', 'putera.wahyu.reswara-2016@fh.unair.ac.id', '$2y$10$Snn/zitg5oE/EEi/egJXFeDkKtZvWc3ZGEzU4C3AhvEwcOQw2/8KK', '5fe2fa83d9726.jpg', 1, 1),
(35, '', 'viky.albaihaki.ahmad-2016@fh.unair.ac.id', '', '', 1, 1),
(36, '', 'rizky.hanan.atmapradipta-2016@fh.unair.ac.id', '', '', 1, 1),
(37, 'Yanuar Ika S', 'yanuar.ika.safitri-2016@fh.unair.ac.id', '$2y$10$kfjPHqlWbqZYeK9/TXDOFenhvVZgiVJzn8XxFiRyc7GU7maDRqPC2', '5fe2b5a09508c.jpg', 1, 1),
(38, '', 'alya.cahya.hapsari-2016@fh.unair.ac.id', '', '', 1, 1),
(39, '', 'bagus.ramadhan-2016@fh.unair.ac.id', '', '', 1, 1),
(40, 'Claudio aditya', 'claudio.aditya-2016@fh.unair.ac.id', '$2y$10$BKSJpCwt9xe4zmnVV714aetRrEPR2zkMl7GZfV5bS4SMBd9ja/vD2', '5fe30262b07e0.jpg', 1, 1),
(41, '', 'ulfa.septian.dika-2016@fh.unair.ac.id', '', '', 1, 1),
(42, '', 'joko.kuncoro.adi-2016@fh.unair.ac.id', '', '', 1, 1),
(43, '', 'ananda.chrismond.e.p-2016@fh.unair.ac.id', '', '', 1, 1),
(44, '', 'galih.nicky.roby-2016@fh.unair.ac.id', '', '', 1, 1),
(45, '', 'asiefa.nur.haenza-2016@fh.unair.ac.id', '', '', 1, 1),
(46, '', 'renardi.alif.adianto-2016@fh.unair.ac.id', '', '', 1, 1),
(47, '', 'rizky.aditya.f-2016@fh.unair.ac.id', '', '', 1, 1),
(48, '', 'intan.letitia.nanda-2016@fh.unair.ac.id', '', '', 1, 1),
(49, '', 'nazhiif.imaaman-2016@fh.unair.ac.id', '', '', 1, 1),
(50, '', 'bagus.eka.sasmita-2016@fh.unair.ac.id', '', '', 1, 1),
(51, 'rafie firmansyah', 'muhammad.rafie.firmansyah-2016@fh.unair.ac.id', '$2y$10$r7YdUXoL3mWrOcF/4GnQKePnrfvyPjVMdvUDtsHgZLtkedbER8HPa', '5fe2d6b1bdf99.jpg', 0, 1),
(52, 'Irza Maulana', 'irza.maulana-2016@fh.unair.ac.id', '$2y$10$/I0OC41FI01aaPCXsoTCkuBfCzTTFSvFd572zmHR40j6j6aadAIwa', '5fe2d9c5479c4.jpeg', 1, 1),
(53, 'Zerra Aisyah Yudipratiwi', 'zerra.aisyah.yudipratiwi-2016@fh.unair.ac.id', '$2y$10$9Phakojzo8ZENprSoJ4yW.x1ZolCPIcyJlLO6Is6szChegL0DzdYi', '5fe2cc9f471c5.jpeg', 0, 1),
(54, '031611133211', 'muhammad.zata.mahardika-2016@fh.unair.ac.id', '$2y$10$qUAIXNiKQPX2B6xxzBittu/x0ENuNhsKyUtbjRF0bPUEWxBhd7S2S', '5fe2dca3258e0.jpeg', 1, 1),
(55, 'Muhammad fikri', 'muhammad.fikri.kurniawan-2016@fh.unair.ac.id', '$2y$10$a20NyFvEAwMCzaH2a6zyxeCXG9CUhdTPp4Rk02ofMF8IJYgK9F./q', '5fe2d57058618.jpg', 0, 1),
(56, 'Shella aqmadea eshafia ', 'shella.aqmadea.eshafia-2016@fh.unair.ac.id', '$2y$10$3HIrBfJP1AxAGV2qEFC6SurQDwLSDuFvsbeuKeX3ogcvPtE/Y2aH.', '5fe2e2c259522.png', 1, 1),
(57, 'Abdul Wahid Rizky', 'abdul.wahid.rizky-2016@fh.unair.ac.id', '$2y$10$fQJGHKmp.u0lWAwLdrwwYOqO8Agz0W7QUH5A2OBd1BBRtm6RWlejK', '5fe2ca7be6a65.jpg', 1, 1),
(58, 'Ahmad  Boma Gusnara', 'ahmad.boma.gusnara-2016@fh.unair.ac.id', '$2y$10$KpRzkydcFbjjpRhtb.rOR.iZvCqDxdQ94TYV6P/wSOdr65B8iyBZC', '5fe30402a101c.jpeg', 1, 1),
(59, '', 'm.farakhan.maghriby.abdullah-2016@fh.unair.ac.id', '', '', 1, 1),
(60, 'Kresna Aji Priyambodo', 'kresna.aji.priyambodo-2016@fh.unair.ac.id', '$2y$10$TXkic2aS3gK3eT4CjVO7iu6UlipM6uedP3WJ7rKclrQCmP9vZ3kOW', '5fe2cc03b2704.png', 0, 1),
(61, 'Ramandhika Muhammad', 'ramandhika.muhammad-2016@fh.unair.ac.id', '$2y$10$sAhHgIRGLm9ef0dBRbMOauxbLsoWXlMnKyLzIzZLO//FLdQMXf/Gi', '5fe2eac9407d0.jpeg', 1, 1),
(62, 'MOCH ARIF BAYU FERDIANSYAH', 'moch.arif.bayu-2017@fh.unair.ac.id', '$2y$10$xDimPHpsZcPfvEDnYnpuQuYVXSoAq56WavY8qUkWVms0iFq1g3ycu', '5fe2ecda9236a.jpg', 1, 1),
(63, '', 'elok.fauzia.dwi-2017@fh.unair.ac.id', '', '', 1, 1),
(64, 'Fauziah Ardina Putri', 'fauziah.ardina.putri-2017@fh.unair.ac.id', '$2y$10$eKxACJB2jVGlWrHA9QkJ9u8gSYcjeFNdxIXiD8DjmMzYcZx1DiAxm', '5fe2a916248a7.jpeg', 1, 1),
(65, '', 'mumtazul.muhaamin-2017@fh.unair.ac.id', '', '', 1, 1),
(66, 'Terry Christy Prasetya', 'terry.christy.prasetya-2017@fh.unair.ac.id', '$2y$10$hPMzCG6bzj2CbgiYfIH.M.IF3au5bQgxLb1IseyTf/n/fiNAWHOSa', '5fe3006e54327.jpeg', 1, 1),
(67, 'Annisa Nurul Husna', 'annisa.nurul.husna-2017@fh.unair.ac.id', '$2y$10$t9TXSBp6ryDcALsfnJ5UqOYSbsJ0nkhFgsTqIGMmgHV3B50y8IEeu', '5fe2d19b3c4bf.jpeg', 0, 1),
(68, 'Arfie Rachman Widiatama', 'arfie.rachman.widiatama-2017@fh.unair.ac.id', '$2y$10$LaKkjGskAts5KIvRpIBSnuCHeDRloMfqhO1HGzqPHifpJasnv/WMm', '5fe2ded3beb14.jpg', 1, 1),
(69, 'Evans Al Faridzi', 'evans.al.faridzi-2017@fh.unair.ac.id', '$2y$10$WyVpRTQf4xbs3VMSM2Inn.147XtgxKld2CPGwYJf8THV/uur.bYoS', '5fe29335c1859.jpg', 1, 1),
(70, '', 'annisa.puspitadelia-2017@fh.unair.ac.id', '', '', 1, 1),
(71, 'Saut Parsaulian Hutagalung', 'saut.parsaulian.hutagalung-2017@fh.unair.ac.id', '$2y$10$W4UdNY94U3gyQV5RCVMKp.eFMGOySHKPgBYvRXYhHW9tW.l1qWHOq', '5fe2acbe30001.jpg', 1, 1),
(72, 'Rafif Asyraf', 'rafif.asyraf-2017@fh.unair.ac.id', '$2y$10$Q2cVsPkF/hi9602fqmBtNu5Sx9tnxLp4hN0NjpRDAv7ehmAAwKIRe', '5fe2b6b1c1624.jpg', 1, 1),
(73, '', 'dimas.aditya.pranawa-2017@fh.unair.ac.id', '', '', 1, 1),
(74, 'Fida Aifiya Chusna ', 'fida.aifiya.chusna-2017@fh.unair.ac.id', '$2y$10$R1XhpegKAbe0LwiCtl0S5OLlcSh6GWr3Z3d6wxrFmQEitCGfoF5r2', '5fe2b2ff3a93f.jpg', 0, 1),
(75, 'annisa gista elfaza', 'annisa.gista.elfaza-2017@fh.unair.ac.id', '$2y$10$4ahrMMYQ6MdE2uS.hzjKdOpvrnpXwkaHttMFPGWncvoHc0bCAe6Wy', '5fe2d99b4fb89.jpg', 1, 1),
(76, '', 'aditya.dwiki.hernanda-2017@fh.unair.ac.id', '', '', 1, 1),
(77, 'Athaya Ulya A.D.S', 'athaya.ulya.azzahra-2017@fh.unair.ac.id', '$2y$10$z8u0TYvmjK4NSzovx5UbwOr.gVWsxKPdkcM6.plhxhdw2q9h4Er7G', '', 1, 1),
(78, 'Putri Kinanthi Dhayaning Bumi', 'putri.kinanthi.dhayaning-2017@fh.unair.ac.id', '$2y$10$x/j2JKt4x03mzqOj2vjJY.1nsIVzIjPieLogNVQTZWQdbq1LAolx.', '5fe2d7feb8444.jpeg', 1, 1),
(79, 'Dinda Bhawika W P', 'dinda.bhawika.w.p-2017@fh.unair.ac.id', '$2y$10$zzspif5aQIhixE4/dt5OaOPbdfLiZsnsS/Dtayt2l0BA7c3KvxpaK', '5fe2ea98cc7c5.jpeg', 1, 1),
(80, 'Adiyatma Yusuf Satoto', 'adiyatma.yusuf.satoto-2017@fh.unair.ac.id', '$2y$10$CcmM3/bwlr4mXWVBtyVInu52LXo2qtBkFlgjlnqnkCvx4ME2kdoNy', '5fe2c8f2c8a4c.jpg', 1, 1),
(81, '', 'veronica.cynthia.wibowo-2017@fh.unair.ac.id', '', '', 1, 1),
(82, 'Nadila Manda Sari', 'nadila.manda.sari-2017@fh.unair.ac.id', '$2y$10$lcwx.U9OTgh7YOqd30iz2Om4sHuD96DRlcbXEC3aJV6XVQUG127JK', '5fe2d55159952.png', 0, 1),
(83, '031711133185', 'ismi.aulia.wahyudi-2017@fh.unair.ac.id', '$2y$10$5E80wsS41lN1IPWvw4tXv.MulKveAHxnmsV9YC.dZG3R7NBkqhCs.', '5fe2f733393d5.jpeg', 1, 1),
(84, 'NUR AFNI', 'nur.afni-2017@fh.unair.ac.id', '$2y$10$hP2CY0U57t0WKToA6wl36utvt95EBJJv28S2MANVO7tpNj8MDPyly', '5fe2b147cbe02.jpg', 1, 1),
(85, '', 'hafidh.fawwaidz-2017@fh.unair.ac.id', '', '', 1, 1),
(86, '', 'elvita.mustika.putri-2017@fh.unair.ac.id', '', '', 1, 1),
(87, '', 'claravia.adhyne-2017@fh.unair.ac.id', '', '', 1, 1),
(88, 'Edwin Wira Adikusuma H ', 'edwin.wira.adikusuma-2017@fh.unair.ac.id', '$2y$10$v97uGJcFVjQZKpuyjL3IFe.0bt5udkQozRSFnxfJ4/XmmXSIHUiPe', '5fe2f00e1c5fe.jpg', 1, 1),
(89, 'Nur Syamsi Tajriyani', 'nur.syamsi.tajriyani-2017@fh.unair.ac.id', '$2y$10$WEmnDZX5fc74OPWRcDZDuODVNjU98QheaMjhZ.QY0Za5sHam9MAP.', '5fe30244df05e.jpeg', 1, 1),
(90, '', 'vincentius.sutanto-2017@fh.unair.ac.id', '', '', 1, 1),
(91, 'Yuni Indri Astina', 'yuni.indri.astina-2017@fh.unair.ac.id', '$2y$10$7ALWZXI3mFIOOKNiVD6mlO1IVsWJVRs0vu9.cRkdId0vrth/GaKpq', '5fe29c744b3c4.jpg', 1, 1),
(92, '', 'ajeng.nur.fadila-2017@fh.unair.ac.id', '', '', 1, 1),
(93, 'Luh Made Khristianti Weda Tantri', 'luh.made.khristianti-2017@fh.unair.ac.id', '$2y$10$biA/PV2n3bBG01usyXK/yO1AAiNbm1m7Xg6rC6jBrKlvBQ5T7/Hwi', '5fe2abc6c119a.jpg', 1, 1),
(94, '', 'mustika.nugraheni-2017@fh.unair.ac.id', '', '', 1, 1),
(95, 'Sabrina kurnia', 'sabrina.kurnia.pradani-2017@fh.unair.ac.id', '$2y$10$0iWvwV75rntRxkMGO5KaZuGQk0cfGdWpxG5TtaB0KNzbraThQxXDa', '5fe2f6336e0bd.jpg', 1, 1),
(96, '', 'agatha.geraldine-2017@fh.unair.ac.id', '', '', 1, 1),
(97, 'I Wayan Widiastina', 'i.wayan.widiastina-2017@fh.unair.ac.id', '$2y$10$5ZPML17C4EBlSLCYuP97Xu2E/0EBNWUdfIuidBSb.6OwEzeCXXRvO', '5fe2f775a4068.jpg', 1, 1),
(98, 'Nadya Tita Lazuardi', 'nadya.tita.lazuardi-2017@fh.unair.ac.id', '$2y$10$aql.GY2cH8SbPwF2DU5mOegaVrSvSz0NCJLHlXJFGJiOW5QblLTXW', '5fe2e5046a806.jpg', 1, 1),
(99, 'Nisriinaa Yurin Octavia', 'nisriinaa.yurin.octavia-2017@fh.unair.ac.id', '$2y$10$u6./nXGdE2teokXlqI4xH.aQWQNJFSyWVFvqamD.lCNM2YTtkeLrG', '', 0, 1),
(100, '', 'muhammad.ammar.havizh-2017@fh.unair.ac.id', '', '', 1, 1),
(101, '', 'adelia.zavira-2017@fh.unair.ac.id', '', '', 1, 1),
(102, 'Muhtina Tria Novianti', 'muhtina.tria.novianti-2017@fh.unair.ac.id', '$2y$10$QAP3BT4hvf8qCYzz.Ev3G.uySNmYZSGsn1h9ImbdVe0Scdmw862iy', '5fe2af2623a3d.jpg', 0, 1),
(103, 'Claudia Saymindo Emanuella', 'claudia.saymindo.emanuella-2017@fh.unair.ac.id', '$2y$10$3spIgL36Mc5fLo/iPRh41uPSwuRwcxUnQj/cZowIqIbjGzEPXZThq', '5fe3013e8a2ab.jpg', 1, 1),
(104, '', 'patricya.wedha.hutapea-2017@fh.unair.ac.id', '', '', 1, 1),
(105, 'Rozi', 'muhammad.fahrur.rozi-2017@fh.unair.ac.id', '$2y$10$kvXuYYSQFDqCWB5V4firEewg1MaV9nlMftIMN7Fyfp0jkU33H3V8y', '5fe2e92191999.jpg', 1, 1),
(106, '', 'annisaul.izzah-2017@fh.unair.ac.id', '', '', 1, 1),
(107, '', 'alip.pamungkas.raharjo-2017@fh.unair.ac.id', '', '', 1, 1),
(108, '', 'siska.nawati-2017@fh.unair.ac.id', '', '', 1, 1),
(109, 'MARIA ONE OKTAVIA', 'maria.one.oktavia-2017@fh.unair.ac.id', '$2y$10$458bcRnOD73CugQs.NF.qOJB6Ek5kaWZbefNDuHSh/eRp84iEKrlG', '5fe2aad9d9e59.jpg', 1, 1),
(110, '', 'eka.putri.fadhila-2017@fh.unair.ac.id', '', '', 1, 1),
(111, '', 'arifah.khoirunisa-2017@fh.unair.ac.id', '', '', 1, 1),
(112, '', 'berliana.ayu.kusumawardani-2017@fh.unair.ac.id', '', '', 1, 1),
(113, '', 'dita.tri.lembayung-2017@fh.unair.ac.id', '', '', 1, 1),
(114, '', 'herdian.putranto.adi-2017@fh.unair.ac.id', '', '', 1, 1),
(115, '', 'alma.putri.dhiafira-2017@fh.unair.ac.id', '', '', 1, 1),
(116, '', 'nabilla.virnanda.lobo-2017@fh.unair.ac.id', '', '', 1, 1),
(117, '', 'arsasti.satya.pradyta-2017@fh.unair.ac.id', '', '', 1, 1),
(118, 'Jade Aurora Kencana Putri', 'jade.aurora.kencana-2017@fh.unair.ac.id', '$2y$10$4PZNKySrnKEkI5GSI9OIKOubyk3wgXMA4MkKBobVnFmlGCxhZjjQ2', '', 1, 1),
(119, 'Nova Aulia Ghaizani', 'nova.aulia.ghaizani-2017@fh.unair.ac.id', '$2y$10$k8iYGMyUXwE6AAKCyFC8o.VyhL0fX4vAFY/eVuUAXSBkAYPOgXTk6', '5fe2faf2a6876.jpeg', 0, 1),
(120, '', 'erviana.setianingrum-2017@fh.unair.ac.id', '', '', 1, 1),
(121, '', 'hannah.tiara.delia-2017@fh.unair.ac.id', '', '', 1, 1),
(122, '', 'catur.noviantoris.yusuf-2017@fh.unair.ac.id', '', '', 1, 1),
(123, '', 'ramadhan.henrison.hasibuan-2017@fh.unair.ac.id', '', '', 1, 1),
(124, '', 'fikri.haichal-2017@fh.unair.ac.id', '', '', 1, 1),
(125, '', 'adelia.rizky.windyaka-2017@fh.unair.ac.id', '', '', 1, 1),
(126, 'Muliana', 'muliana-2017@fh.unair.ac.id', '$2y$10$05WZBiRrjuc0nxg.c8rGeu4GRqJDbTqi/0toivh3WLiWCQhwKGsPO', '5fe2ac9b9651e.jpeg', 1, 1),
(127, '', 'angelia.dwi.oktavia-2017@fh.unair.ac.id', '', '', 1, 1),
(128, 'Aushofi Zuhrotul Ulya', 'aushofi.zuhrotul.ulya-2017@fh.unair.ac.id', '$2y$10$CVMMDw49sblD7yrKObNFYO1UdE35LVJzR9ejXsKP8baEb4uHmEu0G', '5fe2e356301ae.jpg', 1, 1),
(129, '', 'wardah.qurni.nabilah-2017@fh.unair.ac.id', '', '', 1, 1),
(130, '', 'sinthya.yuningrit.raharjo-2017@fh.unair.ac.id', '', '', 1, 1),
(131, 'Dina Aprilia', 'dina.aprilia-2017@fh.unair.ac.id', '$2y$10$U7VmS7eKzs2KsyopxcR8OuG5zB5ivzpj0H5AMJ/cvMDV104WhVUaC', '5fe2e45ddd4cc.jpeg', 1, 1),
(132, 'Vicky Yuliana Saputri', 'vicky.yuliana.saputri-2017@fh.unair.ac.id', '$2y$10$UGuxt0XavevRCF7Z0dWceO0Qz14qfDqH5Sh.gvmfOk.1yLuIn97VC', '5fe2dc386b4c3.jpg', 1, 1),
(133, '', 'adinda.huriyah.nabilah-2017@fh.unair.ac.id', '', '', 1, 1),
(134, '', 'antiek.firdausi.putri-2017@fh.unair.ac.id', '', '', 1, 1),
(135, '', 'cita.ayu.alfioni-2017@fh.unair.ac.id', '', '', 1, 1),
(136, '', 'safina.zidni.hasna-2017@fh.unair.ac.id', '', '', 1, 1),
(137, '', 'hasna.imani.haryutama-2017@fh.unair.ac.id', '', '', 1, 1),
(138, 'wahyu.aliansa-2017@fh.unair.ac.id', 'wahyu.aliansa-2017@fh.unair.ac.id', '$2y$10$YEaxsqL3U33bNrJIKwe.e.meG/GQ3r3CsQ9hyRloI6v622fxAiKxG', '5fe29d684ea19.jpg', 1, 1),
(139, 'MUNADDHIMATUS SILMI', 'munaddhimatus.silmi-2017@fh.unair.ac.id', '$2y$10$XZ4eqFn9KGYaYgOJ9mrqVu3MpSIAoVnBVuu.yj88MK1KhzlQHK0oq', '5fe2acd1edee5.jpg', 1, 1),
(140, 'Auly Nahdyan Mafaza', 'auly.nahdyan.mafaza-2017@fh.unair.ac.id', '$2y$10$LnWVjSoOdGLYJBEigJW1U.O1cZkZWfWKt.nP80laKDenyzc311pAa', '5fe2de9ce4685.jpg', 1, 1),
(141, 'Cindy Cendhani', 'cindy.cendhani-2017@fh.unair.ac.id', '$2y$10$OOhJ2qpb1Dqjk4iZhMD1KeVb3l6c62rAKiuzz77vgO47UvoUtMwRm', '5fe29e8ce02f5.jpg', 1, 1),
(142, 'Achmad Rizaldi Umam', 'achmad.rizaldi.umam-2017@fh.unair.ac.id', '$2y$10$SY2ULExPvSoptLsi3YUnFe8Qlaj5cpG0ymN65.7iOh7T5j9YmjwTC', '5fe303b9d5863.jpg', 1, 1),
(143, 'Mohamad Haikal Fikri', 'mohamad.haikal.fikri-2017@fh.unair.ac.id', '$2y$10$IaVk1of6fwKOeDGyZZAiFexDySVmjVMILUkQ256G2k33g84Q/4b5K', '5fe2aebdf4101.jpeg', 1, 1),
(144, 'Arvrin Desylvia', 'arvrin.desylvia.octavrianas-2017@fh.unair.ac.id', '$2y$10$RMJkIEN8dAW6uk66LypRa.0Ls3VWCYJ8mn6v6rCHyQMCCq0/iF.k.', '5fe2e48cf09dc.jpeg', 1, 1),
(145, 'Atiqoh Farhah Maulani', 'atiqoh.farhah.maulani-2017@fh.unair.ac.id', '$2y$10$Q8W9BwE/UHEIOzMn8E82OeVF6LIrKDHX9NqPxNsQSusnIA.y0pD/2', '5fe3042403999.jpeg', 1, 1),
(146, 'Sinto', 'sinto-2017@fh.unair.ac.id', '$2y$10$SVA1wm4CkNVefT7Aou2jg.JHcaQk06dGSLZnhTNxyJYPwE.bzGnE2', '5fe2df362a4ec.jpg', 1, 1),
(147, 'Rachel Natalia Ateng', 'rachel.natalia.ateng-2017@fh.unair.ac.id', '$2y$10$x2PJOb0cu3J4F6QxpC1SIOFdZi0tlouAcfS60E7fCQPIfrdxYA.dy', '5fe2f28483f6c.jpeg', 1, 1),
(148, 'angga akbar pramudianto', 'angga.akbar.pramudianto-2017@fh.unair.ac.id', '$2y$10$4j1Zdb1XdCK6CdJa4qGbrOkeh6.E0oRcmtRlFB6aj4XmHn.0bwQwK', '5fe2b2371a354.jpg', 1, 1),
(149, '', 'sabrina.damayanti-2017@fh.unair.ac.id', '', '', 1, 1),
(150, '', 'georgius.ivan.budihardja-2017@fh.unair.ac.id', '', '', 1, 1),
(151, 'Risma Fitri Amalina', 'risma.fitri.amalina-2017@fh.unair.ac.id', '$2y$10$mPyfF5e4aa1B/xoV6jH1F.KR.iDDkt4ejid8E64Gfu.vNmacCX.Fa', '5fe2d9d096fa7.jpg', 0, 1),
(152, '', 'melly.moraito.trianita-2017@fh.unair.ac.id', '', '', 1, 1),
(153, 'Nafila Nitya', 'nafila.nitya.prasiddha-2017@fh.unair.ac.id', '$2y$10$hnJsVRybg6mgp2mG4FV2seU1kUervUZlwdVrA/dCQc1x4.ccPDS4i', '5fe3048c45a6c.jpg', 1, 1),
(154, '', 'alde.erfajrin.syabana-2017@fh.unair.ac.id', '', '', 1, 1),
(155, 'Mahfyra Shalsabella Hamyda', 'mahfyra.alsabella.hamyda-2017@fh.unair.ac.id', '$2y$10$/WN9XHUcME91lX.1gTGjm.bMAlPqDqOFdgDWQdGZmQYcGNHSFKhbO', '5fe2f65fd7326.jpeg', 1, 1),
(156, '', 'azhari.maulana.noegroho-2017@fh.unair.ac.id', '', '', 1, 1),
(157, 'Danial A. Futaki', 'danial.akta.futaki-2017@fh.unair.ac.id', '$2y$10$5j5O2KpHk.ZRM6yLC/SOxeFN1I79MGOzYmO.KcWHr9oP7z4R6BZqu', '5fe30303884d1.jpeg', 1, 1),
(158, 'Abita Aiko Miyata', 'abita.aiko.miyata-2017@fh.unair.ac.id', '$2y$10$.uDwGUbewRwCljIVVYjFIuQVt1TCh7eCFhknP.8H/r2seJW/0q4TC', '5fe2dcfde46be.jpg', 0, 1),
(159, 'Daniel Marihot Tambunan', 'daniel.marihot.tambunan-2017@fh.unair.ac.id', '$2y$10$Q5H3etSSc1.4U.Z3nOsBA.dplzcEwSclBs1OV/hDACp3d3.4uRuS6', '5fe2b2459be9b.jpg', 1, 1),
(160, 'Hana Dewi Putri Pertiwi', 'hana.dewi.putri-2017@fh.unair.ac.id', '$2y$10$OrlayyTim/kN5UtGY7LiZOTj5GhErTe/7tC6pnaJ4x6H/8mxKmyNS', '5fe2ff10ce75c.jpg', 1, 1),
(161, '', 'ken.bagus.setya-2017@fh.unair.ac.id', '', '', 1, 1),
(162, 'M. Rizky fadhlullah', 'm.rizky.fadhlullah-2017@fh.unair.ac.id', '$2y$10$P7RhTUfXxt8eqKlmI.JHJOaOSL7.ubgS5hAX/Q/bf9hHL.fKKP5bu', '5fe2c6d792b7b.jpg', 1, 1),
(163, 'Fariez Luhur Prihastama', 'fariez.luhur.prihastama-2017@fh.unair.ac.id', '$2y$10$V7oucs9EWrHKcgtYT4iDuuepuuvurjt3dcZN0Ghyt/shiJ2OxVfZW', '5fe30664b005a.jpeg', 1, 1),
(164, 'Fadli Hakim Arisyi', 'fadli.hakim.arisyi-2017@fh.unair.ac.id', '$2y$10$AEhFL7jLsngbSbPD30IfdeKeBk7lrJ8CZsufgwqJt6T4vZDE0pgPG', '5fe2ae8dbc14b.jpeg', 1, 1),
(165, '', 'kartika.budiarti-2017@fh.unair.ac.id', '', '', 1, 1),
(166, 'Zaiematuzzahra M', 'zaiematuzzahra.munasib-2017@fh.unair.ac.id', '$2y$10$GHa4qbbfK5z8ZlmGMgudR.rtX89VXENt4a6.Y4.vaAN3VzDtl6h8e', '5fe2ebfac1eb2.jpg', 1, 1),
(167, 'Gracia ravina moselle', 'gracia.ravina.moselle-2017@fh.unair.ac.id', '$2y$10$EZHw6maAbE9YojSH3CDzLeYet735498w9nr7DzUEglgzu5.L7j9tS', '5fe2ce3d709ad.jpg', 0, 1),
(168, '', 'm.krisna.rio.pradana-2017@fh.unair.ac.id', '', '', 1, 1),
(169, 'Trechsna Ali Ramadhani', 'trechsna.ali.ramadhani-2017@fh.unair.ac.id', '$2y$10$oZ7pInNh6QUWmFJiuS8afutiPbPZy9D2E2jMCj6fVEH1eo23K5Edy', '', 1, 1),
(170, 'Musa', 'musa.khonifan-2017@fh.unair.ac.id', '$2y$10$nqxEW1LW4tWiEaR9G9X5M.SgfLUBCDbCsmZR86/rbt.1QEkwMJ4eW', '5fe2ae7ab72bf.jpg', 1, 1),
(171, 'Rheza Satya W', 'rheza.satya.wibowo-2017@fh.unair.ac.id', '$2y$10$9vxpbgY9vBCS.4n0ONIkc.pVu9yHkCZuT/7or6/bVMwpk29XTs9gu', '5fe2cf9d0c1c8.jpg', 0, 1),
(172, 'Mohammad Taufik', 'mohammad.taufik-2017@fh.unair.ac.id', '$2y$10$SVa4VShkLz37SEwk3xw3xeIpZAGm4.C3hIi50ZP3wunIxSE/zTUam', '5fe2e8fa0dbc2.jpg', 1, 1),
(173, 'Muhammad Harits Anwar', 'muhammad.harits.anwar-2017@fh.unair.ac.id', '$2y$10$SiHUizJ/gwimnylhgcN..OBmmDYCljFMH2r6ab193uXwERP14iFYu', '5fe304e1ba41f.png', 1, 1),
(174, 'adnan usman yasin', 'adnan.usman.yasin-2017@fh.unair.ac.id', '$2y$10$wHk34Wsqh04ByRQ3PwdKRefvmFeV52gKQMUzfd5.URpQ91hXgA91S', '5fe30627ba0dc.jpg', 1, 1),
(175, '', 'annida.aqiila.putri-2017@fh.unair.ac.id', '', '', 1, 1),
(176, '', 'fachrian.ilham.fauzi-2017@fh.unair.ac.id', '', '', 1, 1),
(177, '', 'afif.fathin.muhtadi-2017@fh.unair.ac.id', '', '', 1, 1),
(178, '', 'dhimas.elham.maulana-2017@fh.unair.ac.id', '', '', 1, 1),
(179, 'ika.syafitri-2017@fh.unair.ac.id', 'ika.syafitri-2017@fh.unair.ac.id', '$2y$10$lyvk6WBHfxHWhEXaOh1aGeKa.xwPeqMR3rOwDLwAJR.KYwOt4lXtO', '5fe2dae8c9a5c.jpg', 1, 1),
(180, 'Cornelia Olivia Lumowa', 'cornelia.olivia.lumowa-2017@fh.unair.ac.id', '$2y$10$K9pJCMcQJNf.09QdbOnDRuAt2bKkkBT8/qYZ2uocxHX3L59lKUHDm', '5fe2fcb94a5d8.jpeg', 1, 1),
(181, 'Okky Daru Mubarok', 'okky.daru.mubarok-2017@fh.unair.ac.id', '$2y$10$ut6VD5TJe1ye4f4CR9zUjOS5OmJzYqm4IODyjQJMulx3lJlm2MLAa', '5fe2d63e3d6df.jpg', 0, 1),
(182, 'Vanya ', 'vanya.oryza.safira-2017@fh.unair.ac.id', '$2y$10$vYyjmLd9/RTvqDrg3MJmBOkyLzVRoFuHiUDnki.J6.S2X9WEUyzt2', '5fe2a916145f1.jpg', 0, 1),
(183, '', 'talitha.belvarini.can-2017@fh.unair.ac.id', '', '', 1, 1),
(184, 'Bisma Krishna H', 'bisma.krishna.hernanda-2017@fh.unair.ac.id', '$2y$10$WHm9pBzyV8X3EIb.aw7YX.rFh1qk7HCE3E21a/0ANypM7F/UboSHG', '5fe2c7a0710f4.jpg', 1, 1),
(185, '', 'sugeng.andrean-2017@fh.unair.ac.id', '', '', 1, 1),
(186, 'Cahya Agmelya Sayu Nilam MG', 'cahya.agmelya.sayu-2017@fh.unair.ac.id', '$2y$10$pTU6dEGziHsS8vSAtpmOaOkXSwNa4Bkos3POaYytEt8eHdBN6NPpO', '', 1, 1),
(187, '', 'rizky.fernanda-2017@fh.unair.ac.id', '', '', 1, 1),
(188, 'Dimas eriangga putranto', 'dimas.eriangga.putranto-2017@fh.unair.ac.id', '$2y$10$qwnpp90AfrxPqROcB1xSD.gtFqaEskP2G66dJR.JJOYGEz2LQjX5m', '5fe2dde5a4041.jpg', 1, 1),
(189, 'Karina Ardelia Irnanda', 'karina.ardelia.nanda-2017@fh.unair.ac.id', '$2y$10$XRkkaaoG8y2F.cWLTxq.6eGdBUUtCwF6yn2ezNSVuw.lRXRa8Ek0G', '5fe2d54db9f1a.jpg', 0, 1),
(190, 'Salsabila Yuharnita', 'salsabila.yuharnita-2017@fh.unair.ac.id', '$2y$10$aQ0CPlfAqxtJ/40wsx7qMeLSkEDxph.84Qd5lwAND3bTvHMOwH6ly', '5fe300c5a61cb.jpg', 1, 1),
(191, 'Debrita YS', 'debrita.yanieta.santoso-2017@fh.unair.ac.id', '$2y$10$Qzqo1hMJ0QMAW/PCsyaQFuZN9Anbdf93iQrkCHEgHv.YWCx3oii4.', '', 1, 1),
(192, 'Amira Hasna Nabila', 'amira.hasna.nabila-2017@fh.unair.ac.id', '$2y$10$clyY21i5IPtt/.zFmuaI.O/5tb8gibUnSra1eohBIwnznDZSLgb76', '5fe2d6d631e0e.jpg', 1, 1),
(193, 'Nalini Widyantoro', 'nalini.widyantoro-2017@fh.unair.ac.id', '$2y$10$6yvsvpLMGDlFh5H.q4lt7ugoLQwWF35JNXReQCNhJ7RKZz.0bX7BK', '5fe2cadc207c1.jpeg', 1, 1),
(194, '', 'nadya.farahdiba.noviandri-2017@fh.unair.ac.id', '', '', 1, 1),
(195, '031711133075', 'rohman.hidayad-2017@fh.unair.ac.id', '$2y$10$MY..naUY3PwJLzbbt0rn2.C1SIPE1eSBbPLz1YmPeNPegOX6i6mkG', '5fe2ce6b3042c.jpg', 1, 1),
(196, 'Nabila Safira Augusta', 'nabila.safira.augusta-2017@fh.unair.ac.id', '$2y$10$YEWjYm4UVDBgHD7a/amfQujheW/x5WkbTrd0o36aWW0UVhSgjJf4G', '5fe2e9f2ea3b4.jpeg', 1, 1),
(197, 'Irene Angelita Rugian', 'irene.angelita.rugian-2017@fh.unair.ac.id', '$2y$10$R7WJLWr.79UUCLTNft4.0eEPDV4XQIQ4pcr4zToHlai4zIRe3NQOO', '5fe2c9bdd020d.jpg', 1, 1),
(198, '', 'haras.christy.monica-2017@fh.unair.ac.id', '', '', 1, 1),
(199, 'Izzah Khalif Raihan Abidin', 'izzah.khalif.raihan-2017@fh.unair.ac.id', '$2y$10$w4/w.eEIy1xtn1GGc6ZJ6.jlG0bLEN2Rb96tV6LGIJjdq1NvYncRu', '5fe2a1524585c.jpg', 1, 1),
(200, '', 'muhammad.firstano.taqwim-2017@fh.unair.ac.id', '', '', 1, 1),
(201, '', 'adelia.putri.marina-2017@fh.unair.ac.id', '', '', 1, 1),
(202, 'Christin Lauren N', 'christin.lauren.natasya-2017@fh.unair.ac.id', '$2y$10$ai9fqsddFsvlkePcElJMt.W4mSyLx0OMAQ.qd5x9k6jugmA3lzVfO', '', 1, 1),
(203, '', 'khalid.ibnu.nazar-2017@fh.unair.ac.id', '', '', 1, 1),
(204, 'Reza Fachry Kesuma', 'reza.fachry.kesuma-2017@fh.unair.ac.id', '$2y$10$DCvDXoXbY7J9oNcoyYrHpuL2acaxdiw5wjoUs5zV7pgURzCnh3BXG', '5fe2e76dae562.jpeg', 1, 1),
(205, 'Desy Ramadhani Pratini', 'desy.ramadhani.pratini-2017@fh.unair.ac.id', '$2y$10$OWJmwIIheTxHI.oKVKYiGO7.r3/xVMgXAEIUfq4IZ4Wux1QrwdwRq', '5fe2be4226070.jpeg', 1, 1),
(206, 'Yuniatri Fara Rahmania', 'yuniatri.fara.rahmania-2017@fh.unair.ac.id', '$2y$10$yqA6ZHFnnvTVRQ0lwDikUusrv87I0nfYRRk7j/n6fo7KqBPSp4ymq', '5fe2f0ee6f9b5.jpg', 1, 1),
(207, 'Ranesya Maharani Alkemsky', 'ranesya.maharani.alkemsky-2017@fh.unair.ac.id', '$2y$10$bLD4wZjBqmYbjPtzJJf/4OVbNmba13DlbwWfG/7o0VUL4zg19LfuK', '5fe2afdabc947.jpeg', 0, 1),
(208, 'Rizky Hadiwidjayanti', 'rizky.hadiwidjayanti-2017@fh.unair.ac.id', '$2y$10$Alij/l7lvleYqrFhWb.1tuL1Bh8jG6Gvpxxt2cQ86imZNDxi7OXEC', '5fe2ead684e42.jpeg', 1, 1),
(209, '', 'fikri.chan.permana-2017@fh.unair.ac.id', '', '', 1, 1),
(210, '', 'david.parlinggoman.sinaga-2017@fh.unair.ac.id', '', '', 1, 1),
(211, '', 'novita.cahyani.harjono-2017@fh.unair.ac.id', '', '', 1, 1),
(212, 'yudistia tedy firmansyah', 'yudistia.tedy.firmansyah-2017@fh.unair.ac.id', '$2y$10$..pMhpkip2rEzRfs.mAVSeUcrUG4a3R7ccW/xbAtyMf3JoemRKvka', '5fe2f73220cb9.jpeg', 1, 1),
(213, 'Ghozi naufal qois', 'ghozi.naufal.qois-2017@fh.unair.ac.id', '$2y$10$qhHXt/sNwjX.jOVyZ2.yXuTgtC1/7R1fIb1FNYcITNLoghQ.SvFCC', '5fe2ddaa40d65.jpg', 1, 1),
(214, 'Achmad Fariz Gunawan', 'achmad.fariz.gunawan-2017@fh.unair.ac.id', '$2y$10$dH5freTIlQv0KYIpT004FegXCdZPew.wreGKOEwZ2bLD7GucxkqdO', '5fe2bb606a6ad.JPG', 1, 1),
(215, 'Komari Aldiansyah', 'komari.aldiansyah-2017@fh.unair.ac.id', '$2y$10$C7osZdlWJnqi1TLDgep3lu8bMtFNkrdhWOfobAPT2sBCAfJKCsrr2', '5fe2b907d002e.jpg', 1, 1),
(216, 'Enrico Silangen', 'enrico.benedictus.silangen-2017@fh.unair.ac.id', '$2y$10$RLDSKu5f/XT/hZVICLDsM.6eAJ.glBHbDflm2CUDvTWhi2EhCH0ni', '5fe2a16353169.jpg', 1, 1),
(217, 'Melati Ayu Pusparani', 'melati.ayu.pusparani-2017@fh.unair.ac.id', '$2y$10$ek4KDy8SvJvYyFM0hdxGYehICiQqz8VD1HtaSVnU21GPWkJp69NIK', '5fe2db4e91341.jpeg', 0, 1),
(218, '', 'guntur.aris.prabowo-2017@fh.unair.ac.id', '', '', 1, 1),
(219, '', 'andika.dian.tetuko-2017@fh.unair.ac.id', '', '', 1, 1),
(220, '', 'syahril.gunawan-2017@fh.unair.ac.id', '', '', 1, 1),
(221, 'Muhammad Rizki suwanto', 'muhammad.rizki.suwanto-2017@fh.unair.ac.id', '$2y$10$jWJbTN.5Zu58I7FzUrP3EegCJ.0sILVYrHyIPgU8yWeKuG4jMwaKO', '5fe2e683c124a.jpg', 1, 1),
(222, 'Sultan Herlambang Yoga Pratama', 'sultan.herlambang.yoga-2017@fh.unair.ac.id', '$2y$10$GLfFdGmmWRj6W8pE65ri0Os1uMq6WknNS4EVxPUwkUPa88.A30MnK', '5fe2b1e040992.jpg', 1, 1),
(223, 'Hervina Shintya Afanda', 'hervina.intya.afanda-2017@fh.unair.ac.id', '$2y$10$f/dso7Amc6OXhQOYUg9PzO4/f7V9k6nsBmswy/HjaOU2dLyU.Hd8q', '5fe2b2b2f0fe3.jpg', 1, 1),
(224, 'Candra Rizal Sabili ', 'can.rizal.sabili-2017@fh.unair.ac.id', '$2y$10$./0AJt7Oz3QsD0K2GiSFh.8yy3w2K2hRdWajt/YLqFcXcyySspIrG', '5fe2b23055194.jpg', 0, 1),
(225, 'cahya ekky desta famara', 'cahya.ekky.desta-2017@fh.unair.ac.id', '$2y$10$BmeXFMIHBddKN4OTdUsrY.VrMtmlnio9Ie7plOx16q4qKsrsp/Uw.', '5fe2fde478282.jpg', 1, 1),
(226, 'Himas Ivan Ar Rasyied', 'himas.ivan.ar-2017@fh.unair.ac.id', '$2y$10$sGSxtdvAqkmPdShXtYhMaeJ3.aontx3GhZWWlZzcaium1VyhmvYIq', '5fe2a5670f2ac.jpg', 1, 1),
(227, 'Audi Naura', 'audi.naura.dhaneswara-2017@fh.unair.ac.id', '$2y$10$sqT0buFMv3toXVWHT/Y37.N3eDcqpv4MzGpKBFi1El3aBk47Bg0Fa', '5fe2e6a8ab89a.png', 1, 1),
(228, '', 'della.safira.radi-2017@fh.unair.ac.id', '', '', 1, 1),
(229, '', 'mentari.ananda.suharto-2017@fh.unair.ac.id', '', '', 1, 1),
(230, 'Dimas Hikari Achmad', 'dimas.hikari.achmad-2017@fh.unair.ac.id', '$2y$10$Jez5LAy3Cn8BRFM0rRrWruewut5/NFx9ETi6BNvgF5yq.QAECCerG', '5fe2a2e72ac3e.jpg', 1, 1),
(231, 'Vikran Fasyadhiyaksa Putra Yuniar', 'vikran.fasyadhiyaksa.putra-2017@fh.unair.ac.id', '$2y$10$jMAM.8zrXcNjtscZSL.gwOeHV70p1PZfw4jjlVFny9/TW9rYqmFXm', '5fe29287dfc27.jpeg', 1, 1),
(232, '', 'fildza.mahira-2017@fh.unair.ac.id', '', '', 1, 1),
(233, '', 'duhita.pramesi.tyaskinasih-2017@fh.unair.ac.id', '', '', 1, 1),
(234, 'adindasu', 'adinda.setyaning.utami-2017@fh.unair.ac.id', '$2y$10$ZuyzZRLgd7gkocQnfUvsT.XDIJSVSXXm2xa5Qc5nOk4KxypB7NsCi', '5fe2dc9f3e4a5.jpeg', 0, 1),
(235, 'Adriel Timothy Herdito', 'evan.samuel.grigorius-2017@fh.unair.ac.id', '$2y$10$6iHoYBjIc7iM/SIEBlnSKeII56teuG38OlIRN6PIhSn9WnoJxcmR.', '5fe2dfa400d38.jpg', 1, 1),
(236, 'Shafinaz rania', 'shafinaz.rania.rachmat-2017@fh.unair.ac.id', '$2y$10$hdCqmNm4ycx/W.rMa0qk8uB5D9HltYth9JVEgE/rsAOsid4lMXVam', '5fe2f180a7360.jpg', 1, 1),
(237, 'Ramadhan Aufar Lazarus', 'ramadhan.aufar.lazarus-2017@fh.unair.ac.id', '$2y$10$4dNFkIX1JtV50O4fJVM2gug.9U0nNcWZC9D2r8DPi0qlXH41yPri.', '5fe2fe713512e.jpg', 1, 1),
(238, 'Andrean Gregorius', 'andrean.gregorius.pandapotan-2017@fh.unair.ac.id', '$2y$10$TfytPX353t.yJMHIo1rj9./Dl01HEWT4.nV4r8qs5M4upf3NRMMDq', '5fe2beb1a0b6f.jpg', 1, 1),
(239, '', 'annisa.amalia.rahmadianti-2017@fh.unair.ac.id', '', '', 1, 1),
(240, '', 'salsabila.laili.zahra-2017@fh.unair.ac.id', '', '', 1, 1),
(241, '', 'indah.permatasari.kosuma-2017@fh.unair.ac.id', '', '', 1, 1),
(242, '', 'salsabilla.ofia-2017@fh.unair.ac.id', '', '', 1, 1),
(243, 'silvia divi salsabillah', 'silvia.divi.salsabillah-2017@fh.unair.ac.id', '$2y$10$/R7ucJDmOgYXU5kbxJXSqeLgCXXMIDboHiTNvGDHbxHkZJ.ixK4W2', '5fe2d5c05ec41.jpg', 0, 1),
(244, 'Abiyyu Hilmi', 'abiyyu.hilmi.pradana-2017@fh.unair.ac.id', '$2y$10$uYbk4VkErhdqZzsC9l8HAO6xD13XiDTYkYeGyGs1/Z3BjwFe4SGeq', '5fe2e1307996d.jpg', 1, 1),
(245, '', 'sylvana.aninditha.maharany-2017@fh.unair.ac.id', '', '', 1, 1),
(246, 'Diska', 'mohamad.nur.kholiq-2017@fh.unair.ac.id', '$2y$10$3zu9xrYlThsA02Ked3hBueWB/2ahhm/sBDMmnWzn9SSJrlsWgnqhe', '5fe29d0829f72.jpg', 1, 1),
(247, 'Yunanda Husnul Pratami', 'yunanda.husnul.pratami-2017@fh.unair.ac.id', '$2y$10$b6QegZBcBeUa.5DYbbR74uNJNnriAvHfkUY.JtFxCOnKiJxWyCQ/.', '5fe2c573b0261.jpg', 1, 1),
(248, 'Fakhruddin Al-Ghiffari ', 'fakhruddin.alghiffari-2017@fh.unair.ac.id', '$2y$10$RD9Pc.OWOYezYd39fL5rCO36Xsi8aiIlUkyuOKoeNgGILvSiGCgZS', '5fe2d4ed2e32e.jpeg', 0, 1),
(249, 'Ananda Cindy', 'ananda.cindy-2017@fh.unair.ac.id', '$2y$10$j5IAf6LoEVEYOAJohfDNcuaWCP8VSs3Gugc/1Mj6nffQlSg19ZeEi', '5fe2aeb28f927.jpeg', 1, 1),
(250, 'Syahnaz ', 'syahnaz-2017@fh.unair.ac.id', '$2y$10$SD7UQZakPG.m0/c/dTkpWeJRO0f9DSnujMAaTdWN6BPLkMlCFUAb2', '5fe3026abd206.jpeg', 1, 1),
(251, '', 'dimas.erlando.ramadhany-2017@fh.unair.ac.id', '', '', 1, 1),
(252, 'Dafiq Nuansa', 'dafiq.nuansa.arifano-2017@fh.unair.ac.id', '$2y$10$uDTwyIL14sIQY0YkfNS6HO3TrO4jEknnv78srFgm/Zp0K8UG5ZJqS', '5fe2ecdad1e14.jpeg', 1, 1),
(253, 'ENUDIO APRILIAN UTOYO', 'enudio.aprilian.utoyo-2017@fh.unair.ac.id', '$2y$10$fnbFDRBDVZhlx60c6u944OFGn.AeRq2Ul3VFe1WkkKuSbAC1bWvVm', '5fe2b359d0c26.jpg', 1, 1),
(254, '', 'julienna.hartono-2017@fh.unair.ac.id', '', '', 1, 1),
(255, '', 'muhammad.maulana.zaki-2017@fh.unair.ac.id', '', '', 1, 1),
(256, '', 'kartika.prabawati-2017@fh.unair.ac.id', '', '', 1, 1),
(257, 'Mohammad Alif R', 'mohammad.alif.ramadhani-2017@fh.unair.ac.id', '$2y$10$r99.c0ikMb3KuXuY509.guGlqGXFQ010YHcvRiaKq9TCc7KtMTXfm', '5fe2e41cc8b4e.jpeg', 1, 1),
(258, 'Taris  Luthfansyah', 'taris.luthfansyah-2017@fh.unair.ac.id', '$2y$10$ptQT/TdDGrL./Cs0F/SQI.v2aQwEWhjqln57vZidsuwZb0oMfbdFe', '5fe2e13c5b957.jpeg', 1, 1),
(259, '', 'lavinia.aviera-2017@fh.unair.ac.id', '', '', 1, 1),
(260, 'Pribadini', 'noviannisa.luthfi.pribadini-2017@fh.unair.ac.id', '$2y$10$uBBaA.b6DKpqSHfcfR882OFf1nCGg05s8Gj/Rd5UgAfl/rg3jobRW', '5fe2dd12903db.jpeg', 1, 1),
(261, 'Alvian Dharmawan', 'alvian.dharmawan-2017@fh.unair.ac.id', '$2y$10$vaJPRcYuXDN4aLBkJ4/KkegL.EYjOiAAy0P8gPySW4MwfChGbScTm', '5fe2a7bad9fa7.jpeg', 1, 1),
(262, 'Muhammad Fardi Sofari', 'muhammad.fardi.sofari-2017@fh.unair.ac.id', '$2y$10$SWCgHJDQeOuz/1Xd3H3o4uA72fZj3PJQLSVGtKiyAgCsshiVaAeRC', '5fe2c8797c13c.jpg', 1, 1),
(263, '', 'desdiar.zahnas.romauda-2017@fh.unair.ac.id', '', '', 1, 1),
(264, 'Ahmad Zaky Mubarok', 'ahmad.zaky.mubarok-2017@fh.unair.ac.id', '$2y$10$niIs2EATGy.qwS4NLDsV2uAyjsSIVsMyN1Q.o4kaWd4UrDNLDOptW', '5fe2e7ffc4261.jpeg', 1, 1),
(265, 'Julianda Rosyadi', 'julianda.rosyadi-2017@fh.unair.ac.id', '$2y$10$lf7qXonkOmZSqdlInyy4qemGnxwmFI25DG7uouBcpWzJ4J5L9dpAW', '', 1, 1),
(266, '', 'priyo.arief.wicaksono-2017@fh.unair.ac.id', '', '', 1, 1),
(267, 'RAJAMARTIRKA', 'rajamartirka-2017@fh.unair.ac.id', '$2y$10$wUIvEpBP.qvwsLdk5hvf5.DtbZyWPVA/2OSTB7fSXz3S7GRSvzKji', '5fe303e1a2eed.jpg', 1, 1),
(268, 'Satrio Budi Suroso', 'satrio.budi.suroso-2017@fh.unair.ac.id', '$2y$10$h5eIHpbE3b9e7a5QYFG6H.pG3VyLL1PVthOS1Omkgu7wvvGZ53.3K', '5fe2e8c31333a.jpeg', 1, 1),
(269, 'Aldo Rahmandana', 'aldo.rahmandana-2017@fh.unair.ac.id', '$2y$10$DjXGreJcPFXEspIVEaEzEeRCSI6JmyOYbtDs93hGFz/UHZIc7l6gu', '5fe2de93c965f.jpg', 1, 1),
(270, '', 'gerald.vivaldi.wardhana-2017@fh.unair.ac.id', '', '', 1, 1),
(271, 'Zulfa Zahara Imtiyaz', 'zulfa.zahara.imtiyaz-2017@fh.unair.ac.id', '$2y$10$wHW8o3gMfRzLQ.l1LxyRAOHTC7/6E11i9rCsZ7Ce3dSSZNl3E46Aa', '5fe2db65106d8.jpeg', 0, 1),
(272, 'I Putu Setya Agung', 'i.putu.setya.agung-2017@fh.unair.ac.id', '$2y$10$0kEynQ73Il5Vg9U9wIDM5eB3b1pvNw161wBhOl/7SYaIKbO4N0UTi', '5fe30700e0229.jpg', 1, 1),
(273, 'Akbar Rizky Pratama', 'akbar.rizky.pratama-2017@fh.unair.ac.id', '$2y$10$Zom4qI9kCtGh/ciuu5R7pOlnq99FPgPjvjZt9XtdqOxcZiMb0FO/G', '5fe2eaaac002f.jpg', 1, 1),
(274, '', 'nabillah.fitria.nugraha-2017@fh.unair.ac.id', '', '', 1, 1),
(275, '', 'lisa.nadya.afifah-2017@fh.unair.ac.id', '', '', 1, 1),
(276, '031711133245', 'rafinsyah.adhimulya.himawan-2017@fh.unair.ac.id', '$2y$10$W09RuKERZuGZsfUisuWW3eXJDTQtr19d2yjhabLGxhsD.X9lCKl/S', '', 1, 1),
(277, 'Dhimam Zidny Siradj', 'dhimam.zidny.siradj-2017@fh.unair.ac.id', '$2y$10$0fvKRiKUBToocODOtUUgH.Rf0suJ/IqD7JzqEySKg9Lbu/gvyqAD6', '5fe2f30f8baa6.jpg', 1, 1),
(278, 'nabila sara faninza', 'nabila.sara.faninza-2017@fh.unair.ac.id', '$2y$10$T5cgPYiDFMp3sPrr2HixB.T.RezftypRzyAgwofFCj36q6XWD7Zxm', '5fe2a3da6a172.jpg', 1, 1),
(279, 'Qowi Dzulfarhad', 'qowi.dzulfarhad-2017@fh.unair.ac.id', '$2y$10$7eCIU8FDgDxGheVlmFObo.BePn4H4hvI6HW.OXbo0nEVdXC2aJ4f.', '5fe2f4eb207f4.jpg', 1, 1),
(280, '031711133249', 'royan.dawud.hadji-2017@fh.unair.ac.id', '$2y$10$UqDGz4v4yKOmIv2/jzkK9uoZpnMrAeuP0l00FIoATyAv7u/ufpyEu', '5fe2f6453e8e6.jpg', 1, 1),
(281, 'andika prakoso', 'andika.prakoso.marsekal-2017@fh.unair.ac.id', '$2y$10$gZ1zuFn7Ht1uqlWQT6JrguLfMk2HhgG0tkzoK9Lm7GNgz0hIyk90K', '5fe2dc67930be.jpg', 0, 1),
(282, 'diska', 'mohammad.diska.prananda-2017@fh.unair.ac.id', '$2y$10$M2UC/UnzfL0fiTeDj06RleSV2vI4wJAD7P1AZIRSMlGwfzqR/I1W6', '5fe2dca8bf5c0.jpeg', 0, 1),
(283, '', 'belinda.dwi.tamara-2017@fh.unair.ac.id', '', '', 1, 1),
(284, '', 'farah.diba-2017@fh.unair.ac.id', '', '', 1, 1),
(285, 'Aries saifullah', 'aries.saifullah-2017@fh.unair.ac.id', '$2y$10$qYL3TxRH9Ghx51bUVvFWk.0L8e8Gm62omBo9kI41Zty6XFySvBKOi', '5fe2fe8d4827e.jpeg', 1, 1),
(286, '031711133217', 'rida.aristawati-2017@fh.unair.ac.id', '$2y$10$EKD/gMCh5ykt9P3rA48ykejT3gsp5ZlQWeJ6H5lex1wUvA9zavXd2', '5fe2abed5d0c5.jpeg', 1, 1),
(287, '', 'salsabila.yasmin-2017@fh.unair.ac.id', '', '', 1, 1),
(288, 'desya annisa anandita', 'desya.annisa.anandita-2017@fh.unair.ac.id', '$2y$10$64KzIU18DV/4g9QFYJGEFO8mxyyZK1tqPZJUA.5U52BnatMdoCm4K', '5fe2fe760a365.jpeg', 1, 1),
(289, '', 'cut.sara.devariza-2017@fh.unair.ac.id', '', '', 1, 1),
(290, 'irfan.marzuqi.ridla-2017@fh.unair.ac.id', 'irfan.marzuqi.ridla-2017@fh.unair.ac.id', '$2y$10$XsWlmoRNhRSG9gVBWCiS6.u0LIuf3O/2j/nhzCvpBkNnl4sjVmB3K', '5fe2b2653cc9c.jpg', 0, 1),
(291, 'Nabilla Fitra Larasati', 'nabilla.fitra.larasati-2017@fh.unair.ac.id', '$2y$10$QBi/mIz1n8PtFw3Mtj//Wuln3GrQ.3EfZnrzsOz7LKKkasOiEgZs.', '5fe301d8b2585.jpg', 1, 1),
(292, 'Alicia Juanita', 'alicia.juanita-2017@fh.unair.ac.id', '$2y$10$/0n2.dtmhzsHVKuuF5XYQemedo5JkVpLM/4KXhzhYImpVoq8.w.ne', '5fe2bde06c210.jpg', 1, 1),
(293, 'Valerieo Ezra Hutagalung', 'valerieo.ezra.hutagalung-2017@fh.unair.ac.id', '$2y$10$STKfZibxnWPbJuCKizuj7.r2S/h4Tl/SyYsXBezfedMvQU5/BfnDq', '5fe2e1eb317fd.jpg', 0, 1),
(294, 'Septya yuriko kaeng', 'septya.yuriko.kaeng-2017@fh.unair.ac.id', '$2y$10$1AM1pMB0Snyu1FpIWK/OD.1wl5u.YWJ6WNly8XuuL24tUGYtdLEgm', '', 1, 1),
(295, 'Muhammad Risky Oktavian Akbar', 'muhammad.risky.oktavian-2017@fh.unair.ac.id', '$2y$10$2XHmUcxbonzdSh7r2hn9s.e.z6hwFA5t3beM.AP9cLZk7wzdb2.3u', '5fe2e2413a149.jpg', 1, 1),
(296, '', 'rizaldi.tri.pamungkas-2017@fh.unair.ac.id', '', '', 1, 1),
(297, '', 'salsabila.annisa.nursaputri-2017@fh.unair.ac.id', '', '', 1, 1),
(298, '', 'kristophorus.gerin.noven-2017@fh.unair.ac.id', '', '', 1, 1),
(299, 'Adia Misqa I R', 'adia.misqa.imtiyaz-2017@fh.unair.ac.id', '$2y$10$6ZP7GOuLbbRbVLFmZKJp3OS/YC4bpRZ2a5dOw4mzpKOKZXxDA1dBO', '5fe29e11013de.jpg', 1, 1),
(300, '', 'rachmadifa.alin-2017@fh.unair.ac.id', '', '', 1, 1),
(301, 'Faizin Achmad Sumhudi', 'faizin.achmad.sumhudi-2017@fh.unair.ac.id', '$2y$10$J9s8CHCELj7NXGECCaNrNuXZFTir3m7D48z7z/uoJciJeUgIWz9qW', '5fe2c66ca7f1a.jpg', 1, 1),
(302, 'Rebecca Mariana Angelina Girsang', 'rebecca.mariana.angelina-2017@fh.unair.ac.id', '$2y$10$lWuNYfbitChmlyr3/fkQ3.hv7AHxekt/QF69yVPMz8e7GXt6kk7a2', '5fe2dad9c9125.jpeg', 0, 1),
(303, 'Agung Jaya Kusuma', 'agung.jaya.kusuma-2017@fh.unair.ac.id', '$2y$10$uIFS1/hOfH76i7XtmGYl1OpR.tbMO/QFSzvbCI7OzTgSJsxsol2Z2', '5fe2fe4d23c10.jpg', 1, 1),
(304, 'Nabila Maraya F', 'nabila.maraya.farenia-2017@fh.unair.ac.id', '$2y$10$BcDCXtz1QGujUMf7JVV9fu0D1gOvb4y/oWksnivUGaIZkikvQnSke', '5fe2e2bca6719.jpeg', 1, 1),
(305, 'zhafira zeta', 'zhafira.zeta-2017@fh.unair.ac.id', '$2y$10$jeN77TLOxHbW3qfL0yFiG.Pq1r5i1VzAIHu1MLMac5HUo2PtaHDH6', '5fe2f8fdc251a.jpeg', 1, 1),
(306, 'Fariz seiff', 'fariz.seiff-2017@fh.unair.ac.id', '$2y$10$gQ7mmH9UXYYM92NTA/Ez4uAyrU9pBKB0w.bblTh3OYEmXh80YoOtG', '5fe2fdcaa5782.jpeg', 0, 1),
(307, 'Ainaya Nadine', 'ainaya.nadine-2017@fh.unair.ac.id', '$2y$10$UgP0rTjs4OErR4gBnpc3wu7bkmExTJnCO6WuYx0SkIZlRTDkiPLBC', '5fe2d11ad0393.jpg', 0, 1),
(308, '', 'rinzana.nuranggraeni-2017@fh.unair.ac.id', '', '', 1, 1),
(309, '', 'thesalonica.inta-2017@fh.unair.ac.id', '', '', 1, 1),
(310, 'Anneta Cornelia Budianto', 'anneta.cornelia.budianto-2018@fh.unair.ac.id', '$2y$10$Fnl2wRfrP3vqk1Y6wCM3Yu2Vq8nQYqUhhByIfQYK3jF9V1kfamPIG', '5fe3071843102.jpg', 1, 1),
(311, 'CLARISA TALIA', 'maria.clarisa.talia-2018@fh.unair.ac.id', '$2y$10$SpW9S8OEWAF/CA9wU/bWZ.jJjwTUo7VviD7H1T6venSRkfoZ.UNV2', '5fe2c652eba35.jpg', 1, 1),
(312, 'Zulfa Karin Sampurna Putri', 'zulfa.karin.sampurna-2018@fh.unair.ac.id', '$2y$10$yk9m7kjMx93OaSshtVebmucq.Td1y5THvoq8tYCiw.YpYxxh4wGxi', '5fe2ea490bb39.jpeg', 1, 1),
(313, 'shafira monica hartono', 'shafira.monica.hartono-2018@fh.unair.ac.id', '$2y$10$Qw5NQynvmfBwb2HsRugUX.0EryxhvxMh/Jtn1wTHDUsChpBxVAPMK', '', 1, 1),
(314, 'Rasya Elvetta Tsany', 'rasya.elvetta.tsany-2018@fh.unair.ac.id', '$2y$10$xEk36X6/O3MvvSFXk12mj.raKafakzvVKakzK8RWDBgWEAZgpHaey', '5fe2fc72927cc.jpg', 1, 1),
(315, '', 'renhard.ananda.aditama-2018@fh.unair.ac.id', '', '', 1, 1),
(316, '', 'firnanda.arifatul.cahyani-2018@fh.unair.ac.id', '', '', 1, 1),
(317, 'Sabrina Indrawati Putri', 'sabrina.in.wati-2018@fh.unair.ac.id', '$2y$10$msUWI/RXhyFxnfLaDdWIkufD5RUczo8MqsNkfdXIngUBlIQz1V5Na', '5fe2c754e2c6a.jpg', 1, 1),
(318, 'Qona\'aha Noor Maajid', 'qonaaha.noor.maajid-2018@fh.unair.ac.id', '$2y$10$cqL/WzOqPoYFHoD/dznwMeetsvbcW7M/uIv6BbhsHwJe.nFMxFYX2', '5fe300690940a.jpeg', 0, 1),
(319, 'Bagus Satya Wardana', 'bagus.satya.wardana-2018@fh.unair.ac.id', '$2y$10$x.d883IIg97HtFSLOB3KgO4wJ8EAU71LuRr7Ol63aldtdexZqsCym', '5fe2be14deec8.jpeg', 1, 1),
(320, 'Kurnia Fajar Suryani', 'kurnia.fajar.suryani-2018@fh.unair.ac.id', '$2y$10$xBtL7oXnfAx2YE7UWi6Wa.U/d7yq3ijX7/DCK52VG.D1HttuAl//u', '5fe3019619d21.jpg', 1, 1),
(321, '', 'noering.ratu.fatheha-2018@fh.unair.ac.id', '', '', 1, 1),
(322, 'Lucky Diamond Tuansa', 'lucky.diamond.tuansa-2018@fh.unair.ac.id', '$2y$10$aUEdFi8O2hDSNzYFks8QBOq/GKYNO5v13Kf3B6jPJ2dxwR98xj5P.', '5fe2ae7df2859.jpg', 1, 1),
(323, 'faza nurul masyita ', 'faza.nurul.masyita-2018@fh.unair.ac.id', '$2y$10$p0RnqFsHBIPdAht.33Ux5uZeUBuR5ubwH.XEwjSS3hw5JLxpfqdyG', '5fe29e5f658ac.PNG', 1, 1),
(324, 'Dinda Ajeng Puspanita', 'dinda.ajeng.puspanita-2018@fh.unair.ac.id', '$2y$10$VPGUxcqbBj2MR32Cacl2Fepzqo04mYSpXSoq9FYlAQ5g7gmWUPpcm', '5fe2e350d53dd.jpeg', 1, 1),
(325, 'Farhan Adin', 'farhan.adin.nugroho-2018@fh.unair.ac.id', '$2y$10$vRpdr.1.tTrpzaRfquPRI.lWcDT8r3UocTshYhhxAJZM89zIkUKRy', '5fe2b98ee3607.jpg', 1, 1),
(326, 'Annisaa Azzahra', 'annisaa.azzahra-2018@fh.unair.ac.id', '$2y$10$QD93NbaiyTc2Ca9tAsz9.OvqEvVM7SMEsZ6O/MyFYUVKIOxrJ6s/2', '5fe2cc8eca542.jpg', 1, 1),
(327, 'nadilla mayang chahyani', 'nadilla.mayang.chahyani-2018@fh.unair.ac.id', '$2y$10$wMpg3PAooLC8U5g5pGF68.t6qMNkNmhYDuZ68aHHjJoW2n6rXnzPG', '5fe2bb41a18be.jpeg', 1, 1),
(328, 'Arivigo Pranata', 'arivigo.pranata-2018@fh.unair.ac.id', '$2y$10$MpU9eJLsGFjCbrKnY2Gqae7N1e.BevktgMTph/1sd/aft5PvP3b5a', '5fe2e85017b25.jpeg', 0, 1),
(329, '', 'intan.apriyanti.mansur-2018@fh.unair.ac.id', '', '', 1, 1),
(330, 'Muhammad Rizqullah Dany Putranto', 'muhammad.rizqullah.dany-2018@fh.unair.ac.id', '$2y$10$ge9FjnzF9UudQ7Fzl5FDJOKrlvqOg73HtbeSmGF8h.qDkgza6hZBq', '5fe2eca2356c1.jpg', 1, 1),
(331, 'fauzan akhmad dzaki', 'fauzan.akhmad.dzaki-2018@fh.unair.ac.id', '$2y$10$yNrihfa0Wg/1XduJMTQbAucDTWTXMozrt.tPd09pZjZjfilnJtIEm', '5fe2bcd5a521c.jpg', 1, 1),
(332, 'M. Fadhil Shidqi', 'm.fadhil.idqi-2018@fh.unair.ac.id', '$2y$10$zC2vKWDCXB8PfoLAuav9ZOPIUSpMDqti4IHAFU4Jr16E46V54Gs9G', '5fe29c0c8b7b0.jpg', 1, 1),
(333, 'Erlangga Yudha', 'erlangga.yudha.prasetya-2018@fh.unair.ac.id', '$2y$10$v3GcnY2ueQmef.cfC0pMVuYe5gIFhRDoFSDsyuweY7yksCKCTUAby', '5fe2b98aa08d6.jpeg', 1, 1),
(334, 'Sonia', 'sonia-2018@fh.unair.ac.id', '$2y$10$lmMu.HagFq7D9rpqgZASvOUm6L5bn7BB42MpJ5tgaU6GdT73Y4M2.', '5fe2e639c6267.jpeg', 1, 1),
(335, 'Nadya Eka Amalia Al\'Azza', 'nadya.eka.amalia-2018@fh.unair.ac.id', '$2y$10$NZJTEwhoU0O4TJiN8DxIDu060us7mKQKAT/ufuAb3Za9zQCJzcCMa', '5fe2b28bb4ef4.jpeg', 0, 1),
(336, 'fitrizki dwi nanda', 'fitrizki.dwi.nanda-2018@fh.unair.ac.id', '$2y$10$O8g/DOD637rRe5OQnyaXTegwgLcfnP3XTMrIWdjGBIlf6uzuzPBeO', '5fe2e07400ebf.jpeg', 1, 1),
(337, 'Adriel T.H.', 'adriel.timothy.herdito-2018@fh.unair.ac.id', '$2y$10$hrR.n42inTB7/S/dkqhEo.dlPq2l6vQMs0av7bRj9/jcqCGn.GSPq', '5fe2e451bf74b.jpg', 1, 1),
(338, 'Moch Rachmat Prawira Yudha Putra', 'moch.rachmat.prawira-2018@fh.unair.ac.id', '$2y$10$MG.ltFNQ7ehzArblsAauluKcUc7N5KEeLoS0G4hejdB5AQAVV/PAW', '5fe27e4578a8d.jpg', 1, 1),
(339, 'Rifqi ihyaul haq nusa', 'rifqi.ihyaul.haq-2018@fh.unair.ac.id', '$2y$10$9U0k7gV9h9TEZsolYVp1IOsDiSZ.gtcNSnOilIQR025zJSSq8E0SC', '5fe298a1c36e9.jpg', 1, 1),
(340, 'Sindhu Dwi Admojo', 'sindhu.dwi.admojo-2018@fh.unair.ac.id', '$2y$10$JXtdUP1nN1F3ERXa0qohF.7XlflaUTMVSS1dQpeMIR4VBI9237o4y', '5fe2e3b69fdb8.jpeg', 1, 1),
(341, 'Muhammad Ilham Mahrudin Zamzam', 'muhammad.ilham.mahrudin-2018@fh.unair.ac.id', '$2y$10$J.RUM1f7yacuyB6RuR17f.ZLCIoEeeWGfhEcziLFxQg3lTBb7Arqe', '5fe29a1f5fe79.jpeg', 1, 1),
(342, 'inas.syadza.wafikhoh-2018@fh.unair.ac.id', 'inas.syadza.wafikhoh-2018@fh.unair.ac.id', '$2y$10$d04CdEi5K/1N5Wtqu5qNsOBIH8t3gAoXNz/tgPPVol2osNt7ly/1q', '5fe28cc6bc281.jpg', 1, 1),
(343, 'Made Sinta Syaharani S', 'made.sinta.syaharani-2018@fh.unair.ac.id', '$2y$10$gox2QQHVE8EIWaIwQeKIK.zkL8SCUcRif8xuraqFhaCkemG5SfgAC', '5fe2fe49e62f1.jpg', 1, 1),
(344, 'fahriza nadiastari', 'fahriza.nadiastari-2018@fh.unair.ac.id', '$2y$10$hj5RlV.XiyfA4/Vzd31St.Of.CQP/hH7E0RGLuqCbjMdEgC7kH9sK', '5fe2b6b89335c.jpg', 1, 1),
(345, 'Evan Joshel Tumanggor', 'evan.joshel.tumanggor-2018@fh.unair.ac.id', '$2y$10$8HtKIzfM.CEJDXnDEt5NLOCBj3OQTvSd7XBRQdfZ4mBVpBU.UEclS', '5fe2bc8c5ca38.jpg', 1, 1),
(346, 'Dionsius Surya Ernawan ', 'dionisius.surya.ernawan-2018@fh.unair.ac.id', '$2y$10$ZAMnc0R6EXFLbNaeceWCu.u4BvZJJEtIrTtlt6UhYiTtSV92JE/yW', '5fe2d069c434e.jpg', 0, 1),
(347, '031811133227', 'dimas.wibisono-2018@fh.unair.ac.id', '$2y$10$wTi3n7kerjskdOmeGmmirelrO.6i0pw8uf0tPHodCGJktGydxs6yi', '5fe2d0b1f2d66.jpg', 0, 1),
(348, 'Farani Nazwa Chairunisa Irsan', 'farani.nazwa.chairunisa-2018@fh.unair.ac.id', '$2y$10$A7auj210elWyIal.ALqeBuOvSSaca2RdFeq.r01TlN3fnVrAD9JfC', '5fe2f95dce718.jpg', 1, 1),
(349, 'Muhammad Ramzy Subakti', 'sanjaya.daffa.ramadhan-2018@fh.unair.ac.id', '$2y$10$SJXpCQfI1nBmSwr4D.xiie2zWzg2UE4ZvVCNDEmJu9hCOneZxMUC2', '5fe29c9a70bbb.jpg', 1, 1),
(350, 'Zalfa A. F. Jatmiko ', 'zalfa.attiyah.faradiba-2018@fh.unair.ac.id', '$2y$10$xCdO4vRua91idijGYMjff.l9sNI6jYi.mHgSqH9RoBYEPaf4Af4Le', '5fe2ebae68e32.jpeg', 1, 1),
(351, 'Angga Yuristian', 'angga.yuristian-2018@fh.unair.ac.id', '$2y$10$Mg1AAUfp.FwdybCbYl6uAu9VCWzZ9h3dPwYYEHisAJ5ecmNe/jBZ6', '5fe3003e00ace.jpeg', 1, 1),
(352, '', 'samuel.triston-2018@fh.unair.ac.id', '', '', 1, 1),
(353, 'Sigmawati Widyaningrum', 'sigmawati.widyaningrum-2018@fh.unair.ac.id', '$2y$10$Hb8V4lJlyC4uHt89QWmK0.cOsxEGnQsz2/uZLY4R9ni0YbF9DmX4e', '5fe2aab131beb.jpg', 1, 1),
(354, 'Inez Nurina Adzani', 'inez.nurina.adzani-2018@fh.unair.ac.id', '$2y$10$8f/xtNJizaTy5DXqXDHIZ.7cVx/ub6Mq0J6mOF6CNPsbPQOaQNkTO', '5fe2bb3f9bbba.jpg', 1, 1),
(355, 'Luckysia hendyansyah', 'luckysia.hendyansyah-2018@fh.unair.ac.id', '$2y$10$whd5.olifs7ajrGfJtrQn.mLQm0L1xrCnDK3tGxFOgaC/ldars3gO', '5fe2a6708e67f.jpg', 1, 1),
(356, 'Gunawan', 'gunawan-2018@fh.unair.ac.id', '$2y$10$hoPhCj9CfTAKqJe0pBBUyur3XTu2WpXAG10lislpd.tvGOQjRl8nq', '5fe2a75c58c0a.jpg', 1, 1),
(357, 'amelia ayu nurvita', 'amelia.ayu.nurvita-2018@fh.unair.ac.id', '$2y$10$.yPtl7Teufkv0T4fMrh.pOO0aMy8Otkq7Fy3Ryc/p3kJDEYbEqrU.', '5fe2dd9376e14.jpg', 1, 1),
(358, 'NABIIL IKBAAR MAULANA', 'nabiil.ikbaar.maulana-2018@fh.unair.ac.id', '$2y$10$DQWiH59En0N8d2JJaDbGcOwojP202nDueb8tP7pZ5smor2y3y.pBu', '5fe2922faf098.jpg', 1, 1),
(359, 'Katherine Abidea Salim', 'katherine.abidea.salim-2018@fh.unair.ac.id', '$2y$10$Ub5vvmTSRXXXazxPEr9C/.6gRcCL6UbRFJAlTnFo3GXJDIApFsSeq', '5fe2f14ee7645.jpg', 1, 1),
(360, 'Kinan Kalam Khalifa', 'kinan.kalam.khalifa-2018@fh.unair.ac.id', '$2y$10$ULE8WT0Af9inynpW9qtP3.whKo4ruDriy0DANz/OrcYvpeW0QCqeC', '5fe2cb4da4791.jpg', 1, 1),
(361, 'Noor Eva Rahma', 'noor.eva.rahma-2018@fh.unair.ac.id', '$2y$10$w8y5CdSB7BvtUptSNqzerugZio6R0ANYghszFSKumT/RIAGMH0Sle', '5fe29f3f68c3b.jpeg', 1, 1),
(362, '', 'viena.andhani.riswari-2018@fh.unair.ac.id', '', '', 1, 1),
(363, 'Naufandiary Bachtiar Ramzy', 'naufandiary.bachtiar.ramzy-2018@fh.unair.ac.id', '$2y$10$cAJveOLQveEq5m1hrJm8Tex1MooLY0qF3Tbc2T5TQQ4pFPvhDR/hW', '5fe29b0fb7166.jpeg', 1, 1),
(364, 'Ezra Tambunan', 'ezra.tambunan-2018@fh.unair.ac.id', '$2y$10$kqQ6Ct9/urXLt7EP/jA56OQeLwaTEJw8gRTx7BmYxx3FhmXkuOrwC', '5fe2c716089f4.jpg', 1, 1),
(365, '', 'inas.audah-2018@fh.unair.ac.id', '', '', 1, 1),
(366, 'Amirah Zalfa Arindya ', 'amirah.zalfa.arindya-2018@fh.unair.ac.id', '$2y$10$zZIG0BEaeSLjjsO8J85mQeddF6lXR6pqYan1OFSuaiJVJ88ZCLPMC', '5fe2cc55c244c.jpeg', 1, 1),
(367, 'Yosua Putra Iskandar', 'yosua.putra.iskandar-2018@fh.unair.ac.id', '$2y$10$XryX8SsXT5wh0XxVoaYr8OWj3fG3qx1fhG4kj1Fn3LiHXVTPCXlUm', '5fe2f995ec8a7.jpg', 1, 1),
(368, 'Helmy Sujiarto Haryo Bismo', 'helmy.sujiarto.haryo-2018@fh.unair.ac.id', '$2y$10$tj/orJmrIqhPhkJdcYNO9.4cIl3xH4w16pdzDbaG3jOTWi1v3u6U.', '5fe2b16237c15.jpeg', 0, 1),
(369, 'Nadhilah Alifia Maharani', 'nadhilah.alifia.maharani-2018@fh.unair.ac.id', '$2y$10$6xmwDRfbu4zRX9V6Chu45.FwU.BGnWwv0O3.Dx7lPntG4SxvxoFqa', '5fe2c3a1dcd81.jpg', 1, 1),
(370, 'Ramma Setyasuryantoro', 'ramma.setyasuryantoro-2018@fh.unair.ac.id', '$2y$10$WHIQJ5pLOt4G3fS1a.Nfq.dxNtTYY0HoVb.I7J4WADrtyegoZiX5C', '5fe2bb6cc0d43.jpeg', 1, 1),
(371, 'Ardan ardian syah', 'ardan.ardian.syah-2018@fh.unair.ac.id', '$2y$10$Ef7vuRe2/AU9sxHAHYbLCuWGzFZSaOhmvsEdZEjOo18p80Oc3qCki', '5fe2b1f84ad97.jpg', 0, 1),
(372, 'Christopher Wongsonegoro', 'christopher.wongsonegoro-2018@fh.unair.ac.id', '$2y$10$R6KW5l7yuPKb.dowIkCQu.chhHtXlJV8AEaxTNeWmR/W7KDx/6R52', '5fe2c151e0ac4.jpg', 1, 1),
(373, '031811133012', 'reza.utami.wahono-2018@fh.unair.ac.id', '$2y$10$aENn6G0Pr1CKwz6216PyjOtVwP9nB3s7z5YF61vgfMxqppmYMC5JS', '5fe304cc844f6.jpeg', 1, 1),
(374, 'Cahya putri arieza', 'cahaya.putri.arieza-2018@fh.unair.ac.id', '$2y$10$0mw9ThEiaH0S0o9JQbjS7O0ET9xGlthF6TJWHZDHclg2fZYAm8MJS', '5fe2820ead35c.jpeg', 1, 1),
(375, 'Wahdianan Albary ', 'wahdianan.al.bary-2018@fh.unair.ac.id', '$2y$10$fWI2ybVTjpP1/2RJafyDvOj5yK5DyOX9wMLu9F2uty9hArMm7IMMK', '5fe2b9f2117b0.jpg', 1, 1),
(376, 'felice natania', 'felice.natania.safira-2018@fh.unair.ac.id', '$2y$10$Oxt4xoa/rLYEaWT.bsYgz.PaK.YWXje648szlde.eUltJoyR.9kBW', '5fe2ec884e9e8.jpg', 1, 1),
(377, '', 'sirih.zubaidah.takliminatun-2018@fh.unair.ac.id', '', '', 1, 1),
(378, 'Andika Risqi Irvansyah', 'andika.risqi.vansyah-2018@fh.unair.ac.id', '$2y$10$u9tTwVB/FO.DICEVZUTcr.SJbNYuaxfuWAOXyYJ6wWckyZFon2Cq6', '5fe28f9f40e97.jpg', 1, 1),
(379, '031811133062', 'gisca.nur.assyafira-2018@fh.unair.ac.id', '$2y$10$Fm5bv55sGtHoqVA/HxyHhOChMS.Xx5teitmQN7kySGSgdLeMUqITK', '5fe2ce44b113a.jpeg', 1, 1),
(380, 'Nouratama Anugerah Nandyani', 'nouratama.anugerah.nandyani-2018@fh.unair.ac.id', '$2y$10$8ajXfkdXnSjzq7JSA3jjtePtKk0KyDQ4N5XpiYY/RC/VE8RkkwpQe', '5fe2d5341ae62.jpg', 0, 1),
(381, 'Delfira Rachmawati', 'delfira.rachmawati-2018@fh.unair.ac.id', '$2y$10$F9dw5mlTvtzFMlgLnkKg0.xC3AJHHbU0cNrWDhWBbqFL50FkxpYQe', '5fe2a087f106c.jpeg', 1, 1),
(382, 'Nabila Aulia Rizki', 'nabila.aulia.rizki-2018@fh.unair.ac.id', '$2y$10$KWB/gcIjl0.BrWUxsKYEruvunewRhJZAGLiMjgcRcl92VEZjy/rhe', '5fe2ff86e8679.jpeg', 1, 1),
(383, 'Nola Alfiona Kumaala', 'nola.alfiona.kumala-2018@fh.unair.ac.id', '$2y$10$2mNlVl8SnTLKMfh/UqzbuOlD3F4oM2e0zF5zU.onQmsmnVQ9Oub.K', '5fe2cc47af196.jpg', 1, 1),
(384, '', 'khoirunnisa.putri.harnika-2018@fh.unair.ac.id', '', '', 1, 1),
(385, 'ERVINA DITA HARNIKA PUTRI', 'ervina.dita.harnika-2018@fh.unair.ac.id', '$2y$10$zSLNOpn4iwzw/HXfzpb52.S2682JuseUs2KiJuYJtQGUWV7M2TpBC', '5fe2bf92643d6.jpg', 1, 1),
(386, 'Millenia Jihan Febriana', 'millenia.jihan.febriana-2018@fh.unair.ac.id', '$2y$10$ykRsOaQ9HpdlAITV2eLZter1pxeIMZFNSXgfSU8g9nQ1RxOP3qqfi', '5fe2c2ba471f6.jpeg', 1, 1),
(387, '031811133022', 'virda.wildan.syah-2018@fh.unair.ac.id', '$2y$10$YSTOndoDBtPpXE.QEa.EM.sCFTnAGGcHJDxM5aeOx5Xm/yFxOQqJS', '5fe2af43ec3c6.jpg', 1, 1),
(388, 'Muchamad Bagus Gatri Mahardika', 'muchamad.bagus.gatri-2018@fh.unair.ac.id', '$2y$10$qWNjrywK9Sc6Za.5ISPBJOG6eEBGftxt1WTsZl52kcA6Dwo.QNjha', '5fe2a91c5b141.jpg', 1, 1),
(389, 'Bayu Andre Ariotomo Pangaribuan', 'bayu.andre.ariotomo-2018@fh.unair.ac.id', '$2y$10$p7fHb8pba3bvBsTbawdWG./ApwfvzS7OwMt0DsNPNcfD0gBITrYje', '5fe2893238c5f.jpg', 1, 1),
(390, 'indah novianti', 'indah.novianti-2018@fh.unair.ac.id', '$2y$10$6bAqnkH9bHpKc1AI/LJ5r.4MOOMiFsJt3D1xELYvtm8RWcFUJ6KfO', '5fe30482de7cb.jpg', 1, 1),
(391, 'Hasan', 'hasan-2018@fh.unair.ac.id', '$2y$10$lwRK/jEWy.dp/eYsOE9/JO/JD5eyQTJRenM9DrvTQkSO4P3ywdv72', '5fe2d32ea2bd5.jpeg', 0, 1),
(392, '', 'vini.alifia.widiati-2018@fh.unair.ac.id', '', '', 1, 1),
(393, 'Joshua Bonar', 'joshua.bonar-2018@fh.unair.ac.id', '$2y$10$oLRNVcsLOfOruFP5.8Kze.CNO2QEinBcm4kwfVcMSKpIHXE8tfFZ.', '5fe2f5bbe1308.jpg', 1, 1),
(394, 'KAMILIA MUMTAZZA PUTRI MANDASARI', 'kamilia.mumtazza.putri-2018@fh.unair.ac.id', '$2y$10$/RqQvgbdLDhn2EojFz.hL.E8pjgqxPsb9XkdSAhIijDLMS/8dQ1oC', '5fe306920b02a.jpeg', 1, 1),
(395, 'yanuar suryadini', 'yanuar.suryadini-2018@fh.unair.ac.id', '$2y$10$8DI27Drkbu5RjcOdAoZ4n.BuLYajpvteg.4n5RJvL0eGOH6EgdOwi', '5fe2db2930ece.jpeg', 0, 1),
(396, 'Soegih Rasyad Sriwidyandiyo', 'soegih.rasyad.sriwidyandiyo-2018@fh.unair.ac.id', '$2y$10$//TpqBor5n6MfchpnuPIP.Ai.c1CmapFPddtFMyPjZRIFoLY0sPqm', '5fe29a71a429e.jpg', 1, 1);
INSERT INTO `voter` (`voter_id`, `name`, `email`, `password`, `attachment`, `send_status`, `is_active`) VALUES
(397, 'Cresentia Zakia Ramdani ', 'cresentia.zakia.ramdani-2018@fh.unair.ac.id', '$2y$10$zjxBM8vANKUXsx/C0Wphnu.HOGtwR1cXczZ9kg/Q7XcHgPVril5xK', '5fe2bc2036150.jpg', 1, 1),
(398, 'Rofadan Mina Arsyada', 'rofadan.mina.arsyada-2018@fh.unair.ac.id', '$2y$10$Dq5keJaUchXzUqA2fRcos.t413Xxn9eCBN9ClNjgT6J3qY1TM/VEi', '5fe2bc10d4c10.jpg', 1, 1),
(399, 'Yohanes Rafael Samosir', 'yohanes.rafael.samosir-2018@fh.unair.ac.id', '$2y$10$p/3areVSjK8UVe8w8yzyzuqDg7l/N.jHoqX7llNm1lDyOF.I/v1je', '5fe2dbc2b661f.jpg', 0, 1),
(400, '', 'thabita.kurnia.putri-2018@fh.unair.ac.id', '', '', 1, 1),
(401, 'Aldika Cahya Narendra', 'aldika.cahya.naren-2018@fh.unair.ac.id', '$2y$10$Gjj/lmk9AtqmZy5w2eNcn.BkfcvzHqEY6716dG8GoMSbg3brN2eoO', '5fe2b02c1bf5e.jpg', 1, 1),
(402, 'Arinni Dewi Ambarningrum', 'arinni.dewi.ambarningrum-2018@fh.unair.ac.id', '$2y$10$KW78Z6vsua74i5JCuoJWGuHcy1aR5jsFzCKHN./7UIvfjEJ5OuBc.', '5fe2bb7f5533f.jpg', 1, 1),
(403, 'Igfara Yustika Sintadewi', 'igfara.yustika.sintadewi-2018@fh.unair.ac.id', '$2y$10$LEMdQnlD41hlHXKn4QTH0O6VQ8Qn2Dgv7d9AvUbdCFAs1VAbhhWVK', '5fe2f50269524.jpg', 1, 1),
(404, 'Aulia Dwi Ramadhanti', 'aulia.dwi.ramadhanti-2018@fh.unair.ac.id', '$2y$10$FM9brtxU.H3/OpEo./zPyOvtCp17gfXvFBum7JlSopzeJ2pPlBeFO', '5fe300b16eb47.jpg', 1, 1),
(405, 'Dinda Putri L', 'dinda.putri.laksinta-2018@fh.unair.ac.id', '$2y$10$WB.DfGvp5vge4.D6sjbFTubhJWmVJ.08DQoHABMHhWmBmCaNW7uGm', '5fe2aca57f5ee.jpeg', 1, 1),
(406, 'Marsa Maghfirah Zahrah', 'marsa.maghfirah.zahrah-2018@fh.unair.ac.id', '$2y$10$3y8nI0VXdQenYNEVc9OFIe4K637p.RhEmesupef5NeeWvKOSq/N6y', '5fe28a17783ba.jpg', 1, 1),
(407, 'Mahesa Panji Suropati', 'mahesa.panji.suropati-2018@fh.unair.ac.id', '$2y$10$03wGoummBt.IPH.SDiuSoOU3RkRpQGSkSMt.ptkFDZUKEd5JCh5j.', '5fe2fa11bed7e.jpeg', 1, 1),
(408, 'Nadia Kamilah Malfadeskya', 'nadia.kamilah.malfadeskya-2018@fh.unair.ac.id', '$2y$10$H5U/8R1tz3Bo3TbNEpOKh.0yNl2Xp7KgoOAZY5bqqrDViQEAajo8e', '5fe2ef8242168.jpeg', 1, 1),
(409, 'Rizal Kurniawan', 'rizal.kurniawan-2018@fh.unair.ac.id', '$2y$10$C17k3zfy8bSFaeIkEydm.ui03S1amxXmDuesgRcqhcFN6FFZXb8jG', '5fe2c0f013393.jpg', 1, 1),
(410, '', 'muhammad.rifky.vizzardhy-2018@fh.unair.ac.id', '', '', 1, 1),
(411, '', 'muhammad.naufalurridho.f-2018@fh.unair.ac.id', '', '', 1, 1),
(412, 'Daniel Glori Dias', 'daniel.glori.dias-2018@fh.unair.ac.id', '$2y$10$y8BBJJbRkmpOPHLx7AZM6ezBNNDx23Q5lPp6Dh/yaNZpR0xWKa4oS', '5fe2ddc591e0f.jpg', 0, 1),
(413, 'Afina Luthfi Tsaniya', 'afina.luthfi.tsaniya-2018@fh.unair.ac.id', '$2y$10$nCM2tlqquPs7IcWLsZZ11.QUOfZaM3O.Ot3g67R/9RSpdLUAOzR/2', '5fe2d5b45b5bf.jpeg', 0, 1),
(414, '', 'dio.arsylan.ade-2018@fh.unair.ac.id', '', '', 1, 1),
(415, 'Swesty Medhilia Puteri', 'swesty.medhilia.puteri-2018@fh.unair.ac.id', '$2y$10$bAK.rr1zGtGZh2QhTRhziuO1XGfDgjmlKkW5Vc5Di4REs4jcfHrFm', '5fe2ddbc8781e.jpeg', 0, 1),
(416, 'Resita Kesumawardani', 'resita.kesumawardani-2018@fh.unair.ac.id', '$2y$10$ajn5pYiyaOxZsrILUVkV9urzIV1uqUyvS2sMNX8dHjCreuOVZ4TjG', '5fe2ecc22ab91.JPG', 1, 1),
(417, 'Jasmine Putri Sabillah', 'jasmine.putri.sabillah-2018@fh.unair.ac.id', '$2y$10$vQIjL2lEQzl3BjIGlawZyOJS.U06gllZpMCZVSya420607.kAIBXC', '5fe2e4c18e16f.jpg', 1, 1),
(418, 'Ida nur azizah', 'ida.nur.azizah-2018@fh.unair.ac.id', '$2y$10$qqoN0WfMRlXJ4Bc.oBs58uWLBawBJt2b1Aea/evHRYmH71V8lAoVO', '5fe2e524423e4.jpg', 1, 1),
(419, '', 'jihan.nahdah.rachmahdani-2018@fh.unair.ac.id', '', '', 1, 1),
(420, 'Hatfina Amajida', 'hatfina.amajida-2018@fh.unair.ac.id', '$2y$10$dfapQhgZmH1E6Cu.A0M0Q.mH9E8HKQ.bWKNjubvk39Pef9arvBigO', '5fe2fa6a0b5d9.jpg', 1, 1),
(421, 'Putra Ahnaf Faadihilah', 'putra.ahnaf.faadihilah-2018@fh.unair.ac.id', '$2y$10$7TYA3qCM5w/PP7b8dLC5wOFJ.w/2Txck4WJE/x9nBMirD6UkYOp.6', '5fe2c9ed107c7.jpg', 1, 1),
(422, 'Farah Tania Nurulizzaty', 'farah.tania.nurulizzaty-2018@fh.unair.ac.id', '$2y$10$r1sj9CmQnYbrKxvB4BUZfe6b7skrMuvn1UQQapsmCSZqVPzPc//qu', '5fe2a5425e01a.jpeg', 1, 1),
(423, '', 'avan.oktabrian.buchori-2018@fh.unair.ac.id', '', '', 1, 1),
(424, 'mochammad geraldieanandra', 'mochammad.geraldieanan-2018@fh.unair.ac.id', '$2y$10$/emQefsovpjuQ7cjQqj8aepQidpEChJyT4AG8Kdg5S2IpAmFaAPHK', '5fe299b8519e2.jpeg', 1, 1),
(425, 'Fernanda Nadhif', 'fernanda.nadhif-2018@fh.unair.ac.id', '$2y$10$Hz8H1H.aOaUbFga/QDrOmuPBFoyhQbfxsgN23uRRRhI/gTUA2Zrfq', '5fe29818b6a48.jpeg', 1, 1),
(426, 'moh maulana dafa pahlevi', 'moh.maulana.dafa-2018@fh.unair.ac.id', '$2y$10$0xP4MnHQt9/YcLeiOdpWW.PejxKAfYMkutNQ0.5fBhwCE/0J2ZV/O', '5fe2c7b20f9c6.jpg', 1, 1),
(427, 'syafirah khansa aribah m', 'syafirah.khansa.aribah-2018@fh.unair.ac.id', '$2y$10$DaAhDSbvu/v23508qcOlru8TLOr/fL3ogEtS7prblH.L0du0/.jje', '5fe2d121cb529.jpeg', 0, 1),
(428, 'Raissa Putri Rafindra', 'raissa.putri.rafin-2018@fh.unair.ac.id', '$2y$10$ZDsQtl0wPoeqc9gLHCOgCudZGKt3YC/2Bqhoo3lV3WNrLlKxA2Mlu', '5fe2e4faa3c38.jpg', 1, 1),
(429, '', 'puteri.ayu.lestari-2018@fh.unair.ac.id', '', '', 1, 1),
(430, '', 'andi.achmad.putranto-2018@fh.unair.ac.id', '', '', 1, 1),
(431, 'Dhinda Norlita Febriola', 'dhinda.norlita.febriola-2018@fh.unair.ac.id', '$2y$10$W2QAjuaKla8hwisW9Oyf6eWDmv735iJYQxzdrFWc6/qnkX3KLqtu.', '5fe2b33fc5145.jpg', 1, 1),
(432, 'Arief Cholid Garamah', 'arief.cholid.garamah-2018@fh.unair.ac.id', '$2y$10$aC/vMj4UnWuubACffyvc9eSUNtZWlcpVZL42xM/1lkdwJnFhUrGka', '5fe2db7196751.jpg', 1, 1),
(433, 'Auliya cistaraja javier D', 'auliya.cistaraja.javier-2018@fh.unair.ac.id', '$2y$10$c5OWegb6OcytcQIbaOpNDeyx5aHoWo81mnX3NlcN081klDkAFs9h2', '5fe2eb63beeb3.jpeg', 1, 1),
(434, 'CHRISTIAN KENNY GUNAWAN', 'christian.kenny.gunawan-2018@fh.unair.ac.id', '$2y$10$vCN7AH8cyyxpo1GZWfppHOqw/3jcZ9Xskqr1qdB7BdWsyq1r5Cz46', '5fe2ae2271367.jpg', 1, 1),
(435, 'Enditianto A', 'enditianto.abimanyu-2018@fh.unair.ac.id', '$2y$10$4bvpgcBGUA8w2JRBrQunv.H9SmH8Iac0Is2kV3MqWFofJZ56ePZdy', '5fe2f494b02f7.jpeg', 1, 1),
(436, 'Adam Wildan Mubarak', 'adam.wildan.mubarak-2018@fh.unair.ac.id', '$2y$10$ofxNtMQZ0HhOHWizGvoWfuNcbRbG6zjkDjMbs/crlYgsafKZxa4ZS', '5fe2fc0643c78.jpeg', 1, 1),
(437, 'Trischa Galuh Krishnasanti', 'trischa.galuh.krishnasanti-2018@fh.unair.ac.id', '$2y$10$hB1h7K0cinMt5GFW66/W2OyyUp3NQ/mbrU9W6clzqw0kTIr15mu4e', '5fe2e71611e25.JPG', 1, 1),
(438, 'Mayang Hatika', 'mayang.hatika-2018@fh.unair.ac.id', '$2y$10$zH6DbxhaJcWH.UJQWAfwAuJ8BlsIvlOyHo9EwecCFerhGvCiG8OZe', '5fe2c3850505c.jpeg', 1, 1),
(439, 'Normandyarsa Rahman', 'normandyarsa.rahman-2018@fh.unair.ac.id', '$2y$10$3QH52XGGFFBey2tmNNMwO.6dah000PWbWx7fBBtUorHWqkEBpZnpC', '5fe2bada0082a.jpg', 1, 1),
(440, 'Samuel Calvin Hasiando Sinaga', 'samuel.calvin.hasiando-2018@fh.unair.ac.id', '$2y$10$ao7HomeDwwrrLo7Od6Gjpuc1bcS9Lb2YtJgEDEZVnknKibCpumxSi', '5fe2a409390be.jpg', 1, 1),
(441, 'rizky.ihza.priatamaja-2018@fh.unair.ac.id', 'rizky.ihza.priatmaja-2018@fh.unair.ac.id', '$2y$10$ADj7kg/aXsA29i4ZURBfXOgXDTbeX9Sn.Cq2SXV1K99b1TyLLp08y', '5fe2a2c5d7f02.jpeg', 1, 1),
(442, 'aszahra sri nugraheni bremi', 'aszahra.sri.nugraheni-2018@fh.unair.ac.id', '$2y$10$zVmywnKAfcWmrYmVmXrMf.NfKXjVUYQt3c/iHeXyujun0Wwj7LHG6', '5fe2fcc779164.jpg', 1, 1),
(443, '', 'hafidah.nur.epsteinnia-2018@fh.unair.ac.id', '', '', 1, 1),
(444, 'Quinta Nabila Xeonita', 'quinta.nabila.xeonita-2018@fh.unair.ac.id', '$2y$10$A/CWVHZTNVayqvdfw.XlJ.rLFXz7RNRKDLZiJH6K5dKCra1s9lOKa', '5fe2cd12cb3ca.jpeg', 1, 1),
(445, '031811133125', 'nabilah.khansa.aribah-2018@fh.unair.ac.id', '$2y$10$WCOL4J7wD1vDjNXyi0AjeO9ywamDgq7DlE9waOcE508/5DrtAL6dO', '5fe2ce9aa380b.jpeg', 1, 1),
(446, 'Rahmat Dwi Agafi Prasetio', 'rahmat.dwi.agafi-2018@fh.unair.ac.id', '$2y$10$lYRYG4Q0RXmWrdSlVs5hR.HNBVlj3589RNEXQ1pMVFf3WJc36q/ru', '5fe2ed1062490.jpeg', 1, 1),
(447, 'Dimas Tri Sunu', 'dimas.tri.sunu-2018@fh.unair.ac.id', '$2y$10$/luWttTB2xbpQWp7yFOmPOwdEOg5C5rKUQi0.hTSh2/clqAK7eP66', '5fe2cfe9b909c.jpg', 1, 1),
(448, 'ahmad dhandy kurnia', 'ahmad.dhandy.kurnia-2018@fh.unair.ac.id', '$2y$10$I1WRMWea3xwoWcU6OOO3CuShcx1xKUVKWB4/dNyoeWJ6.KpxM9Qwy', '5fe2a82ecd998.jpg', 1, 1),
(449, 'Felia Ramadhanty Waluyo', 'felia.ramadhanty.waluyo-2018@fh.unair.ac.id', '$2y$10$ZItQ516oJc8IFMCiashqUOQNYZUb.ktd4bMp26iKN.iVw9tQVFsuK', '5fe2c08190c91.jpg', 1, 1),
(450, '', 'ardhiani.chrisnia.nugraheni-2018@fh.unair.ac.id', '', '', 1, 1),
(451, 'Rafly Rachmananda Daffani', 'rafly.rachmananda.daffani-2018@fh.unair.ac.id', '$2y$10$I9Higkz/6DpoHjz5zoBHNuCMKKSocTZkeKwmkd8mqphJXJ5vpHb5W', '5fe29ee5c72a8.jpg', 1, 1),
(452, '', 'raquel.millenia.ramadhan-2018@fh.unair.ac.id', '', '', 1, 1),
(453, 'nur ichsan wira ansori', 'nur.ichsan.wira-2018@fh.unair.ac.id', '$2y$10$NxUoLaF7P0.Jvrqp.l9GkOBBFRgI7dWVNShIiOQJTTiA/pv.MTkyK', '5fe2cf7d264f8.jpg', 1, 1),
(454, 'Rafi adiyatma', 'rafi.adiyatma.wibawa-2018@fh.unair.ac.id', '$2y$10$ssTp3jZdC9G8cEu2eBN.oOvjW20/S5WUeNvVQYzpKfrLWvkRaHQta', '5fe2d3d7cfeec.jpeg', 0, 1),
(455, 'Shafira Putri Kusumaningayu', 'shafira.putri.kusumaningayu-2018@fh.unair.ac.id', '$2y$10$WzgjBoovaQL8c.IUKs8q0epGXTybh72NxLKVL23hcRa8.Emjz9lEy', '5fe2d6b8e4867.jpeg', 0, 1),
(456, 'Muhammad Arungga Bastarsyah', 'muhammad.arungga.bastarsyah-2018@fh.unair.ac.id', '$2y$10$7olLFmCyPxrSpkZWo6WDee3XVs22g3pW1Huu7iEemqGOc5YIeoVR6', '5fe2f2b0a3bf4.jpg', 1, 1),
(457, '', 'annisa.regita.cahyani-2018@fh.unair.ac.id', '', '', 1, 1),
(458, '', 'ardhana.christian.noventri-2018@fh.unair.ac.id', '', '', 1, 1),
(459, '031811133139', 'gede.dimas.bayu-2018@fh.unair.ac.id', '$2y$10$VApNN.LQfsqUwOLUdn9Vd.ZaFWuH3q9FAHtq2wh9BtToYf8mzFPaq', '5fe2d917a6a8d.jpg', 0, 1),
(460, 'Dina Amini', 'dina.amini-2018@fh.unair.ac.id', '$2y$10$ACTTHQrua15HtXnfQwKzhu9TkedvJrtVSHH/JNFdENZOqKrgfEjpW', '5fe2cfe234319.jpeg', 1, 1),
(461, 'Namira Stalina Izandra', 'namira.alina.izan-2018@fh.unair.ac.id', '$2y$10$Rl1iPtXlZdxAcwG.jWuFaeaJ6HVe0y5uS5NIXIMWMVGiqMTRqvSXW', '5fe2af8ed68ad.jpg', 1, 1),
(462, 'Bima Angela', 'bima.angela-2018@fh.unair.ac.id', '$2y$10$dravjgD/RmrEAT5l/pJTs.QzAB/wXT0xqpTe/NpiEvOgcCGi1ckeu', '5fe2a8fc06dc5.jpeg', 1, 1),
(463, 'Istikhomah', 'istikhomah-2018@fh.unair.ac.id', '$2y$10$vyCQkF8GMuxCHzyNa4iQKOuvlgqFeArutvDqNiSV165swhMBDqHr2', '5fe2d2b7f1fef.jpg', 0, 1),
(464, 'Alfinda Putri Nurfadila', 'alfinda.putri.nur-2018@fh.unair.ac.id', '$2y$10$gNUCWj7.ZNBxNav1KfJt8OBD17vjF8t0KC56DWXJAp7o5Cjo5XHGq', '5fe2f44a04f3c.jpg', 1, 1),
(465, 'Revy Danuartha', 'revy.danuartha-2018@fh.unair.ac.id', '$2y$10$krOwHvfdyV5F.jQcGP9wfe9A7JqdEZ1tqC1wBhKM7fCvWzcxgtNhO', '5fe2a7c461e6a.jpeg', 1, 1),
(466, 'Sinta Ratvitia Herlisah', 'sinta.ratvitia.herlisah-2018@fh.unair.ac.id', '$2y$10$IJuHOWENtEoHjb/OtdJJLe8BVGTV.0BKEqm1Y6AduiiLrBmE2syJK', '5fe301fc0d12c.jpeg', 1, 1),
(467, 'Kadek Anda Gangga Putri', 'kadek.anda.gangga-2018@fh.unair.ac.id', '$2y$10$Ir3IddghnScdWTFKw6mp2u4KNw8obj0CN4gmvJ.ezodgkjZ0T9iLa', '5fe2fc906249f.jpg', 1, 1),
(468, '', 'bryan.axel.susanto-2018@fh.unair.ac.id', '', '', 1, 1),
(469, 'Viga Qonita Ulinuha', 'viga.qonita.ulinuha-2018@fh.unair.ac.id', '$2y$10$U1L6DjgRBDXW/vOdPXc4SuAcuQrb7oy5uRYtR.TRPU4NUIobETT5G', '5fe2cc0b7be72.jpg', 1, 1),
(470, 'M Rahmandio Novan Pratama', 'm.rahmandio.novan.pratama-2018@fh.unair.ac.id', '$2y$10$MgbkC4KbQkbdfvlPEM3efu0LQPaYC0Uo1oHx4/SznpZ./NzdLI2am', '5fe2a486f0211.jpg', 1, 1),
(471, 'sherin nadya', 'sherin.nadya-2018@fh.unair.ac.id', '$2y$10$FUND4gOKG5FqOBzS1PHPqeTzrRUswZCyXDBorvuUqbVjvmf6HlW9W', '5fe2e899f369a.jpeg', 1, 1),
(472, 'Patricia Inge Felany', 'patricia.inge.felany-2018@fh.unair.ac.id', '$2y$10$vyZWAWvuS4oGOO3yw9O5V.xY4qQNWoeByCYjGRJC6vigGqODmfsG2', '5fe2aaf8cf7ca.jpg', 1, 1),
(473, 'Muhammad Ramzy Subakti', 'muhammad.ramzy.subakti-2018@fh.unair.ac.id', '$2y$10$QneNoDTDT1uNERYQfppClupVq8XyyisNYBVXLxF6mw1xxmpH6WF1O', '5fe2d3e4792c7.jpg', 0, 1),
(474, '', 'retno.hadiningtyas-2018@fh.unair.ac.id', '', '', 1, 1),
(475, '', 'maverick.gilang.pranyoto-2018@fh.unair.ac.id', '', '', 1, 1),
(476, 'Nabiyla Nadhir', 'nabiyla.nadhir-2018@fh.unair.ac.id', '$2y$10$GpVWY3F0cBnnmQuyejkp6eir/84ec4JjSAdbB47UciwbAC6Rz1E2i', '5fe2bc93dbd84.JPG', 1, 1),
(477, 'Athalia Salsabila Ramadhani', 'athalia.salsabila.ramadhani-2018@fh.unair.ac.id', '$2y$10$GrIN/hOa4LMDLv0f5oTLVecyJjWmqpY4QhcQ.B/763n2Xtk33KK26', '5fe2e9e6a3aa1.jpg', 1, 1),
(478, '031811133055', 'nataya.afa.ghaziya-2018@fh.unair.ac.id', '$2y$10$hAZ1JAenmh0TaZ1K.9BX0OLefscTCmDiaNoMYE00bjDKfgtfEe2CC', '5fe2e1a14328d.jpg', 1, 1),
(479, 'Dinda Pranata Tri Mei Wahyu Anjarwati', 'dinda.pranata.tri-2018@fh.unair.ac.id', '$2y$10$xKYnpti09RhlbJC2JGjPX.Hf4G6dAEHq5/yARWINCN9XEtjdMkb6m', '5fe2c99e8fd3d.jpg', 1, 1),
(480, '', 'farid.fan.siddik-2018@fh.unair.ac.id', '', '', 1, 1),
(481, 'Alifiana Tanasya Widiyanti', 'alifiana.tanasya.widiyanti-2018@fh.unair.ac.id', '$2y$10$Ibv9UIYeU6BkNyzS.XYAOeSyfsgxn//M7qWcJtqknW2axskdwjl/a', '5fe2cb85d0361.jpg', 0, 1),
(482, 'Wahyu W. Kurniawan', 'wahyu.waullilamri.kurniawan-2018@fh.unair.ac.id', '$2y$10$tpNZ7zWXDsGccjMv6kmx3en9t0hAaI27MBbRLzYnxgsHZXe/y3Csm', '5fe29fcbc9cb2.jpeg', 1, 1),
(483, '', 'nur.indah.apriani-2018@fh.unair.ac.id', '', '', 1, 1),
(484, '', 'hamdani.ilham-2018@fh.unair.ac.id', '', '', 1, 1),
(485, 'Fikri Akbar', 'fikri.akbar-2018@fh.unair.ac.id', '$2y$10$7qbsKL72g5W5RSQqH4zDM.UIDVqrlEbU5g.SeU0P3QTZTQ/QF7wuy', '5fe2c7177c08d.jpg', 1, 1),
(486, '', 'dia.aisa.amelda-2018@fh.unair.ac.id', '', '', 1, 1),
(487, 'Tazkia Nanini', 'tazkia.nanini-2018@fh.unair.ac.id', '$2y$10$ILf8XtCBI78rrKLz54N24uqD0PayAf.EDR1XQGVDHOw0MfVkHZI0u', '5fe2d651248ee.jpeg', 0, 1),
(488, 'Astrid Aurelia Windiputri', 'astrid.aurelia.windiputri-2018@fh.unair.ac.id', '$2y$10$E0GIbqprwNBVKdAKE4/IDuVLy5En4mirhMXp16x8OE4IIOmdEc8s2', '5fe2ede74a5da.png', 1, 1),
(489, 'Gd Arya Prameswara', 'gd.arya.prameswara-2018@fh.unair.ac.id', '$2y$10$Q8TWDyLpbBZtmLNeylG3FObzMV6J6vtU9LcjoXwBnKP.vlt7LV8xi', '5fe2a8d332a56.jpg', 1, 1),
(490, '031811133198 ', 'donald.hamonangan.siregar-2018@fh.unair.ac.id', '$2y$10$ODlw0qmCUmFuKa87WaEiB.nF3SC49YG/sz5kk4T0iZnvkVsleKvx6', '5fe2dd68e2938.jpg', 0, 1),
(491, 'Alfin Ramadhani Maulana', 'alfin.ramadhani.maulana-2018@fh.unair.ac.id', '$2y$10$tYnAotE5B4ZoseRJ9.f1huksfX.si1yAhyfyEvrAUsOTx2JeZPYbe', '5fe2b7837b0e7.jpg', 1, 1),
(492, 'John Sampe', 'john.roberto.sampe-2018@fh.unair.ac.id', '$2y$10$/41zA1qSN18CXgulmtOOu.kmERRHrZ9LBxqTdOhrf7S6bmXs2xAfC', '5fe2c4ede7f76.jpg', 1, 1),
(493, 'Kensita Aurora Hartono', 'kensita.aurora.hartono-2018@fh.unair.ac.id', '$2y$10$kvXCFLN7R94pQIS1Cry2ROnkD/j7AagLnfzf6/qFQiisRTEx8ROXq', '5fe2d28914e03.jpeg', 0, 1),
(494, 'Yoshe Agatha Patricia', 'yoshe.agatha.patricia-2018@fh.unair.ac.id', '$2y$10$hpo5ZqQdSHJeYFOBahnktuyxSElF/kPZw/62QFOeM46wmSYwk4KGO', '5fe2e91c10d16.jpg', 1, 1),
(495, 'Anggia Rettrisunz P I M Panjaitan', 'anggia.rettrisunz.p.i.m.panjaitan-2018@fh.unair.ac.id', '$2y$10$3mBjtafh81ycjxvOVkkKDurLlF4rGlw/xYgjdbsX.QeUENsatoqnC', '5fe2ef1b8a94e.jpg', 1, 1),
(496, 'Ganesha Amrina Wijaya', 'ganesha.amrina.wijaya-2018@fh.unair.ac.id', '$2y$10$Q5Yf6OpGhMhiTTp6yTs55Oc1YYA3kIkD.NLnJBT7KUEui3aLe.jYm', '5fe2cd45dc063.jpg', 1, 1),
(497, '', 'yolanda.hosana-2018@fh.unair.ac.id', '', '', 1, 1),
(498, 'Josi Edward Lakburlawal', 'josi.edward.lakburlawal-2018@fh.unair.ac.id', '$2y$10$6dBfnVs1y0ks73z.GiGHqe9pG/eHvC.j5BxiezeO52yfKZe9XCCvi', '5fe2c8b18fd05.jpg', 1, 1),
(499, 'Aditya Beriyan Gusti', 'aditya.beriyan.gusti-2018@fh.unair.ac.id', '$2y$10$.jmLIe1ZmBqJn8p.zX8j7OzEMwEsYUDgTeiZFdVEurQ6fo6cxW8xq', '5fe2baa768712.jpg', 1, 1),
(500, 'Alya Azalia Permata Sari', 'alya.azalia.permata-2018@fh.unair.ac.id', '$2y$10$MFcPn3.OZFot/iTCHV25zOl6TnLlctcvbopGD3F2eR//PUGl7I7zG', '5fe2bfd68348b.jpeg', 1, 1),
(501, 'Bima Satriojati', 'bima.satriojati-2018@fh.unair.ac.id', '$2y$10$cRvihe9t1VOJEISqLVhRTunPHOGIQMVGjUVEyHzguNSqenpSpj7tG', '5fe2adb89f61c.jpg', 1, 1),
(502, 'Hasbi I Maulana', 'hasbi.ilman.maulana-2018@fh.unair.ac.id', '$2y$10$IJwSkfvNHtVcEVmXR2E2IOXVvYcczk3st90cl.yRZh/F40NzegkBi', '5fe2afd526c20.jpeg', 1, 1),
(503, 'Muhammad H. Rafiansyah', 'muhammad.hafidz.rafiansyah-2018@fh.unair.ac.id', '$2y$10$rPR7PIOjbvKeGmGbmefnR.kC62WLxfMY3ge2EFOxJR69WKIogsbDe', '5fe2eda7ef3f1.jpg', 1, 1),
(504, 'Steven Jonathan Suhardi', 'steven.jonathan.suhardi-2018@fh.unair.ac.id', '$2y$10$.fxoOqdBQmRIozvASb0nEu2owrmIOGKCNrIfcfQi.lt8mTRJWOv7C', '5fe2cc78b0965.jpg', 1, 1),
(505, '031811133095', 'kurnia.widianto-2018@fh.unair.ac.id', '$2y$10$8gCTRhNJsqvMAXo6TMaswue2qwTYzsz2e.rxoABT/7hF8OxxzrmQm', '5fe2b221dfa7b.jpg', 0, 1),
(506, 'Pamus Sukma Yudana', 'pamus.sukma.yudana-2018@fh.unair.ac.id', '$2y$10$oYVSpqpZxt7LvKnFPFxvEe0Kim7eMZ/131oIwxiBSWVieIdjeq/cm', '5fe2acd8c9c4f.jpg', 1, 1),
(507, 'Dzaka Ananda Hidayat', 'dzaka.ananda.hidayat-2018@fh.unair.ac.id', '$2y$10$yBdsAnpA1UhIInztW4wy6OAWKNOSll3pgrdRU4PYw7Ucl.Rqr4sM6', '5fe2b3de46505.jpg', 1, 1),
(508, 'Antonio Armando Ramadhani', 'antonio.armando.ramadhani-2018@fh.unair.ac.id', '$2y$10$Lrp4MiQePjm2yVysqM/l/OZEiPstqsBqxC2Ay3qLkBdAesAoayLh.', '5fe2bb709e662.jpg', 1, 1),
(509, 'Aldi Nakita Firdaus', 'aldi.nakita.firdaus-2018@fh.unair.ac.id', '$2y$10$a.2wmoneh7CLyrSWHLyEXe7cCTfWD214Ai.y.D.pWk/u/MEIys/y2', '5fe2d214d8fbe.jpeg', 0, 1),
(510, 'Khofifah Nura Adila', 'khofifah.nura.adila-2018@fh.unair.ac.id', '$2y$10$4G1h4rZ1W.sa78EmDuoyse/XL1qYZiyFpE5q37jNpA5jO7JHmD8by', '5fe2e29175811.jpg', 1, 1),
(511, 'Givana Adhytia Firananda', 'givana.adhytia.firananda-2018@fh.unair.ac.id', '$2y$10$0ifcL3sR6t.dWxHlEFuBeOq44Yj9QUUMYiv1ED/dQ33AsUv4LznHO', '5fe2c2b46176c.jpeg', 1, 1),
(512, 'R Maheswira Rifki A', 'raden.maheswira.rifki-2018@fh.unair.ac.id', '$2y$10$o7rVkXZ1g4WBFftQ5fzDv.Ra3qtSebuNZGE/leCaF0uv5kKRWRNyu', '5fe2e0a681e80.jpg', 1, 1),
(513, 'Rheynena Suryo Brahmandari', 'rheynena.suryo.brahmandari-2018@fh.unair.ac.id', '$2y$10$X3Ot8P.O/1NNPlKpLSI2QOBYGjKgl/eJ5F4UjR7T.aol6TSJPU37K', '5fe2c1ace2505.jpg', 1, 1),
(514, 'adila yulistia', 'adila.yulistia-2018@fh.unair.ac.id', '$2y$10$18GRDcr3BNFmynp.UIZaheG.kXWbkFNiroYeR7.IfAAlTkb.LmfCy', '5fe2e0f69e184.jpg', 1, 1),
(515, 'Raissa F. Ramadhan', 'raissa.farahani.ramadhan-2018@fh.unair.ac.id', '$2y$10$Uyo9HOeAWyQ03a6hhSJnXum52veuFwehA.MZUTX6shatw5xDDRyV6', '5fe2e9f85520e.jpg', 1, 1),
(516, 'Nydia Anamika', 'nydia.anamika-2018@fh.unair.ac.id', '$2y$10$8fm4oXiom.hdMITAMkduQ.wtjhciUD90FbRuewldaYb9H2fb/gbQ6', '5fe2da69142b4.jpeg', 1, 1),
(517, 'Nandani Bayu Prasanti', 'nandani.bayu.prasanti-2018@fh.unair.ac.id', '$2y$10$um91xcXicrwEhF.eoG6.euYGg8.vi8VBGvjQEP.z28PhNOxUoJG9i', '5fe2c93773d02.jpeg', 0, 1),
(518, 'Abdullah Haikal Muhammad', 'abdullah.haikal.muhammad-2018@fh.unair.ac.id', '$2y$10$/F3cPYGqut8H/r6OObfDYehyst2nIrzQJpRJiwdZNgNDThJ4HMdcS', '5fe2ab4ed5faa.jpg', 1, 1),
(519, '', 'farah.fadhila.amany-2018@fh.unair.ac.id', '', '', 1, 1),
(520, 'dwiky maulana akbar', 'dwiky.maulana.akbar-2018@fh.unair.ac.id', '$2y$10$Qc5oj6a.59wj4POdqn7pJugA5WtEFNVxw0K.XmqSAdRhcS1.hW7YO', '5fe2aeebd7992.jpg', 1, 1),
(521, 'Tia De Sangkai', 'tia.de.sangkai-2018@fh.unair.ac.id', '$2y$10$lpewFM3u.ZhfOv81igcXzOSX46GB4KcEbpeX7De2qdO4KWZspe5Uu', '5fe2c49563cd9.jpg', 1, 1),
(522, 'Simon Kharisma Jonathan Nainggolan', 'simon.kharisma.jonathan-2018@fh.unair.ac.id', '$2y$10$QgDfQe69wxw7SylONL02AualPKtkoaE.d.ADMlDH1eMstluwrO63y', '5fe2eee1d23b5.jpg', 1, 1),
(523, 'nadya hasya fadlih', 'nadya.hasya.fadlih-2018@fh.unair.ac.id', '$2y$10$8jP4c7w0Jwpb60iWmV6XBeSp.JIhR60Xz4Kqhqr8Ka5pyb.ncNV6m', '5fe2f3287b264.jpeg', 1, 1),
(524, '', 'iddo.noor.ramadhan-2018@fh.unair.ac.id', '', '', 1, 1),
(525, 'muhamad zikri ebrahimi gais', 'muhamad.zikri.ebrahimi-2018@fh.unair.ac.id', '$2y$10$56s2M4tG9NUli.3EUU6O6encKS1RX/EPzOjnD4He41GYkbI/Fph7.', '5fe2ca447fe84.jpg', 0, 1),
(526, 'Alvin Limy', 'alvin.limy-2018@fh.unair.ac.id', '$2y$10$mHKs4nHSt.1v.kabv44oCuFbZ8v2YpXJqKB/QozR/tCHxih0XlHYS', '', 1, 1),
(527, 'Dita Elvia Kusuma Putri', 'dita.elvia.kusuma-2018@fh.unair.ac.id', '$2y$10$HtFYTy1DLMR/pHveZw.0yOPir5T6y1bA2HcrxccmosRZCedegESk6', '5fe2ae8786241.jpeg', 1, 1),
(528, 'Umi Masnur Adniyah', 'umi.masnur.adniyah-2018@fh.unair.ac.id', '$2y$10$ibuqh3Agx8bv8gG73PHBnec0yyPE2WwcuX5X4GxmKcdL3XIESRrUK', '5fe2a08cc7b80.jpg', 1, 1),
(529, 'Nisrina Rahma Berlianna', 'nisrina.rahma.berlianna-2018@fh.unair.ac.id', '$2y$10$S53YCme0er1QHUytIwXimOjTsNqUWDd1sXD/L.OmFygnpdUT9tQ5e', '5fe2e19e1684b.jpg', 1, 1),
(530, 'Nadiva Aura Aisyah', 'nadiva.aura.aisyah-2018@fh.unair.ac.id', '$2y$10$PNkDx0tB7MCcGzp46fg3H.ss6r0MeJ1a7rONRjLs.XHEDhYQwgoJq', '5fe2ce4b4e92f.jpg', 1, 1),
(531, 'Claudette Adelia', 'claudette.adelia-2018@fh.unair.ac.id', '$2y$10$oX7XlO3sIHiW.nUP/8CtEenoKpSFbbt52DE9p3359w00Nqy61PZYW', '5fe2a70e9ae10.jpg', 1, 1),
(532, 'Diajeng woro andini', 'diajeng.woro.andini-2018@fh.unair.ac.id', '$2y$10$eQO9/2dw7g77.50bRU2bU.aKa3emRdePNXt0b.LN7jcatZx7pRL9K', '5fe2aff9e26b8.jpg', 0, 1),
(533, '031811133003', 'dinta.febriawanti-2018@fh.unair.ac.id', '$2y$10$Vb7kQKwoQR8TiBS6W.hixOfDn7aqjK0oQcBRKFiKL3Tz3A20y5pq6', '5fe2d2d20d859.jpg', 1, 1),
(534, 'Deddy Kusuma Wardana', 'deddy.kusuma.wardana-2018@fh.unair.ac.id', '$2y$10$p1mvi29336RvdipcFyYZm.Gd1rtTNGu5Px6MJ1vJ6vU/G/VEvqZLi', '5fe2bd0013a22.jpeg', 1, 1),
(535, 'Dhea selfiana putri', 'dhea.selfiana.putri-2018@fh.unair.ac.id', '$2y$10$JvIZbI7C8Cn9a0k/04mgauiUouLwehgFpX26EtJkc.a8CnOTiCLxm', '5fe2b625d495b.jpg', 1, 1),
(536, 'Nanda Dwi Ivanka', 'nanda.dwi.ivanka-2018@fh.unair.ac.id', '$2y$10$DN5cR3Bp5Wcxtc8b3UWx6u1B/4oolknd8c.CRsr3qPlBJO1miraqG', '5fe2c6cd8bb87.jpg', 1, 1),
(537, 'Ayu Sasmita', 'ayu.sasmita-2018@fh.unair.ac.id', '$2y$10$NKINpJyxCctGZXrWsHZKeeYKhefDf2QQLsDuc.Sp7uLvybP/I559a', '5fe2986ad5f9d.jpg', 1, 1),
(538, 'Urai Ainun Nafis Fadliyah', 'urai.ainun.nafis-2018@fh.unair.ac.id', '$2y$10$d6hnMMADNkUBqmRPj6YFtevGwUFCZBvuWqwVh0LYS5H3Vc6zhKT6a', '5fe2f35fa220f.jpeg', 1, 1),
(539, 'zati rizqi muhammad', 'zati.rizqi.muhammad-2018@fh.unair.ac.id', '$2y$10$.5rTVzpZlxvVsrIQqpJF9./4voQu5uK7s5imwwQXlsI99/mbGb.pG', '5fe29f7d4c0d5.jpg', 1, 1),
(540, 'Vira Ayu Aprilia', 'vira.ayu.aprilia-2018@fh.unair.ac.id', '$2y$10$Ix8D8P.Vtujvh4zOXn1Ate6c.y29gEYXcJ9bH4SNPQazBoSS8EBTi', '5fe2bfaed1d93.jpg', 1, 1),
(541, 'Nanda Alif Prasedella Putra', 'nanda.alif.prasedella-2018@fh.unair.ac.id', '$2y$10$3kR2AEpZ/x6TJ.f2uQNgG.Dj8WokY53AgtCCXkP9G/960FALtMC9m', '5fe2abd1616f2.jpg', 1, 1),
(542, '', 'anggi.audina.ayu-2018@fh.unair.ac.id', '', '', 1, 1),
(543, 'Muhammad Dradjat Kusumaningrat', 'muhammad.djat.kusumaningrat-2018@fh.unair.ac.id', '$2y$10$r0IGIQp1c5twfWZdLty/vuHGvLyoQafFddmjRmf./Nuc38XDBZuEy', '5fe2b09402acc.jpg', 0, 1),
(544, 'Arinie Sherlita C', 'arinie.erlita.cholis-2018@fh.unair.ac.id', '$2y$10$nasYIc6W6z5.HAwz4IJs3uNQdqll1zmTGvAMBxq4Yl9Vhwt5vZwbi', '5fe2b31380745.jpg', 0, 1),
(545, '', 'asmanada.khairrunnissa.wibowo-2018@fh.unair.ac.id', '', '', 1, 1),
(546, 'Hilda Rizma Amalia', 'hilda.rizma.amalia-2018@fh.unair.ac.id', '$2y$10$GumsCCjwn/2PDRZ7ZsFXMO7m3q1BfUmd7HlvIli2fgUjOgqroTvny', '5fe2a5f327029.JPG', 1, 1),
(547, '', 'rosi.ambaretha-2018@fh.unair.ac.id', '', '', 1, 1),
(548, 'Dyah Tantri Lingga Kirana', 'dyah.tantri.lingga-2018@fh.unair.ac.id', '$2y$10$AWUZgELvpc3q44Jn0RKrKOcGZVxoVE0D3avnctT3evPujoAH/YR2W', '5fe2cae8bc45f.jpeg', 1, 1),
(549, '', 'melenia.fitri.nur-2018@fh.unair.ac.id', '', '', 1, 1),
(550, '', 'baiq.elma.purnamawadita-2019@fh.unair.ac.id', '', '', 1, 1),
(551, 'Rahajeng Dzakiyya Ikbar', 'rahajeng.dzakiyya.ikbar-2019@fh.unair.ac.id', '$2y$10$rGfPZBIw1rIedUUKIakr1eg5nRpzGUhBTmjp99UHy0eN8F3Gflbmi', '5fe304a12f00a.jpg', 1, 1),
(552, 'Yohanes Adryan Lamury Hadjon', 'yohanes.adryan.lamury-2019@fh.unair.ac.id', '$2y$10$pSr4Fyuw3kG5DPknJzWViOkgLyBx8DwHRZtZCo3LkEbmdYam2CDFq', '5fe2ab89d6b1f.jpg', 1, 1),
(553, 'Yuarini Dini Hidayah', 'yuarini.dini.hidayah-2019@fh.unair.ac.id', '$2y$10$NtOBDAq63WbtjwGHbqhBmOIycItBoGASiqrYHnsiuCVYXVk.x7tPy', '5fe2d94bb2cd2.jpeg', 0, 1),
(554, '', 'nenes.renata-2019@fh.unair.ac.id', '', '', 1, 1),
(555, '', 'suci.maharani-2019@fh.unair.ac.id', '', '', 1, 1),
(556, 'Nur Endah Puspitasari', 'nur.endah.puspitasari-2019@fh.unair.ac.id', '$2y$10$W0qv8b5t3qaYMofa8u1Xiu.Jw.FOjASxCELYIgzOlzKUg1N1ztEym', '5fe2e055425d7.jpeg', 1, 1),
(557, 'Avika Shinta Nurfadila', 'avika.inta.nurfadila-2019@fh.unair.ac.id', '$2y$10$yEti.Hk8x3HpXO86rZMx4e1OLVb/HAIaTHaFL0meFgPahp0noFuym', '5fe2a56ae99f9.JPG', 1, 1),
(558, '', 'feri.kurniawan-2019@fh.unair.ac.id', '', '', 1, 1),
(559, 'Elsa Ardhilia Putri', 'elsa.ardhilia.putri-2019@fh.unair.ac.id', '$2y$10$Ya3itGt62WQL3SLDuJItiu0/OZ6vyW6XkTW1aoSaox8XoqohrJfP2', '5fe3065f6ee82.jpeg', 1, 1),
(560, 'Tiara Astri Nordianti ', 'tiara.astri.nordianti-2019@fh.unair.ac.id', '$2y$10$FrKpsv37FuI0A36EN.jXiundalLsbqi6qbOdEJmZNDtpIsqvS7zUO', '5fe2f4706809a.jpg', 1, 1),
(561, '', 'intan.amalia.putri-2019@fh.unair.ac.id', '', '', 1, 1),
(562, 'Isyraf Rizqi Athaillah', 'isyraf.rizqi.athaillah-2019@fh.unair.ac.id', '$2y$10$XjR0CQ.rXBzoM9s5ET3Cu.hd4SAWZrX8OkEQUH/ubtvr/v6ND42Lq', '5fe2ac6a1bdb9.jpg', 1, 1),
(563, 'Fera Firnanda', 'fera.firnanda-2019@fh.unair.ac.id', '$2y$10$iglxok8vBCK7N8i7zWIwMOQQCLj/ZEGINnlNw/0WyGBIerEWnS4QG', '5fe2ae15b09d2.jpg', 1, 1),
(564, 'Nindy Ramenda Putri', 'nindy.ramenda.putri-2019@fh.unair.ac.id', '$2y$10$u10FTYnxsPDGRVaz8xNpseLeFa7PEkXi8OTFbRIGiGsdYS7i25wCu', '5fe2a384aba41.jpg', 1, 1),
(565, 'Adimas Kembarari Mukti', 'adimas.kembarari.mukti-2019@fh.unair.ac.id', '$2y$10$H4AT9QJT0lkRmEdqPITPzeAWL3I6f98FQQ/N6YzKDrKyCiRX.ag2O', '5fe2b1fc5dafc.jpg', 0, 1),
(566, 'Adelya Iskak Putri Anggraini', 'adelya.iskak.putri-2019@fh.unair.ac.id', '$2y$10$NZT6TAegRoGNQOD9nl5uL.QAueI8EwKzGQxu/Q4Bssb4BaUNMLoiq', '5fe2b3a3e19f5.jpg', 0, 1),
(567, '', 'muhamad.yovi-2019@fh.unair.ac.id', '', '', 1, 1),
(568, 'Pamela Putri Koraag', 'pamela.putri.koraag-2019@fh.unair.ac.id', '$2y$10$Xwpi6zMuk1sclJLMcuJUW.rGRyiQCYXFTDAa5pjkg62IKQaVkUQcS', '5fe2d004292da.jpg', 1, 1),
(569, '', 'dian.alodia.diva-2019@fh.unair.ac.id', '', '', 1, 1),
(570, 'Sheilla Aurell Zhafirah', 'sheilla.aurell.zhafirah-2019@fh.unair.ac.id', '$2y$10$.Cg6ocbgP6t.SwxQYIyDvuh1x7xSArXZPPSqG2hRQG7VwPMCrp7NW', '5fe2c3180b815.jpg', 1, 1),
(571, '', 'seftiyani.rizka.suatan-2019@fh.unair.ac.id', '', '', 1, 1),
(572, '', 'jennifer.moniq.sutanto-2019@fh.unair.ac.id', '', '', 1, 1),
(573, 'siti nurul fadhilla', 'siti.nurul.fadhilla-2019@fh.unair.ac.id', '$2y$10$C1hSEdpvaI7/xDyN0iG8b.Q.Ioh7tkyhG9fS2lYnq.Sv8vk1ULB32', '5fe2ad824f1b6.jpg', 1, 1),
(574, 'Fransiska Yulia Rahmadtika Santoso', 'fransiska.yulia.rahmadtika-2019@fh.unair.ac.id', '$2y$10$oJvYxY.L19DCt3Sbbj.aberm0Dh0N61HsoSozQski4TKjIPJsEYaa', '5fe2bb48b0a4e.jpg', 1, 1),
(575, 'Ursula Paramitha', 'ursula.paramitha.ramadini-2019@fh.unair.ac.id', '$2y$10$CEDiY88YcLSWi2FEg7AzO.i5KaCYf2xPzpqb5J3Xqux6wQbwiDsyK', '5fe2d0112c72d.jpg', 1, 1),
(576, 'Iqbal Umar Effendi', 'iqbal.umar.effendi-2019@fh.unair.ac.id', '$2y$10$6tJTcON0LFqCTMmTvW2vQeyCTmuJcZp.AZwGfIEVOHAJnI5UKaT0K', '5fe29af083bca.jpeg', 1, 1),
(577, '', 'dio.faizal.lobby-2019@fh.unair.ac.id', '', '', 1, 1),
(578, 'Khansa Kamilah Mahdiyani', 'khansa.kamilah.mahdiyani-2019@fh.unair.ac.id', '$2y$10$nHzp2faBio5pJy4Liih5SeHkDb7EW3dzLc7Gui2xMgtyt/PIdud6y', '5fe2fb4b565f4.jpeg', 1, 1),
(579, 'selvia ananda tri avista ', 'selvia.ananda.tri-2019@fh.unair.ac.id', '$2y$10$/Xp9ylikltnQBm9YGGE.pOpuxVHFFUXW/J6jOclHW6yZrr7ej6rc2', '5fe2bd47bc173.jpeg', 1, 1),
(580, 'Lucke Putri Anjani', 'lucke.putri.anjani-2019@fh.unair.ac.id', '$2y$10$Wh4/rpiMTC1gZRMICv7weeA8ckhefurGRwOqKRXjQ.SzxJapN62kG', '5fe29e6c95ff5.jpg', 1, 1),
(581, 'Zanuba Rachmawati Utomo', 'zanuba.rachmawati.utomo-2019@fh.unair.ac.id', '$2y$10$M.1tOpnBuZj2dNF816XKzeHtNuoGV8HSJGaW3hls9HzOPMfirHspi', '5fe28c1a82e1c.jpeg', 1, 1),
(582, 'Fanni amara putri', 'fanni.amara.putri-2019@fh.unair.ac.id', '$2y$10$poyrGzi1XH6Sjz6c5Hm2QuiDGjzW18izPQaO95svqwhZhlg3ZOgCW', '5fe2a4a2e2cbf.jpg', 1, 1),
(583, 'St. Maryam Syafarina', 'st.maryam.syafarina-2019@fh.unair.ac.id', '$2y$10$o3F7744RSrRCabZ4D9JbAOm6WUYMOSBTGxVeoVvd93cAAfHoL.bSa', '5fe2bc90c472e.jpg', 1, 1),
(584, 'Venska Salsabila Labaika', 'venska.salsabila.labaika-2019@fh.unair.ac.id', '$2y$10$iJ3KIfiRaxtLHwoq5coNRep.hKzJbp7e72iTxjkZoW74JqoZfmr3q', '5fe298ed6cf78.jpg', 1, 1),
(585, 'Laras Dwi Oktavia Fad\'lilah', 'laras.dwi.oktavia-2019@fh.unair.ac.id', '$2y$10$8/6rH6KTOKFrAHNt/ahTMuLwud7OHeAqpkUqJY5UBbAcSWcF6MOhS', '5fe2bb49d22ec.jpg', 1, 1),
(586, '', 'dimas.arya.wiratamma-2019@fh.unair.ac.id', '', '', 1, 1),
(587, 'zenith ikhsan ariqi', 'zenith.ikhsan.ariqi-2019@fh.unair.ac.id', '$2y$10$PaHk7LqcIqldxB.Ys2/2iuGc/MYSVyHOHMj9.J2LZJDV21I/xSF4y', '5fe2ab38bae44.jpg', 1, 1),
(588, 'Mirani Sucisia Dewi', 'mirani.sucisia.dewi-2019@fh.unair.ac.id', '$2y$10$lFnqRt5ifDJEv0mbKT3Z4.rXTvCxsTXIT9CQ1uHAf2yjGcvtYwZWa', '5fe2a552f07dc.jpg', 1, 1),
(589, 'Jimly Ashiddiqy', 'jimly.ashiddiqy-2019@fh.unair.ac.id', '$2y$10$2RLZZXeXlJcVEGmHk1dsSeT9H2lxkxZd16Jr06Ki638XrjrhvabNm', '5fe2b250ea56c.jpeg', 0, 1),
(590, '', 'nabila.jasmine.ardyanto-2019@fh.unair.ac.id', '', '', 1, 1),
(591, '', 'delvino.aldy.djiwandono-2019@fh.unair.ac.id', '', '', 1, 1),
(592, 'FIRANTI ROHADATUL AISY', 'firanti.rohadatul.aisy-2019@fh.unair.ac.id', '$2y$10$BToEkx6DR5IH0mznoIeh5.ThET8x0xbQfPGJ3F6z9I7fEq9zl/.Fe', '5fe2b44d99f75.jpg', 1, 1),
(593, 'Fithrotul Ainiah', 'fithrotul.ainiah-2019@fh.unair.ac.id', '$2y$10$3w5RLl.WF8TbUi0toAnUc.iMS3C.dcZ/P3n0qY.yeq2JczPP.P056', '5fe2f5ac05c15.jpeg', 1, 1),
(594, 'Azzahra Nabila Nurfirdaus', 'azzahra.nabila.nurfirdaus-2019@fh.unair.ac.id', '$2y$10$Moks3t42RA9K0D/jgnFkMOIPNUef1.G717WnxgJ4kVrFc2YnJw6oi', '5fe2e12735304.jpg', 1, 1),
(595, 'M. Adib Akmal Hamdi ', 'm.adib.akmal.hamdi-2019@fh.unair.ac.id', '$2y$10$gO4x5SvRWJn6pVlJa9yZOuN6hxDfcSOqCptYusvxhTHfpT6IZ85CG', '5fe2db5705845.jpg', 1, 1),
(596, 'Dean Rizqullah Risdaryanto', 'dean.rizqullah.risdaryanto-2019@fh.unair.ac.id', '$2y$10$ro2QQnhVhMcHBWaqLexhpesdQOJaxXbFtTJwuvGFs.OlmlB3cPeSu', '5fe2b4d8da188.jpg', 0, 1),
(597, 'Alfi Sarifah Malau', 'alfi.sarifah.malau-2019@fh.unair.ac.id', '$2y$10$NnwAGfVdJGXZm5NxvIDfrebIAbsjH/7AWR2BtT1a85lN1.FH4QoSe', '5fe2f10c5cb36.jpeg', 1, 1),
(598, 'Muhammad Haikal Ghiffari', 'muhammad.haikal.ghiffari-2019@fh.unair.ac.id', '$2y$10$48YBVh1ptowBzk/akRlBmeZ/TJE805CyjA0Sx4cTcuHLtNcxS1fIa', '5fe29e214092e.jpeg', 1, 1),
(599, 'FELICIA TANALINA YLMA', 'felicia.tanalina.ylma-2019@fh.unair.ac.id', '$2y$10$RdD17dZ7PXUMrSmvQHSvF.k1huaY7ZPao3tAUS7YOoPxJL87bzh9G', '5fe2e8f5af36a.jpeg', 1, 1),
(600, 'LAILA MAGHFIRA ANDARETNA', 'laila.maghfira.andaretna-2019@fh.unair.ac.id', '$2y$10$VdDCgWdDS0IF4c6GWgWbD.fFJXSFHYiIu22.KrBYm13WX9U7ZX8xq', '', 1, 1),
(601, 'Ardani Raihan Utomo', 'ardani.raihan.utomo-2019@fh.unair.ac.id', '$2y$10$zAoj4kgsVqLCYDJE2zGOUeEbZC3JxTrIDFHZStRh.nC2i27APntUi', '5fe2954d747f2.jpg', 1, 1),
(602, '', 'jalu.adinata-2019@fh.unair.ac.id', '', '', 1, 1),
(603, 'Rateh kusumaningseh', 'rateh.kusumaningseh-2019@fh.unair.ac.id', '$2y$10$VsjG8geqWDoTY4ys1sN42.J1w8a4wjPgu9Bjt7ehq7zcIe19l3PB6', '5fe2bd23ae82c.jpg', 1, 1),
(604, 'Nurul Zavira', 'nurul.zavira-2019@fh.unair.ac.id', '$2y$10$sUqWxbWWAXoEcQ.SW2x2Tedc90PFcS8NfuXxKYScQ2.BVlk4ayGwW', '5fe2a26d33b69.jpeg', 1, 1),
(605, '', 'eghilia.heavy.mourita-2019@fh.unair.ac.id', '', '', 1, 1),
(606, 'Yulia Wulansari', 'yulia.wulansari-2019@fh.unair.ac.id', '$2y$10$v8zdtMNgC5FdNK69bUdRNOTwxbgrq7V8FslOsLndOQO6Vj/dY/ViG', '5fe2e8e4be865.jpg', 1, 1),
(607, 'Kirana Pandu Larashatie', 'kirana.pandu.larashatie-2019@fh.unair.ac.id', '$2y$10$VeUEtH83rHBdqfUioFT4xua7VkqupYRhxW4DGDqYRxIEvU//NNkMq', '5fe2c507c8d67.jpg', 1, 1),
(608, 'Moch Fakhrul Hadjid Amrulloh', 'moch.fakhrul.hadjid-2019@fh.unair.ac.id', '$2y$10$hWUCz.G2AhokGCYJHLYCV.tvxbQGhZEQvy2wqWrLuNgGiCOe/Urn6', '5fe2fa80a17e2.jpg', 1, 1),
(609, 'Nadila Azzahra Putri', 'nadila.azzahra.putri-2019@fh.unair.ac.id', '$2y$10$.ECNDE7gHaWpUdXGC9Otju0G64O697Im7bUF7usNdpSXTepJqUoWG', '5fe2bb40697ce.jpg', 1, 1),
(610, 'Sayyidah annuril laily', 'sayyidah.annuril.laily-2019@fh.unair.ac.id', '$2y$10$JThL.j4gEVJk.br5Mcinue7FBqEbOaUtBgb52xZWkbRbqy/5h5gn6', '5fe2e2bc02033.jpg', 1, 1),
(611, 'Avany Mahmudah', 'avany.mahmudah-2019@fh.unair.ac.id', '$2y$10$qO7uRdV/l8a8VMrD2StK0uhVmVWMBjvJ4J33GXG.qoyk7DFLrgwrm', '5fe2dd18c6d67.jpeg', 1, 1),
(612, 'Tessa Ardhia Maheswari', 'tessa.ardhia.maheswari-2019@fh.unair.ac.id', '$2y$10$09R0AyY5vCFJDKEKyrdcGez.RNxmA8EhDPUsiv0HwO.n2TzQcPP1e', '5fe2f8a6bccac.jpg', 1, 1),
(613, 'Cindy Tatia Amallia', 'cindy.tatia.amallia-2019@fh.unair.ac.id', '$2y$10$TTYDcHYYt9DKC7xONpI/GuJZe9Amhfq0YFu5etoIfYCQJagTqSv3q', '5fe2bd2422f9c.jpg', 1, 1),
(614, 'zefanya', 'zefanya.julietha.lalopua-2019@fh.unair.ac.id', '$2y$10$iHmBDPq5bAhvLLUkfjvAueaP42kZc1ZufmfXK5znDPI3sEuQQT9dO', '5fe2bde88ecb4.jpg', 1, 1),
(615, 'Anna Maria Herpuspaningtyas', 'anna.maria.herpuspaningtyas-2019@fh.unair.ac.id', '$2y$10$Q.VUnMS4IXRfAtpIE5.6XOoSncKNNtKLIXRXSUxN2q6liqE8cE9RS', '5fe2b795113a6.jpeg', 1, 1),
(616, '', 'tahnia-2019@fh.unair.ac.id', '', '', 1, 1),
(617, 'Lailatul Komaria', 'lailatul.komaria-2019@fh.unair.ac.id', '$2y$10$xDmDSBTstNepW/fxSXyPeOTYLZ.i5O2MMZ3q3O.Q95O3Rbsi9RBTm', '5fe2eff02d5e5.jpg', 1, 1),
(618, '', 'anessa.nurfadilla.subagio-2019@fh.unair.ac.id', '', '', 1, 1),
(619, 'Ali Mannagalli', 'ali.mannagalli-2019@fh.unair.ac.id', '$2y$10$nibKgb7oxeXExOMMB2tFc.DKZvOQFdXaALDS6nlxTyyp9dbzC2CiW', '5fe2b7e4d2380.jpg', 1, 1),
(620, 'Gilar Andika Maulana', 'gilar.andika.maulana-2019@fh.unair.ac.id', '$2y$10$EKPh24JlK21wPeTVXklDVuZ8GZjBVgLusWO.UBJBQju5t64g/ffzG', '5fe28a582a638.jpg', 1, 1),
(621, 'Zulfitrah', 'zulfitrah-2019@fh.unair.ac.id', '$2y$10$av9f3HJWzQriBJw0TZoqhOREbpktZ2c4oh87WIJYJrZw5iqkrkR7K', '5fe2d0a981300.jpg', 1, 1),
(622, '', 'safirila.asri.wijayati-2019@fh.unair.ac.id', '', '', 1, 1),
(623, 'Ariel Ciptadi Darmawan', 'ariel.ciptadi.darmawan-2019@fh.unair.ac.id', '$2y$10$BKVXFJ42N.ga2QPFgZXAFOCnwoB5WG3QXbX2C8F0agf/2j8zKKERC', '5fe2c3b29392b.jpg', 1, 1),
(624, 'Ridho Budaya Septarianto', 'ridho.budaya.septarianto-2019@fh.unair.ac.id', '$2y$10$E4rmFoyymPdcbJsjhVDAsutjsuoE7wJYNrwrFAVIFsc7QcaNt6QcS', '5fe2e284577ab.jpg', 1, 1),
(625, 'Alifya Syifa Argya Pratiwi', 'alifya.syifa.argya-2019@fh.unair.ac.id', '$2y$10$5bnMei4CvxgYhFZbslcxK.Mh91eS/.ky/GJaJWzqqIVkbOUgFkFOW', '5fe300e85428a.JPG', 1, 1),
(626, 'Humaditya Pradigta Abdi', 'humaditya.pradigta.abdi-2019@fh.unair.ac.id', '$2y$10$zOFIMDnevrSDAD7.4dBqFOM99SmBdS5FV5ZA.PVXaylaXY.jcalQa', '5fe2ae0c4cf0a.jpg', 1, 1),
(627, 'Muhammad Faisal Hilmi Gunawan', 'muhammad.faisal.hilmi-2019@fh.unair.ac.id', '$2y$10$1XSIcSN1jD2fm8q1blpkQOrddBO8/Dote0gc8YlcZlek6zUW/fUhG', '5fe2aed560bf4.jpg', 1, 1),
(628, 'ALFIAN ARDIANSYAH', 'alfian.ardiansyah-2019@fh.unair.ac.id', '$2y$10$RfuxSyS3ipYHWPHtHfaUHOiK9YBc1rjRz2niYO/MJ1M3mnyRuHuu6', '5fe2be1eef22f.jpeg', 1, 1),
(629, 'rucha abe', 'rucha.abe.yuliniar-2019@fh.unair.ac.id', '$2y$10$R6WxLIESkWvSx2ghWvtD.OLTGT8DMxCsA191KU/3aFBqJWoRSwuTO', '5fe2b33616e45.jpg', 0, 1),
(630, '', 'devana.oktari-2019@fh.unair.ac.id', '', '', 1, 1),
(631, 'I Gede Dharma Mahendra', 'i.gede.dharma.mahen-2019@fh.unair.ac.id', '$2y$10$Vowaes5sofeIk7sueskS5uuZ/V8HrPTcFn2069LIxdYKWQsrT4Lr2', '5fe2e3ac2f0f3.jpg', 1, 1),
(632, 'Lisa Dwi Andini', 'lisa.dwi.andini-2019@fh.unair.ac.id', '$2y$10$N/zFkSdRvJr7G.3wXAa5D.OuVMtk.8yQRl1SHIMh9jehe68nTgIqa', '5fe2d3e2aab49.jpg', 0, 1),
(633, 'Atiyyah Fitriyah', 'atiyyah.fitriyah-2019@fh.unair.ac.id', '$2y$10$YRGdNPpLgZeos9PWYr/fMO5VPD.W0XRE0BXZicO8aWw3LJQAL1cGS', '5fe2dcd22aa25.JPG', 0, 1),
(634, 'Gusti Aditya Mahesa Pratama', 'gusti.aditya.mahesa-2019@fh.unair.ac.id', '$2y$10$nMPlH6FJlAHKhNPTdj2fp.YseBiomFUhyZbgbtZL8piOIozI/mbiC', '5fe2fc802ba5b.jpg', 1, 1),
(635, 'Mohammad miroj ardyansyah', 'mohammad.miroj.ardyansyah-2019@fh.unair.ac.id', '$2y$10$LQGzLv0g9LIzm0ozJtjc9epmXWXeFKx3GLtiP92rZQsFyIcjLZA3y', '5fe2bb58449c6.jpeg', 1, 1),
(636, 'Saddam Alwan Sakti Mahindra', 'saddam.alwan.sakti-2019@fh.unair.ac.id', '$2y$10$3XApiiueyhHNh2Zd/kjuQOPFI/XIBS1lNFIBBfeCjWvU0f2sBjup6', '5fe2c202d09bf.jpeg', 1, 1),
(637, 'Adnan', 'adnan.kashogi-2019@fh.unair.ac.id', '$2y$10$6x8W7UF.3MmjSfLoIFdbdeL40lkUBaQzJv78nSA2DTq55xA0Gqf9C', '5fe2d24410027.jpg', 0, 1),
(638, 'Regi Leonardus Nathanael', 'regi.leonardus.nathanael-2019@fh.unair.ac.id', '$2y$10$VwPwmMG.tPbVFMMVUvjhzuMNPuHUIE3jjbXxbOm6kzZ0ngvbnIMYO', '5fe2e49101ac7.jpeg', 1, 1),
(639, '', 'talia.alfirna.maulida-2019@fh.unair.ac.id', '', '', 1, 1),
(640, 'Viranissa Shafa Adira', 'viranissa.afa.adira-2019@fh.unair.ac.id', '$2y$10$yHTXxbUtulUfmRB5DfY49Osn4uECDclx1ffe8SL0g0w6cskDd2x/i', '5fe2aee7bc9e8.jpg', 1, 1),
(641, 'Saffana azzahra', 'saffana.azzahra-2019@fh.unair.ac.id', '$2y$10$OzJYyvCj3bwnoK/u9bX.Guni3rP91aREzlnc6uyK6IASEHkuzbZCy', '5fe2f2e30ec60.jpg', 1, 1),
(642, 'Hanna Rosyidah', 'hanna.rosyidah-2019@fh.unair.ac.id', '$2y$10$Fqaf8ROo8LaW0b0WY3C5o.8ppTbfvJRLgIrmd.Tew4JpKXbQ9UNEi', '5fe2b628821d3.jpeg', 1, 1),
(643, 'Gaby Mallinda', 'gaby.mallinda.nena-2019@fh.unair.ac.id', '$2y$10$6q06mtwt0JDIvVMr5UPnLuSmh.hl47eYzeU0aXSpgcJma4b0FPw1m', '5fe2bbdb57c7d.jpg', 1, 1),
(644, 'Wella Mareta Nanda', 'wella.mareta.nanda-2019@fh.unair.ac.id', '$2y$10$BOt6FI8Qn6mtuDNggoTkYub1sJ90uL8oxfoOt/CoXFDZlryujZr9y', '5fe2c4670101b.jpeg', 1, 1),
(645, 'Alrizka Putra Kusuma', 'alrizka.putra.kusuma-2019@fh.unair.ac.id', '$2y$10$5jXY.lc5jSvQDQ8cpNgEjuTRBdhuObYwV1zrHpDf9w9.RIJTjpNwO', '5fe2ebc4512ee.jpg', 1, 1),
(646, 'Ivan Maulana Pratama ', 'ivan.maulana.pratama-2019@fh.unair.ac.id', '$2y$10$..OBSY9zRcB/eWH/aogFGuZqbz51ymGfG84VBBDFpJcB35fQj/A2C', '5fe2b2eb443f3.jpg', 1, 1),
(647, 'Aurel Muhammad Abdi Mahardhika', 'aurel.muhammad.abdi-2019@fh.unair.ac.id', '$2y$10$cK30qAh2H36PYm8V7V/fuuXFbSa8vnwWKkXe6ZxczFgtQj9hVwWmu', '5fe2c8739f1d0.jpg', 1, 1),
(648, 'Rachma Firdayanti', 'rachma.firdayanti-2019@fh.unair.ac.id', '$2y$10$Ry4anM1pOHaSFnPSjhFx3epIbquFPoRf2t2D6w0pGhmAjbfnDeRVm', '5fe2c78049838.jpg', 1, 1),
(649, 'Ghea Aurellia', 'ghea.aurellia-2019@fh.unair.ac.id', '$2y$10$mXKwxqolNyWe/ambAij3g.SeQ4exziJI9ydSkYPmlFNPesc6HGmGS', '5fe2d611b8967.jpg', 0, 1),
(650, 'Rizky Maulana Hakim', 'rizky.maulana.hakim-2019@fh.unair.ac.id', '$2y$10$7AbNzNGqR/wEUg9/W36lC.zx0cuOZbNPcIPd.Wrls0lC9FJzUqIkq', '5fe29ea54091f.jpg', 1, 1),
(651, 'Balqis Nabilah Y.K.', 'balqis.nabilah.yeni-2019@fh.unair.ac.id', '$2y$10$8vdk19eTrO3U9x0n0tdJM.zUTw6QRLpah9bpd.ex46zFjurAJACPS', '5fe2c72edf584.jpg', 1, 1),
(652, 'monika reswara', 'monika.reswara.kartika-2019@fh.unair.ac.id', '$2y$10$ehnu2BE4loYm3ZelpI.pKuQJAtHfIuixWdbHtvUGpsMjBmIiyFjWa', '5fe305ba6d46e.jpg', 1, 1),
(653, 'Boby Brillian Ilham Pangestu', 'boby.brillian.ilham-2019@fh.unair.ac.id', '$2y$10$uXNL1cUTYLv.5BM7EPJAYegIFvoKiyVlujQ9nPMvXVkLjdmFjqFeO', '5fe297e0c24bc.jpg', 1, 1),
(654, '', 'alviani.mutiara.sari-2019@fh.unair.ac.id', '', '', 1, 1),
(655, '', 'alya.ariani.putri-2019@fh.unair.ac.id', '', '', 1, 1),
(656, '031911133111', 'arlitasya.ramadhani.sutanto-2019@fh.unair.ac.id', '$2y$10$T1CEnRMVApoA5DcyvgDTmeBMnkNiWvBptb.kqNCdWiCER53tGwWVm', '5fe2ffec0723a.jpg', 1, 1),
(657, '', 'wirayati.nurjana.pangulu-2019@fh.unair.ac.id', '', '', 1, 1),
(658, 'Muhammad Shokhikhul Islam', 'muhammad.okhikhul.islam-2019@fh.unair.ac.id', '$2y$10$Hz/hYUf8P0yW8pwcfQ.13uO3rckLqfq7DL36AumZjXnn2jW20opPm', '5fe2a0fdc2521.jpg', 1, 1),
(659, 'Saddam Saragih', 'saddam.saragih-2019@fh.unair.ac.id', '$2y$10$GHD.iNYOKTU884L96LZgKuZ1A/AAOBDlH6PNhcCDvBnolKlQNptOy', '5fe2ad4ee7abf.jpeg', 1, 1),
(660, 'Galih Chandra Dewi', 'galih.chan.dewi-2019@fh.unair.ac.id', '$2y$10$7cvECT4UEk5D3wsKuxuVpeK7WX3qaTtF5YmgAnFqQQrTlsi9g7G6q', '5fe2c3b6b7d48.jpg', 1, 1),
(661, 'Ardhan Bismamukti Mashury', 'ardhan.bismamukti.mashury-2019@fh.unair.ac.id', '$2y$10$M0Z2JLIIvIq7fBziY1MQ3.gUsQxIUygQ/SstQIpLgWcN/pbt9GlFW', '5fe2995bdfeac.jpg', 1, 1),
(662, '', 'muhammad.falah.dawanis-2019@fh.unair.ac.id', '', '', 1, 1),
(663, 'JAZILAH ASTITI', 'jazilah.astiti-2019@fh.unair.ac.id', '$2y$10$7YCDOJbJT5NcQEWciM1qXu3Tlhjjv5EpvSySzvU4sKjspOrz8SIbm', '5fe2d1d6e2443.jpeg', 1, 1),
(664, 'Mazaya Shaumy Khairana', 'mazaya.aumy.khairana-2019@fh.unair.ac.id', '$2y$10$pPtyuQbV8GhR624NwO06YeGjjQo3yeecUs9o644TXPdVxK18Af5HW', '5fe2d0ded2c67.jpg', 1, 1),
(665, 'Bisma ainul yakin', 'bisma.ainul.yakin-2019@fh.unair.ac.id', '$2y$10$aq1yYPkz6hcTSYkSGqbuPOvdOADJmLVCJ11Fz/efTVSN3TdY169Nu', '5fe297d54a596.jpg', 1, 1),
(666, 'Robertus Derivio', 'robertus.derivio.sartono-2019@fh.unair.ac.id', '$2y$10$0j8Wsiqq.MSW4aEoC/Q5PeSlyx84jiDJ9SsUBE9ouV5BE31/aFcyW', '5fe2fd868360d.jpg', 1, 1),
(667, 'Aldiansyah pratama', 'aldiansyah.pratama-2019@fh.unair.ac.id', '$2y$10$0t9IpI1XY/wkU7wDsnuGBeekbx1lEO5tIMOCwfgs3DZO4Dl06Irka', '5fe2a6d7ea518.jpg', 1, 1),
(668, 'Bayu Satya Ndharma', 'bayu.satya.ndharma-2019@fh.unair.ac.id', '$2y$10$Y4IT3lV1cmYJRIOYW./QoOnZhVIvBaPbbIVQB9xb6H2y17ZoyR38O', '5fe2c7d643483.jpg', 1, 1),
(669, 'James Faizal Budiono', 'james.faizal.budiono-2019@fh.unair.ac.id', '$2y$10$4a6m4fmsSVVxrYdSTpG5L.F5dPWz4Qjdd2dkCnoN9QlntI4Qxka72', '5fe2c093b2547.jpg', 1, 1),
(670, 'Betsy Prajna Paramita', 'betsy.prajna.paramita-2019@fh.unair.ac.id', '$2y$10$xuZToU5H8D0lSaFKqL251OcZWwdyx3TqPaEA///2mbbQIB2zzpnem', '', 1, 1),
(671, '', 'santika.devani.zabitha-2019@fh.unair.ac.id', '', '', 1, 1),
(672, 'Juan Safero Rianda', 'juan.safero.rianda-2019@fh.unair.ac.id', '$2y$10$mVhFVMvOjm8I2ot/8JVjL.WAokG1d7CSd3r/cEzBy7PyGUfak6hqm', '5fe2e86a11aae.jpeg', 1, 1),
(673, '', 'gabriella.ma.monica-2019@fh.unair.ac.id', '', '', 1, 1),
(674, 'Adna Farras Sahasika Naufal', 'adna.farras.sahasika-2019@fh.unair.ac.id', '$2y$10$uplhUGPj7fYcGqAc08vx5eQze9vBE6I.hZkf7JfMogLWf5N1IDXpe', '5fe2d706dab54.jpg', 0, 1),
(675, 'novania aulia rahma', 'novania.aulia.rahma-2019@fh.unair.ac.id', '$2y$10$PezhI7AJJinKEKRuEUM7TOvJ.vjFuf8b.ceK4y5Ki296w3RwO./f.', '5fe2b8c6baf26.jpeg', 1, 1),
(676, 'Muhammad Wildan Kahfi', 'muhammad.wildan.kahfi-2019@fh.unair.ac.id', '$2y$10$sFY5GS/AjROHFiQCfRj1puWriSvOd7Mg2NV0BsfqRpp7JSX6kKe36', '5fe2f4e5ba7ee.jpg', 1, 1),
(677, 'Helena Amadea Loudia', 'helena.amadea.loudia-2019@fh.unair.ac.id', '$2y$10$tSdP5E65R9443eZ86F8nJ.OI2Fy6iilna6yPjZlCyzC9mbog.ieN6', '5fe2e501c94be.jpeg', 1, 1),
(678, 'Dea Safira Setiono', 'dea.safira.setiono-2019@fh.unair.ac.id', '$2y$10$RBYQNqkaJzK5heitVLJPi.FOJWBmsRPqouQMwJibHS/q/nTsC5kMO', '5fe2e605ae279.jpeg', 1, 1),
(679, 'zaizafun lathifah', 'zaizafun.lathifah-2019@fh.unair.ac.id', '$2y$10$fxkiDst9Q15aYXjgQnjZmeOsAtdnWgzeI12jaGRCK4ShtrrC2eQTC', '', 1, 1),
(680, '031911133157', 'irana.alya.raihanah-2019@fh.unair.ac.id', '$2y$10$FENW0.FrpI06hphDAE/Twuil.Caz7tELC7hIDYtNDZZ80jFZakWI2', '5fe2ad7c8162e.JPG', 1, 1),
(681, 'Hilmy Rumi Rahman', 'hilmy.rumi.rahman-2019@fh.unair.ac.id', '$2y$10$VEw7v6sFLemqJLOHo3xFOuRMlDrSdCKnKyj0JJpDjJx/yUFWw6rnG', '5fe2b0d41e673.jpeg', 1, 1),
(682, 'Liza Nurhalizah', 'liza.nurhalizah-2019@fh.unair.ac.id', '$2y$10$ghLo.b2sgK7BbuMQ1z/fRO4qay.etSnSpwi3DI85utspcTs8CVvE2', '5fe2c3e07ff1e.JPG', 1, 1),
(683, '', 'laurentius.kevin.christian-2019@fh.unair.ac.id', '', '', 1, 1),
(684, 'Theo Sianipar', 'theo.jornada.natanael-2019@fh.unair.ac.id', '$2y$10$iQjEsmLSamrjYFytMJ4tg.L4eWAA9/XP3aInIVzhJgP8r8kKEBSHW', '5fe2ed6b3b82c.JPG', 1, 1),
(685, 'Muhammad Yulian Rizki', 'muhammad.yulian.rizki-2019@fh.unair.ac.id', '$2y$10$P63zvS48.6FJEVMqurO.suKhD89ATq8.cSw/v0iDTm/HSzXKbsKQ.', '5fe2b280be729.jpg', 1, 1),
(686, 'Rayfa Camelia Parameswari', 'rayfa.camelia.parameswari-2019@fh.unair.ac.id', '$2y$10$A6e65kPDpYZi/KNYF617fuC9ZnfFHaVgl3xj3TzJ5564McSEhzUlq', '5fe2bef3781ad.jpeg', 1, 1),
(687, 'Shafa Salsabilla Agrijustitia', 'shafa.salsabilla.agrijustitia-2019@fh.unair.ac.id', '$2y$10$8/GZfEBQgAlbxYfJZ6FqT.TjXkk1LIWfmZzt6R2rHLu86eruR7.pi', '5fe2de789edf9.jpeg', 1, 1),
(688, 'Ika Putri Rahayu', 'ika.putri.rahayu-2019@fh.unair.ac.id', '$2y$10$Ws7jAu2yC8P3fg4kNGkDqOM/cCjEAgaWqnAEKQFJmamt2KvePXrJC', '5fe2a7f37a7a2.jpg', 1, 1),
(689, 'Nunung Widiyanti', 'nunung.widiyanti-2019@fh.unair.ac.id', '$2y$10$YlxTyc3GfdKSRNkCqZ4XAu/nstodCUtMrlx8ujI9HE4NRshd0Sfr6', '5fe2c1949ec14.jpg', 1, 1),
(690, 'Zulfan Hendika Ardi Firmansah', 'zulfan.hendika.ardi-2019@fh.unair.ac.id', '$2y$10$urInW4XC8iaTW/73GeGRQuzuj3NKgxv2avaJGkvC48vymx3x1pQeK', '5fe2b52ebd556.jpg', 1, 1),
(691, 'Cantika Anugerahanani', 'cantika.anugerahanani-2019@fh.unair.ac.id', '$2y$10$SLAFy8RnSjdRGIqWSO4HtuW0bBCk6sU798N.ZeVf.LKAUlHcIaTNS', '5fe2c13866b0f.jpg', 1, 1),
(692, 'AZMIL MUFTAKHOR', 'azmil.muftakhor-2019@fh.unair.ac.id', '$2y$10$vAkJsOnFvmoQAGlHGh74jOZ.1dWMBnwsA388ayPWBRc0S2UXJEUJ2', '5fe2c92d053b5.jpg', 0, 1),
(693, 'udiyani shafira putri', 'udiyani.afira.putri-2019@fh.unair.ac.id', '$2y$10$F5pg0HVX9hOaFVzrOEPv9OI2Mdd8idqvNMIJfEHRSfgrohni/ZMaG', '5fe2c2d36091c.jpg', 1, 1),
(694, 'Aji Setyo Mukti', 'aji.setyo.mukti-2019@fh.unair.ac.id', '$2y$10$cwpNn0wZaj8j20vN.3YiSe.eh02npNw2YO.jKY4nbGmAvDS7FNUxC', '5fe29c38df4a0.jpeg', 1, 1),
(695, 'Mohamad Renaldi', 'mohamad.renaldi-2019@fh.unair.ac.id', '$2y$10$4kOXEd18Rb1tdWTIXVEj4un3a6UfQKisFzUSl3ucjmT1JwqkMmBVO', '5fe2cdd6b5da6.jpeg', 1, 1),
(696, 'Hidayatul Sabrina', 'hidayatul.sabrina-2019@fh.unair.ac.id', '$2y$10$TCqUKlv3/LGRPl/ugDg.9ODtfqpOS.ms3OvpQ7q7AN03pj/s3jEE.', '5fe2ca12bb49e.jpg', 0, 1),
(697, 'Andini Mei Cahya', 'andini.mei.cahya-2019@fh.unair.ac.id', '$2y$10$//BfI4Czc65qNV19vVIEkeX13bLmneKXT3iwVt.w5qNPStTBgDokS', '5fe2fc75c77f8.jpeg', 1, 1),
(698, 'Fikkrie Firman Ardiansyah', 'fikkrie.firman.ardiansyah-2019@fh.unair.ac.id', '$2y$10$DF.Ijhi2E5MTPkrxHrQcQu8Z10B5rdDbOKaF7uWFjy6tkUrLkb8Mm', '5fe29abdd3e01.jpg', 1, 1),
(699, 'Muhammad Rafi Satya Ganindra', 'muhammad.rafi.satya-2019@fh.unair.ac.id', '$2y$10$8OR4o5jeJBe/RoYRTuIV3u2dielv0SWucbIjc7DgfRrZRHeQ2EbHW', '5fe2e6206a861.jpg', 1, 1),
(700, 'Iqlimma Shafa Eylisa Yudha', 'iqlimma.afa.eylisa-2019@fh.unair.ac.id', '$2y$10$6ckPndT7chU8HlJTiBuGQOvXS4biqOc1bXU.PneLLc1HXMNmz/9Pq', '5fe29bce9b792.jpeg', 1, 1),
(701, 'Pradnya Wicaksana', 'pradnya.wicaksana-2019@fh.unair.ac.id', '$2y$10$Q9EQpIjMWtsjv4pnz6pZs.ncSAHM8LuITnoOOCwh2.m1rXxyiOGk.', '5fe29bc252f4d.jpg', 1, 1),
(702, 'Joshuagiorgio', 'joshua.giorgio.chan-2019@fh.unair.ac.id', '$2y$10$jd32fgWkiEKxJmDQNp8VC.d2wpQH7nr7UNqpu0lQnAzi8FItaaZWO', '5fe2b139d1d6a.jpg', 1, 1),
(703, '', 'alex.wijaya-2019@fh.unair.ac.id', '', '', 1, 1),
(704, 'Syahrul Ramadhan', 'syahrul.ramadhan-2019@fh.unair.ac.id', '$2y$10$ojj8.p1T9f/S2MbSu5X9uezgP4tHw61k088ysckd5IZ7bV.ZUH9p.', '5fe2a44f90fc3.jpg', 1, 1),
(705, 'Putu Sandhya Wiradharma', 'putu.sandhya.wiradharma-2019@fh.unair.ac.id', '$2y$10$SubdBT/xIHZlmiW8zXRJb.EMADaST5qD6RjHQrpG0DWKyO.CPOhS.', '5fe2f88b2fba0.jpeg', 1, 1),
(706, '', 'rahadyan.fajar.harris-2019@fh.unair.ac.id', '', '', 1, 1),
(707, 'Intan Rivinia Putri', 'intan.rivinia.putri-2019@fh.unair.ac.id', '$2y$10$S0Fx8xC13g7sWxPI5rzMtO.XRyYAlE1nOgbQhl8l/ED4G7Qcoe7IC', '5fe2a3c825498.jpg', 1, 1),
(708, 'Surya Harya Nugraha Suwono', 'surya.harya.nugraha-2019@fh.unair.ac.id', '$2y$10$7/kj8LIu7CFWT2vS9zor3.2SsAjkMSR0x4hzW8t8hrg/iNqets/LC', '5fe2e3c36a20d.jpg', 1, 1),
(709, 'Bagus Nugroho', 'bagus.nugroho-2019@fh.unair.ac.id', '$2y$10$eIzSz6vfOzizl1VMsKYHdOvdiDvEq.fg0fBL9r4xpuVAezCHcMnTG', '5fe2ac23cff06.jpg', 1, 1),
(710, 'Priscilla Mathilda H', 'priscilla.mathilda.hanami-2019@fh.unair.ac.id', '$2y$10$tF2ANiPZKXleyxiopSD6D.Gdpk96TUPCquJcHdx99EeDKRvvJxbb.', '5fe2ab83ed116.jpg', 1, 1),
(711, '', 'muhammad.fariz.adhyaksa-2019@fh.unair.ac.id', '', '', 1, 1),
(712, 'Thessarca Az Zahra Batuta', 'thessarca.az.zahra-2019@fh.unair.ac.id', '$2y$10$xrus9vsXBtgleIOpy5g3xOg2iaIfVCBXe.W5xgmEtCapKZoLmgf3.', '5fe2f0c0a2b2b.jpeg', 1, 1),
(713, 'Axel Cross', 'axel.cross-2019@fh.unair.ac.id', '$2y$10$L3C/kOmjqL8VmtaO2WUOlORbHhfF1nhCJswDD1u8i3jKrcmJ0g5t2', '5fe2caed6b8db.jpg', 1, 1),
(714, 'Hamdan Alif Darmawan', 'hamdan.alif.darmawan-2019@fh.unair.ac.id', '$2y$10$DOe7zJZwzU1hyXdNhql.Uu8FmhDI3KUjoNGkRD.S0LZQXmnBkNQk2', '5fe2b822bda30.jpg', 1, 1),
(715, '', 'michael.christian.budianto-2019@fh.unair.ac.id', '', '', 1, 1),
(716, 'Anissa Mitasyasqia', 'anissa.mitasyasqia-2019@fh.unair.ac.id', '$2y$10$IklvlilqCO.6KUH8qTG0ke/wTVGIMgFsb0UILCNi0IaYLVz4GVLwy', '5fe2bef60d52c.jpeg', 1, 1),
(717, 'Anita Maharani Tanusaputri', 'anita.maharani.tanusaputri-2019@fh.unair.ac.id', '$2y$10$wUEG719cVHuJlTBaOiW/h.SZZLr6/O9dqC2Xl3AJJom2oVc29BaiC', '5fe2d3b877900.jpg', 1, 1),
(718, 'Rahardian Satya Mandala Putra', 'rahardian.satya.mandala-2019@fh.unair.ac.id', '$2y$10$eCOgHT5qwINCKLe0Sw4VY.B.ZvMA7icleX2/GbiyE1ymHOiJ74z5K', '5fe2b80ff2851.jpeg', 1, 1),
(719, 'Dinda Ayu Ramadhani', 'dinda.ayu.ramadhani-2019@fh.unair.ac.id', '$2y$10$B79qNHxhFZHPQJ7wQ.MYZewLDYs6uUN.CZLdRe8JtBl2c3yxLgRx2', '5fe2c167b451b.jpg', 1, 1),
(720, 'Dinda Chomariyah Putri', 'dinda.chomariyah.putri-2019@fh.unair.ac.id', '$2y$10$bhVSxIsW4WmktzKt1a9AhupO9IYSzfUTUvqKPxrmhuKbXsoX9k5Xm', '5fe2d38984105.jpg', 1, 1),
(721, '', 'indira.fe.winadine-2019@fh.unair.ac.id', '', '', 1, 1),
(722, 'Agfar Achwandy', 'agfar.achwandy-2019@fh.unair.ac.id', '$2y$10$GyYm/1A38H0IzwOuxNPoqu2tDbgtHLivsr65FnPqklX4M77IgNwga', '5fe2b97c43bc1.jpg', 1, 1),
(723, '', 'i.gusti.ngurah.anantha-2019@fh.unair.ac.id', '', '', 1, 1),
(724, '', 'faizal.dwi.hanada-2019@fh.unair.ac.id', '', '', 1, 1),
(725, 'Rayhan Adhi Pradana', 'rayhan.adhi.pradana-2019@fh.unair.ac.id', '$2y$10$UhqDMbj/2Q/qsPoZsXwPT.skhO.rONwwYGi8mWqstvz4EKCKanzfG', '5fe2e5d9c563c.jpeg', 1, 1),
(726, '', 'desak.ayu.gangga-2019@fh.unair.ac.id', '', '', 1, 1),
(727, 'Evander', 'evander-2019@fh.unair.ac.id', '$2y$10$RjC3B8Dn2oD4RhZh.sG7XOhirrvIwZAtsMuXtvIHIClbhaF50sCq2', '5fe2e89fd44d0.jpg', 1, 1),
(728, 'Azalia Devina Tiffara', 'azalia.devina.tiffara-2019@fh.unair.ac.id', '$2y$10$xvPBK9OA37PIdQtuYQeYUeg7t6zTp0HCoXoA7qSvr7gT6uPKF.BVS', '5fe2ce95e1112.jpg', 1, 1),
(729, '', 'muhammad.yusuf.sufandy-2019@fh.unair.ac.id', '', '', 1, 1),
(730, 'Putri Athaya Hendraswari', 'putri.athaya.hen-2019@fh.unair.ac.id', '$2y$10$/PuTdCQB1fRWLIfm3oiaWe64XchpgQVYpxt7LXuIP1UAddVY4/6zC', '', 1, 1),
(731, '', 'stefania.arshanty.felicia-2019@fh.unair.ac.id', '', '', 1, 1),
(732, '', 'amira.fadia.taquela-2019@fh.unair.ac.id', '', '', 1, 1),
(733, '', 'muhammad.aqil.kamaluddin-2019@fh.unair.ac.id', '', '', 1, 1),
(734, 'M. AUFA ZAIDAN DAVA', 'muhammad.aufa.zaidan-2019@fh.unair.ac.id', '$2y$10$jOW/FozK7RaQ09XzexIeYO/3ssqFtwk4HYqmRauTY7laTFpP3y0qm', '5fe303e961480.jpg', 1, 1),
(735, 'Nurasyifah Khoirala', 'nurasyifah.khoirala-2019@fh.unair.ac.id', '$2y$10$2hzbSw1Atzyc61dYrzcgHujrNrYf7bz6fJsAUFSKyGDxC6oQ2o.3a', '5fe2fb5e04436.jpg', 1, 1),
(736, '', 'fadhila.dheanisa-2019@fh.unair.ac.id', '', '', 1, 1),
(737, 'Mochammad Rifqi', 'mochammad.rifqi.anam-2019@fh.unair.ac.id', '$2y$10$qJOvvip/jea6WXuE9QXHxOSsWWvm.aP9A3lXT2zxIMmMHqmAzEF4e', '5fe2efba149b6.jpg', 1, 1),
(738, 'Amanda Deta Agustinita', 'amanda.deta.agustinita-2019@fh.unair.ac.id', '$2y$10$XeZcX8eck6wYbkazf5p75eUubFjzwyJgPoI66QQNF4yqcWuvRCjqi', '5fe2f05ff2934.jpg', 1, 1),
(739, 'Durratul Hikmah Benga Tupen Riantobi', 'durratul.hikmah.benga-2019@fh.unair.ac.id', '$2y$10$lnd/OKQPC4/7SFNxd2tjK.pnuIwM0TQtTPfbEegF4XfayjQxUadf2', '5fe2d5985e78f.jpg', 0, 1),
(740, '', 'anggraelito.rahmanda.putra-2019@fh.unair.ac.id', '', '', 1, 1),
(741, 'sintia irna dianis ifada', 'sintia.na.dianis-2019@fh.unair.ac.id', '$2y$10$PpQcoz4XxZNPfYPZbQKAU.wKrWesKIRu3Tr1p8KzUH4nh4WOKmcGO', '5fe2d6e7a1021.jpg', 1, 1);
INSERT INTO `voter` (`voter_id`, `name`, `email`, `password`, `attachment`, `send_status`, `is_active`) VALUES
(742, 'Sabrina Permata Sari', 'sabrina.permata.sari-2019@fh.unair.ac.id', '$2y$10$tR1cXOi8qdndY.yZ5Ua69.gg6Dvd8f2ExA6xG71N54YEC/WomAjHe', '5fe2dee7b8614.jpg', 0, 1),
(743, 'Santika Devani Zabitha', 'athyra.elmilla.nur-2019@fh.unair.ac.id', '$2y$10$yD5Nk4MOnf0Bw02z/oHBHeMcdHEeS5/EwbS1X64ooXfchRw8akASq', '5fe2e5dc1617b.jpg', 1, 1),
(744, 'Hilmy Asis Syafruddin ', 'hilmy.asis.syafruddin-2019@fh.unair.ac.id', '$2y$10$f/0ZCg/9JUcWCoqFD9husOZaBVkb0o73zqDwhWpeNQWs3wIibJyW6', '5fe2b9bae438d.jpg', 1, 1),
(745, 'Muhamad Agev Dzulfikar', 'muhamad.agev.dzulfikar-2019@fh.unair.ac.id', '$2y$10$HscUXQKi9rxbTDLW/K6MauEyGvVy7hH8BVXPdcW.u5.lPuYXXDSJO', '5fe2bcd9b9afc.jpg', 1, 1),
(746, 'Faya Maritza Dahayu Anggani', 'faya.maritza.dahayu-2019@fh.unair.ac.id', '$2y$10$hOehdNiDmcTxxQs.YkBt3e8OtFDJnTjQZWdo44TaUPs15CzZ7xjXS', '5fe2be4e2110c.jpeg', 1, 1),
(747, '', 'qanita.indira.justine-2019@fh.unair.ac.id', '', '', 1, 1),
(748, 'Dinda ayu alfiana', 'dinda.ayu.alfiana-2019@fh.unair.ac.id', '$2y$10$lkB0EsG4fRVUlhu05WBnT.MJFwDHtb3X7.4M9D38SGrPfFdc7uAsG', '5fe2efa139d29.jpeg', 1, 1),
(749, 'Muhammad Al-Fariez Dyas', 'muhammad.alfariez.dyas-2019@fh.unair.ac.id', '$2y$10$DoWVd5rQKs9cEKSGzBQnuer4FE.pnortYcmx9bhnjcUdAGk9Hq3l2', '5fe2be8798bc1.jpg', 1, 1),
(750, 'Angeline K', 'angeline.kolopaking-2019@fh.unair.ac.id', '$2y$10$IHkRzozBJNDE.Ysk.8UJSOtrL2cSadd2FjlQ2.JWblvedmRPBX63q', '5fe2efeb8a075.jpg', 1, 1),
(751, 'Thania Ayu Viasmaary', 'thania.ayu.viasmaary-2019@fh.unair.ac.id', '$2y$10$25Im0uwY2EhWNhWwwDws6e71RYdwNKSSTnPiXcr1zQ7m9nuND07.m', '5fe292e896846.JPG', 1, 1),
(752, 'Wanda Farda Wahdini', 'wanda.farda.wahdini-2019@fh.unair.ac.id', '$2y$10$QTveeynHOm/NkRTV0cWfsur1/YZJX6iKGGvbheYwuY.H0zQOqyoNO', '5fe2da1846913.jpeg', 1, 1),
(753, '', 'muhammad.reza.awan-2019@fh.unair.ac.id', '', '', 1, 1),
(754, 'Stefanus Bagas Adi Prayogi', 'stefanus.bagas.adi-2019@fh.unair.ac.id', '$2y$10$XfGBM63W4g9FfpBRzhTQdeyCx9/q6ucIrRw6TOzF4D.FerGyYMEka', '5fe2c6201c83e.jpg', 1, 1),
(755, 'Krisna Mukti Adi Wibowo', 'krisna.mukti.adi-2019@fh.unair.ac.id', '$2y$10$.DFaIzGYkBdUMGah71Q0tO70pXJQNx/1kIejZ78aUHmPqwZGq1bUe', '5fe29b6e15269.jpeg', 1, 1),
(756, 'Rafika Izzatur Rahman', 'rafika.izzatur.rahman-2019@fh.unair.ac.id', '$2y$10$LSsAQ8KN2oGQUxQvROGDHOa9PXqgAz0DE6Hxf003L3K67YEFXhn3O', '5fe2f1e959e05.jpeg', 1, 1),
(757, 'Viena Yustia', 'viena.yustia.adriani-2019@fh.unair.ac.id', '$2y$10$F.nuZvLVEIC4weoZxbHBo.Z4CZAFThzCmu/W67UZt6FcCRATqRZ4W', '5fe2f880ef05d.jpg', 1, 1),
(758, 'Celfilia Devi Ayuningtyas', 'celfilia.devi.ayuningtyas-2019@fh.unair.ac.id', '$2y$10$/0GPSX3MbU/cysoNn80Q2.du5XlMcyZyos4gW0N3oOJ75P0sRre.2', '5fe2fe7b10078.jpg', 1, 1),
(759, 'Patricia Yessy Davina', 'patricia.yessy.davina-2019@fh.unair.ac.id', '$2y$10$9ej6QdmgGvCalvzR8Aw03ORlinljRaBPrwAyhIPhArE6bVejf7Ey.', '5fe2f56e28782.jpeg', 1, 1),
(760, 'Muhammad Rafli Rifki Reza ', 'muhammad.rafli.rifki-2019@fh.unair.ac.id', '$2y$10$HsySQx5aDoOjiYcVtU1q7eTwy97t1oQJAljtFh244X6ZanZenCLHG', '5fe2cfd2707bf.jpg', 1, 1),
(761, '', 'bernard.nicholas.singarimbun-2019@fh.unair.ac.id', '', '', 1, 1),
(762, 'Nadhil Putra Fadianto', 'nadhil.putra.fadianto-2019@fh.unair.ac.id', '$2y$10$z9keLeniLEIF2KJJZscf/ORwVTbOGv6LTU0RpCM1xuNDg5QgYFn.m', '5fe2ed5163b81.jpeg', 1, 1),
(763, 'Nada Sophia', 'nada.sophia-2019@fh.unair.ac.id', '$2y$10$EYmnzXk5xP6mRTqde4Q83eJ/X9lhWXWT3dg2LO.38tCO7f9MYvUXO', '5fe2f13eb50f1.jpg', 1, 1),
(764, 'Rafli Fathurrahman', 'rafli.fathurrahman-2019@fh.unair.ac.id', '$2y$10$fPNBKXPHqeK45i5eIbGhfO9VTwpvIFjqS8f72SPfGMjzEitW//PK.', '5fe2bf508ea84.jpg', 1, 1),
(765, 'Muhammad Nabil Barasyid', 'muhammad.nabil.barasyid-2019@fh.unair.ac.id', '$2y$10$k4enfN7uA41nGN0g84w2qOrqfWVfDUN5ganLEFjKIG.xZCsZBrcEu', '5fe2bdc9d5122.jpg', 1, 1),
(766, '', 'yusa.rahman.sanjani-2019@fh.unair.ac.id', '', '', 1, 1),
(767, 'Mario Febrianto Sukoto', 'mario.febrianto.sukoto-2019@fh.unair.ac.id', '$2y$10$XseP5jNI.hizQQVjDJimx.fHfC978jDyoRw/QiyGefCkys96GhYQ2', '5fe293cfb1ab8.jpg', 1, 1),
(768, 'Latifatur Rokhmah Adhami', 'latifatur.rokhmah.adhami-2019@fh.unair.ac.id', '$2y$10$wbUH6lOIvMrw8mn1SEwLfeF4BYvbPqeBA5skcvWJWg/f1z1YlqSQ6', '5fe2a70f1910b.jpeg', 1, 1),
(769, 'AMILIYA HANDAYANI', 'amiliya.handayani-2019@fh.unair.ac.id', '$2y$10$NiAF7VPi12v2RWrrKQzyheKMxkHG5OYIPABt.vkIOC7RcUVUgLBpm', '5fe2becce4a51.jpg', 1, 1),
(770, 'Rahadian Bino', 'rahadian.bino.wardanu-2019@fh.unair.ac.id', '$2y$10$ItbigtyWAPnO5OpxXcTFmOOqti7fMSAFfbq7Ak1sYbBBX7/JxqOva', '5fe28b78d77f7.jpeg', 1, 1),
(771, 'Samuel Yobel C.', 'samuel.yobel.christian-2019@fh.unair.ac.id', '$2y$10$chQeCuXTVFDHLrYbzky6r.pu09gLeANGQp5mNSnZrUE5BK0ahbP6S', '5fe2d1cc906fd.jpg', 1, 1),
(772, 'Raymond Jonathan', 'raymond.jonathan-2019@fh.unair.ac.id', '$2y$10$3NeP5LZ3KPN/ZltXuSG3Ie8mDQwamMXiNTZDSA8akLvpWr0PPMg2a', '5fe2cec614a0f.jpg', 1, 1),
(773, '', 'raditya.puji.wicaksana-2019@fh.unair.ac.id', '', '', 1, 1),
(774, 'HARVEN FILIPPO TAUFIK', 'harven.filippo.taufik-2019@fh.unair.ac.id', '$2y$10$ToJ13WWpLOGH5K0p1RIG2u9M/jDk9TP.C20FvXLclciudbOoQR72a', '5fe2ec47dfb3d.jpeg', 1, 1),
(775, '', 'aulia.nabila.rachman-2019@fh.unair.ac.id', '', '', 1, 1),
(776, '', 'maria.mardhotillah.masleham-2019@fh.unair.ac.id', '', '', 1, 1),
(777, '', 'naya.aulia.zulfa-2019@fh.unair.ac.id', '', '', 1, 1),
(778, 'Monza R Harissa', 'monza.riviero.harissa-2019@fh.unair.ac.id', '$2y$10$jQ8A3yAspuRs5VRfnLmrDeatg726FBk4jPTkBRw1ZpHDTVmGn.OOW', '5fe29e0a51750.jpg', 1, 1),
(779, 'Albertus Redy Gunadi', 'albertus.redy.gunadi-2019@fh.unair.ac.id', '$2y$10$Vz6MhlNIDi2bLsM/3rxpeudFLBc6llOapOCFwuWORkIBB9p5B7AKS', '5fe2c1fb4272e.jpg', 1, 1),
(780, 'Muhammad Almer Putera Arnapi', 'muhammad.almer.putera-2019@fh.unair.ac.id', '$2y$10$NqFsRcNieSX/REPCKZWaO.bOotKpYcF.UrgPJr4ftC3Y5y5oY/6om', '5fe2aadab28b0.jpg', 1, 1),
(781, '', 'esperanza.antonia.fransiska-2019@fh.unair.ac.id', '', '', 1, 1),
(782, 'Ariel Emilio Susilo', 'ariel.emilio.susilo-2019@fh.unair.ac.id', '$2y$10$Ed7Vn6lHqIsTIyWp00z9ze5oV0L66oondsr17399ZgLC354XmnKpu', '5fe2aea5b3f99.jpg', 1, 1),
(783, 'Muhamad Ridho', 'muhamad.ridho-2019@fh.unair.ac.id', '$2y$10$eR5TV3pabMGiCxyALSK3a.D6TpJ4m9U6oIqkNvghcUvhiiq0g5U7W', '5fe2e47c45c6d.jpg', 1, 1),
(784, 'Jesslyn Stephanie', 'jesslyn.ephanie-2019@fh.unair.ac.id', '$2y$10$b2uu.Yh0CX52dyr2OrxvSu55r0Ta.A8rUVyoMjWClxnB6a8w17XrC', '5fe2ff93a3797.jpg', 1, 1),
(785, 'MOHAMAD RAMDHANI SATRIAWAN', 'mohamad.ramdhani.satriawan-2019@fh.unair.ac.id', '$2y$10$ktKic/Yklm2HNolVV57vcOXuHW18i19Dye5RcAqLN.X2EVRy1wyUm', '5fe2ac8c80607.jpg', 1, 1),
(786, 'Kresna Murti A', 'kresna.murti.aron-2019@fh.unair.ac.id', '$2y$10$nEI/Q42wGfQgfYpmQw6gU.rZtTccFDNQhYjaJ9BPsx0s5Sb5ht58y', '5fe2cd2cbdc4a.jpeg', 1, 1),
(787, '', 'kevinanda.putra.imantaka-2019@fh.unair.ac.id', '', '', 1, 1),
(788, 'Istianah', 'istianah-2019@fh.unair.ac.id', '$2y$10$BVLI6RUpLAGXOczUXmkO2OewUfWg1InaJjfRLX/ZxLg8a1b21jtV.', '5fe300d27d99f.jpeg', 1, 1),
(789, '', 'muhammad.rioviano-2019@fh.unair.ac.id', '', '', 1, 1),
(790, 'terra afandaniarto', 'terra.afandaniarto-2019@fh.unair.ac.id', '$2y$10$wXJYG.Drbdnm7fLWsr4sb./dEKbENuXQdfV1BkAGRuY1f3rlObmda', '5fe2a6c9e9fcb.JPG', 1, 1),
(791, 'Annisa Aqielah Harris', 'annisa.aqielah.harris-2019@fh.unair.ac.id', '$2y$10$7UPodiP3uavjvcquKb5bgucXV94c7aCUZWhVk0am2fGGhQDHpRkj6', '5fe2bffe8187f.png', 1, 1),
(792, 'rayyan mustofa bawazir', 'rayyan.bawazir-2019@fh.unair.ac.id', '$2y$10$aG1ZvymeOJheYjvmxXU3i..mCz8d8r0klkGRW/G3W1I0KrIeyn7jG', '5fe29c2780972.jpeg', 1, 1),
(793, 'Ellysa Q', 'ellysa.qatrunnada-2019@fh.unair.ac.id', '$2y$10$lTpNKChA8DjLGQtakMmOsO6ZuN40dVTXAy3ebLzTl64dyFsJEHhjG', '5fe2fd7ca7648.jpeg', 1, 1),
(794, '', 'dara.legitayu-2019@fh.unair.ac.id', '', '', 1, 1),
(795, 'Apriska Widiangela', 'apriska.widiangela-2019@fh.unair.ac.id', '$2y$10$Ypcvcswxl6DKV3h6zshTIuDiYO.UUN3v6QxIF5Cd8NtFKhTBxCLuy', '5fe2d30e58ad0.jpg', 1, 1),
(796, 'Maximilianus Putra Indrawanto', 'maximilianus.putra.in-2019@fh.unair.ac.id', '$2y$10$75U9HLk1mjKb9iDt7dI9junhkL3flAMI4erzHeLXyBsrkQigM/k6i', '5fe2ebd84396c.jpg', 1, 1),
(797, '', 'vina.rahmadhani-2019@fh.unair.ac.id', '', '', 1, 1),
(798, 'Nanda Alifia Widyadhana', 'nanda.alifia.widyadhana-2019@fh.unair.ac.id', '$2y$10$Et9TabipOrsY1WFrrVJlpu7Rrl7EQV6vuIXWKAFwhQGpcioYEmjie', '5fe2c806eddd8.jpg', 1, 1),
(799, '', 'alfina.azzarah.bella-2019@fh.unair.ac.id', '', '', 1, 1),
(800, 'Dwi Alfira Erisca Cintiya', 'dwi.alfira.erisca-2019@fh.unair.ac.id', '$2y$10$vdF9uBto6WWiN6fdNbupYuDJGxq9jjJPF8vIGQpF1/pTkawBcxpiK', '5fe2a8e8cfff2.jpg', 1, 1),
(801, '', 'yesenia.kalila.aji-2019@fh.unair.ac.id', '', '', 1, 1),
(802, 'Desi Fitri R', 'desi.fitri.rahayu-2019@fh.unair.ac.id', '$2y$10$TetalKRG9K0SH8U1d0P6v..fopaiNkrqO1m.A76btLB.xqioFh5KG', '5fe2cb2d6410f.jpeg', 1, 1),
(803, 'Sellyana Narita Ratih Wulandari', 'sellyana.narita.ratih-2019@fh.unair.ac.id', '$2y$10$/I10DwewSPcGeHuTHscvO.K3Igl2lUlxdA3784hRi4NrjWkBUQkgi', '5fe2e672d6564.jpeg', 0, 1),
(804, 'Fajar Dwi Ramadhany', 'fajar.dwi.ramadhany-2019@fh.unair.ac.id', '$2y$10$3eJpBk31RIxVS1eLEx96uerDQxFvFb3.rGYLHgou9RveZkt56pboW', '5fe2e3df34403.jpeg', 1, 1),
(805, 'Kurnia Damayanti ', 'kurnia.damayanti-2019@fh.unair.ac.id', '$2y$10$3WzUAnxfAGNgGyRXgoBwIu6sjPIuHwdbhHw.tLlEIO0HfTeqTtb8e', '5fe2d91525455.jpeg', 0, 1),
(806, 'Gerry Arthadi', 'gerry.arthadi-2019@fh.unair.ac.id', '$2y$10$.VfMUqBdW9s4MZoh05G.1eRjO3LHry8LYP7JlvART6F9VY9v5BZgK', '5fe2f5247b035.jpg', 1, 1),
(807, '', 'nakita.millenia.putri-2019@fh.unair.ac.id', '', '', 1, 1),
(808, 'Azzahra Mazaya Khalisah', 'azzahra.mazaya.khalisah-2020@fh.unair.ac.id', '$2y$10$MFyYLrWtlZdcnbPH0edRgOuBBlWnZf/YG0utV/xi1G18U8GvIaMt2', '5fe2b7454f606.jpg', 1, 1),
(809, 'Justisia Aura Najwa', 'justisia.aura.najwa-2020@fh.unair.ac.id', '$2y$10$T7m9CLpZjxdAGcEMOFR4ouJVQEagrSlQvd/3KWxRHPqwOrhxHiPha', '5fe2f9501b087.png', 1, 1),
(810, 'alexander dharma kusuma', 'alexander.dharma.kusuma-2020@fh.unair.ac.id', '$2y$10$DtEg2FvoTQawqtUMYuMR9uKVbnlh39xQHSpYDBDRU2yz3rVwpU70C', '5fe2b5001ce3a.jpeg', 1, 1),
(811, 'Nicolas Rafael Kreshna Mukti', 'nicolas.rafael.kreshna-2020@fh.unair.ac.id', '$2y$10$qcG/ykg8rwuqnP7N/lFIAeR7Kc/iq8ckrZ4EFDAgkrcOw4MkCbKG.', '5fe2fec580d4e.jpg', 1, 1),
(812, 'Adila Nur Fitri Dijanto', 'adila.nur.fitri-2020@fh.unair.ac.id', '$2y$10$5KczSPwcJ8DCT6l8QT4zX.IvSMs0X9.vohynatXOa9jJOyiWbOCai', '5fe2b760bf4b2.jpeg', 1, 1),
(813, '', 'gillbert.rayhan-2020@fh.unair.ac.id', '', '', 1, 1),
(814, '', 'marzyadiva.camila.mashudi-2020@fh.unair.ac.id', '', '', 1, 1),
(815, '', 'diva.kelfinta.rayyan-2020@fh.unair.ac.id', '', '', 1, 1),
(816, 'Raina Atha Syahida', 'raina.atha.syahida-2020@fh.unair.ac.id', '$2y$10$ncjFsW6o0N4UhAzvBD2CWOIXZuFMhLbqG1SrQxWJpp74kJ5lDRxAO', '5fe2db76163a3.jpg', 0, 1),
(817, 'Cynthia Rosalina', 'cynthia.rosalina-2020@fh.unair.ac.id', '$2y$10$fHVpBD9MOfJJqrgllK92HejsnJU75d2cJUh7jGVqZ1wl72ZAwOjd6', '5fe2c613f0544.jpeg', 1, 1),
(818, 'Erlen Kusuma Emilia', 'erlen.kusuma.emilia-2020@fh.unair.ac.id', '$2y$10$TKfIBpvJcEEhvEj2WjsWB.Sw.SdMuuInt3aR0N1af5goF/RG2TMWi', '5fe2b421d37ff.png', 1, 1),
(819, 'Dian Rizki Retno Sari', 'dian.rizki.retno-2020@fh.unair.ac.id', '$2y$10$NbThUJB8C/h.G0AX8hWbuuRcnYzwp.uq1dtrldEVlV/TvNAvdKACa', '5fe2e4653cf90.jpeg', 1, 1),
(820, 'Sarah Widodo', 'sarah.fitriani.widodo-2020@fh.unair.ac.id', '$2y$10$hDjtNtGaQSnSAarBFvNK4ONKhlVNhd5X/mthvjPfJPhgxPnBatSYK', '5fe2db52974b4.jpg', 0, 1),
(821, 'Mitha Nur Aini', 'mitha.nur.aini-2020@fh.unair.ac.id', '$2y$10$3eS4MT.TQu5MUO5ngbFoKuY2h/GHMHf7V5q1ewWTLR4mc2B2wCw5.', '5fe29e519ca4c.jpg', 1, 1),
(822, 'Fitrillah I. Hi. Subur', 'fitrillah.i.hi.subur-2020@fh.unair.ac.id', '$2y$10$Co8o0FtA8bxK9.3uQr2mKuw3/Nsy66vSCA3.Nhvy4oTgjqyZbb8oi', '5fe2ef75ce349.jpg', 1, 1),
(823, 'Tazkia Sahria Aulia Mahfud', 'tazkia.sahria.aulia-2020@fh.unair.ac.id', '$2y$10$ahpaT/IyezMErt6AuMCQveVTQmSxfRNH5v99RucM1bwlYk6MEFufG', '5fe2d5dab603f.jpeg', 0, 1),
(824, 'Annida Fadilla Fikri', 'annida.fadilla.fikri-2020@fh.unair.ac.id', '$2y$10$48wEPjcKSl44fk0vpD4Ozerm3ZNmtxJDbIZAdynKQSvcgqldk9ICe', '5fe2e2b6ec41d.jpg', 1, 1),
(825, 'Elita Kumalasari', 'elita.kumalasari-2020@fh.unair.ac.id', '$2y$10$o0TeU//cdLXpERMRRFsefOfhv5UpT8hVRRNfUO9cDn1GCxOjWmbQi', '5fe2c6790a806.jpg', 1, 1),
(826, 'Felicia Angela Prasetyo', 'felicia.angela.prasetyo-2020@fh.unair.ac.id', '$2y$10$pAjzNQ7MOP4VoMFD.Zbn8OoBM1i8gXzKviSJTdMaTVgoaafh0.XUm', '5fe302028edc3.jpeg', 1, 1),
(827, 'Talita Diva', 'talita.diva.jacinda-2020@fh.unair.ac.id', '$2y$10$NuzFMUN830l2hrwj.eF6GeOv1W3nLK1qis5vHDIA6TsWqhQJghfnC', '5fe2afbf87cb8.jpg', 1, 1),
(828, '', 'hilvia.faradika.sasmi-2020@fh.unair.ac.id', '', '', 1, 1),
(829, '', 'putri.fahrani.fatah-2020@fh.unair.ac.id', '', '', 1, 1),
(830, '', 'abetalita.can.tri-2020@fh.unair.ac.id', '', '', 1, 1),
(831, '', 'ananda.mustika.prameswari-2020@fh.unair.ac.id', '', '', 1, 1),
(832, 'Marwa Wardatul Charo\'', 'marwa.wardatul.chamro-2020@fh.unair.ac.id', '$2y$10$oBGneYyCZBvg6Pscy.8NJOgAKUURmTwcIYI0rhd06js/zYQ6Frdwa', '5fe2a6c594ae6.jpg', 1, 1),
(833, 'Zulfa Nabila Qonita ', 'zulfa.nabila.qonita-2020@fh.unair.ac.id', '$2y$10$CwXLZllfvVQZP646prwwsO3NUGSiW7ybhfaz6x/aft6kqlZfwE3FK', '5fe2f28988cee.jpeg', 1, 1),
(834, 'Emeralda Calista Azaria Maulina', 'emeralda.calista.azaria-2020@fh.unair.ac.id', '$2y$10$/N8LH1SmpjuqLov2ivACI.2XqO.usp7Kt893AAJlTsQ7M4/xyUVTS', '5fe2e68799b87.jpg', 0, 1),
(835, 'Fransisca Stella T. Puspitasari ', 'fransisca.ella.tri-2020@fh.unair.ac.id', '$2y$10$U.97ENtYdfA6c707QH269.QpxPnsTMTTnqgGkmH8ZKoGPBmKF/d4.', '5fe293ea87c57.jpeg', 1, 1),
(836, 'Arya Alfiansyah', 'arya.alfiansyah-2020@fh.unair.ac.id', '$2y$10$tgkfM1ZDvV2LuMJiCN7P0ugThvG5rmP/LncfXywU.BqQxSThrRhg.', '5fe29720a361c.jpg', 1, 1),
(837, 'firda mauliyana', 'firda.mauliyana-2020@fh.unair.ac.id', '$2y$10$A2boK.qYMzuymwkV9iwyLuX44TbYGAFjkvN71vs1goByGy3ki4W96', '5fe2ed3b38767.JPG', 1, 1),
(838, 'Sari Asih Sejati', 'sari.asih.sejati-2020@fh.unair.ac.id', '$2y$10$Lfh7eoT/0007QxPFQU9USO4GfntDNW0CBDgCIW2G8B0PnfNq/qYpW', '5fe2f2dad8faa.jpeg', 1, 1),
(839, 'Angelika Berlyanta', 'putu.angelika.berlyanta-2020@fh.unair.ac.id', '$2y$10$qZnCFYpWpfvMnTWnYyzNi.2igRvghBNiBkKzhATafukJOIlK9T4wi', '5fe3012ae213e.jpeg', 1, 1),
(840, 'muhammad ichsan sani', 'muhammad.ichsan.sani-2020@fh.unair.ac.id', '$2y$10$2ngaSOyN3UK4T85CiUHgDu9XCWGW8xixcKnIqdUQpo7.tnd6HwXC.', '5fe2cfe354cfd.jpeg', 1, 1),
(841, 'Ahmad Ajaya Abdi', 'ahmad.ajaya.abdi-2020@fh.unair.ac.id', '$2y$10$EANLxvPA7DPj267PxO91EuSnitO5oxLsg0x0UGMBh3XoC6Y4KaCi2', '5fe2cd0636544.jpeg', 1, 1),
(842, 'Jonathan Brillian Santoso', 'jonathan.brillian.santoso-2020@fh.unair.ac.id', '$2y$10$9KA/syw07dSmNxEojJwXzOp6uGnEZtAOamHVGX74/OCCcJdCtOLJK', '5fe2f42d784ae.jpg', 1, 1),
(843, 'Muhammad dafa bayu putra', 'muhammad.dafa.bayu-2020@fh.unair.ac.id', '$2y$10$U86d4kBSldeanq.ws9E7xe7RCsA0okFJmzBvv5z0eOs22X6HDutTy', '5fe2aa12a505e.jpg', 1, 1),
(844, 'Bagus Raditya Parakitri', 'bagus.raditya.parakitri-2020@fh.unair.ac.id', '$2y$10$t8LR15B6XvAfL7G4L45ce.rI.ILSx6F25LvC6aZMhxCfGpyvRxfsC', '5fe2fd4b661c8.jpg', 1, 1),
(845, '', 'inni.maratus.soleha-2020@fh.unair.ac.id', '', '', 1, 1),
(846, '', 'herpandu.hadiwibowo-2020@fh.unair.ac.id', '', '', 1, 1),
(847, '', 'arya.raditya.tjahjono-2020@fh.unair.ac.id', '', '', 1, 1),
(848, '', 'jean.arya.putra-2020@fh.unair.ac.id', '', '', 1, 1),
(849, 'Gisela Keyla Mathea', 'gisela.keyla.mathea-2020@fh.unair.ac.id', '$2y$10$96sBurPhsTUcRo6eeYDfUOwdpYgj9v4a0PLb.ARYN8dAsxb05OMlu', '5fe2cd88a02c8.jpg', 1, 1),
(850, '', 'auralia.rizki.putri-2020@fh.unair.ac.id', '', '', 1, 1),
(851, 'Muhammad Ihsan Kamil', 'muhammad.ihsan.kamil-2020@fh.unair.ac.id', '$2y$10$pAov2mNVsB.FBz0s43s2Ze1Ic4TEpHRb4GM1kgycaPOiIjE.k46ca', '5fe306b3d7e4c.jpg', 1, 1),
(852, 'M Bimo Prakoso', 'm.bimo.prakoso-2020@fh.unair.ac.id', '$2y$10$wlkLUEg2Ya6YfoORDLsCkeHU.rB9LvYXtzrXsrcipWxFSuJru4Lie', '5fe2bef4950c8.JPG', 1, 1),
(853, 'Angeline regita Nathalia ', 'melva.emely.laurentius-2020@fh.unair.ac.id', '$2y$10$Ln0hiklR6tk1yvXpkWJ5BOlDL5s5r9w3Fw7zc5TTecxcb2Qcy8jlK', '5fe2c602a8c5e.jpg', 1, 1),
(854, 'Muhammad Khalifiar Daffa', 'muhammad.khalifiar.daffa-2020@fh.unair.ac.id', '$2y$10$EGhfEJ8PqWeDymBg/j3SzO1JF9.Yc2JRCIMWhmW4xeBXHQK2S94cm', '5fe2a4d8804a2.jpg', 1, 1),
(855, 'Bagas Defriatmoko', 'bagas.defriatmoko-2020@fh.unair.ac.id', '$2y$10$M6WllSM7AMLTe/O0g0.mnujV/bJh.Gs7gu92sd8629Zn9xT0vuyYy', '5fe2ce736df2a.jpg', 1, 1),
(856, '', 'vian.maulana-2020@fh.unair.ac.id', '', '', 1, 1),
(857, '', 'nadhira.afa.mediarti-2020@fh.unair.ac.id', '', '', 1, 1),
(858, 'Muhammad Rizky Rinaldi', 'muhammad.rizky.rinaldi-2020@fh.unair.ac.id', '$2y$10$iqr6dwVVEKXRUsfrt1keJOeg/TMh44rADd42qAdYf9KMYjGwZSh0i', '5fe2e205e102b.jpg', 1, 1),
(859, '', 'arnetalia.ardhiya.azzahro-2020@fh.unair.ac.id', '', '', 1, 1),
(860, 'daniel tobing', 'daniel.giovanni.pandapotan-2020@fh.unair.ac.id', '$2y$10$xKMCZDwI9E..dq0/TzoWMuYca9FGOp0Ukt52LfupBcFWJHTAxjuki', '5fe2c14636bfa.jpg', 1, 1),
(861, 'Priyanka Marsha Almeyra', 'priyanka.marsha.almeyra-2020@fh.unair.ac.id', '$2y$10$4f56SPMxezPSNcyFtRtZautSY3PxfgNmvJ0ytBG/52MWmBc35vksW', '5fe2d7227b74a.jpg', 1, 1),
(862, 'Shafira Rachma Thalya', 'shafira.rachma.thalya-2020@fh.unair.ac.id', '$2y$10$UXaDSumRgaFjrWM.G.7sJOu6JxPbRMib0IJ7tVoduv/Lwl2/i6vxG', '5fe2be5d99009.jpeg', 1, 1),
(863, 'farhan pramoda', 'farhan.pramoda.adhyasta-2020@fh.unair.ac.id', '$2y$10$WPD4Lma/NtFRoUjCg79eYOx4Y2FpcpdejOCF7bSiaK9Z/hSqVWw.q', '5fe3060bd46e7.jpg', 1, 1),
(864, 'Nugra Alayya Wahab', 'nugra.alayya.wahab-2020@fh.unair.ac.id', '$2y$10$QbSCrOp14bHiJkVR449xfeVjULJMOfWqTak3WRfKm76ALhbWYFahu', '5fe299671f899.jpeg', 1, 1),
(865, 'Nabil Arijala Survito Alham', 'nabil.arijala.survito-2020@fh.unair.ac.id', '$2y$10$IOq.bRUWyaaQbJ6B/nWtjOExjwIkiTzIOMELqAakzfv9I.L0jWciC', '5fe2947543440.jpg', 1, 1),
(866, 'Salsabila Florean Callista Nandar', 'salsabila.florean.callista-2020@fh.unair.ac.id', '$2y$10$L5zIYqWdl.s2bT2FTInneO3ao5p1USryzboZGlZu4UUNVgfLNM772', '5fe2e13388146.jpg', 1, 1),
(867, 'Filbert Jonathan', 'filbert.jonathan-2020@fh.unair.ac.id', '$2y$10$5hGBYybYjywcnMLNfwxrAuFKMVIGG0kCiWwdYDiH0AaT0/f2rj9Oy', '5fe296e847992.jpg', 1, 1),
(868, 'mochamad bintang maulana ', 'mochamad.bintang.maulana-2020@fh.unair.ac.id', '$2y$10$u18nNVrQVICSF9lyGmwpPuGJvobcD1kE8xQMxxrBNv7BjhFTismLm', '5fe305d85207c.jpg', 1, 1),
(869, 'Ivan Ferdinand Alifi', 'ivan.ferdinand.alifi-2020@fh.unair.ac.id', '$2y$10$53Tyj8nqq9Qum9gIK.XviuUjpNFQiEn.6SUW3RAdkVyvslz/Xc/cy', '5fe2e5d40821c.jpg', 1, 1),
(870, 'Fhaizal Paundra Adji ', 'fhaizal.paun.adji-2020@fh.unair.ac.id', '$2y$10$KYVANCvPIIlCEJE.jxF1XO9d0fgV3PdH6.s06A6Rl63M7vsHyDtm2', '5fe2d4a7086dd.jpeg', 1, 1),
(871, '', 'kania.maharani-2020@fh.unair.ac.id', '', '', 1, 1),
(872, 'Alexius Samuel Sitanggang', 'alexius.samuel.sitanggang-2020@fh.unair.ac.id', '$2y$10$CVcZ8MSN/8i7vK8vAm2YQeyJtAAGFz44Zt1Niq/iVVNeWNlBvY/c.', '5fe30613ab7ea.JPG', 1, 1),
(873, 'KIRANI BARARAH', 'kirani.bararah-2020@fh.unair.ac.id', '$2y$10$l.q6QQ.0N3KKbyjYZzHfn.pmXXnSe3Q4h5Yh7MnpHRplpwnf1N42G', '5fe2d8a28cf00.jpg', 0, 1),
(874, 'virly diva', 'virly.diva.sophia-2020@fh.unair.ac.id', '$2y$10$s1ttqXklS37Twf/FWRUYgOZqylH5GuUalJ530GzNHk5m742w30CEe', '5fe2c9310f9ea.jpg', 1, 1),
(875, 'Rindang Syafa\'at', 'rindang.syafaat-2020@fh.unair.ac.id', '$2y$10$k7tpd.9A7zkFwerO3jj8JOPCGD7WCRogIf6Q0EkSIorpmLXJaIu2C', '5fe2e07cad6d0.jpeg', 1, 1),
(876, 'Ladecia Safa Alika', 'ladecia.safa.alika-2020@fh.unair.ac.id', '$2y$10$M7XdjNFhbRDPPhi8elc8V./03nflVOOLmW62dFCBGpCnGaZSMRT4e', '5fe2d0fb5a5b4.jpg', 0, 1),
(877, 'Savina Aleena Nureen', 'savina.aleena.nureen-2020@fh.unair.ac.id', '$2y$10$u1DEx5l5Iw5Lat/BpY8cTeigYK8fUJYjjEl4daf4OrbadzazFL5ry', '5fe2defc9d375.JPEG', 0, 1),
(878, '', 'nizar.naren.danu-2020@fh.unair.ac.id', '', '', 1, 1),
(879, 'divani dichita khalish', 'divani.dichita.khalish-2020@fh.unair.ac.id', '$2y$10$HVqFfuOz4eLX.w9DOF8pU.hrK4G.f5hHDTmf3H0DE1XdhKlp/im9.', '5fe30492a2c76.jpg', 1, 1),
(880, 'AUDREY PUTRI RAMADHANI', 'audrey.putri.ramadhani-2020@fh.unair.ac.id', '$2y$10$lvK6YQRpeBKiPSmT9bKY8u8NTtTKnxBwL/DfiCS2/oqb8FCTA.gOS', '5fe2b87a7028c.jpg', 1, 1),
(881, 'ayesha putri maharani', 'ayesha.putri.maharani-2020@fh.unair.ac.id', '$2y$10$P7uqB0MS15iZlMAWDyIIyuWhdRx3iuoOzz4vrPwaHcuW4vl2IdkeC', '5fe2f4fc1ae62.jpg', 1, 1),
(882, '', 'muhammad.cyril.setiawan-2020@fh.unair.ac.id', '', '', 1, 1),
(883, 'Tasya Syafira Putri Setya Alamsyah', 'tasya.syafira.putri-2020@fh.unair.ac.id', '$2y$10$iywVZm8cBBI5SQeMOJw0Rek/29adYvUMSrO.JHEMh8SHBccESmbh2', '5fe2c7f31d75d.jpeg', 1, 1),
(884, '', 'muhammad.alif.fahrizal-2020@fh.unair.ac.id', '', '', 1, 1),
(885, 'Nabilah Nurmasitha', 'nabilah.nurmasitha-2020@fh.unair.ac.id', '$2y$10$4Z5BAUrEn2QCtBlGThVqteBk1WqR3RWvPk5jD4Wq9kpnM.YXCdphq', '5fe2e750435ce.jpeg', 1, 1),
(886, 'Maulana Beryl Amrullah', 'maulana.beryl.amrullah-2020@fh.unair.ac.id', '$2y$10$UG.Qd8nvpsd6qZpCr64EQ.LfWeo4cruPNHT9mvfY62uzKG4lkLWya', '5fe2bd0754ff3.jpg', 1, 1),
(887, 'Aditya Yusuf Rizyaldi', 'aditya.yusuf.rizyaldi-2020@fh.unair.ac.id', '$2y$10$fW6uWY6a9MmGFd59DzQmF.Yobfx5hW8nbj5o5KXBq0Q2DDRSOhON.', '5fe2f87c51fcd.jpg', 1, 1),
(888, 'Raditya Rahagi Giovedi', 'raditya.rahagi.giovedi-2020@fh.unair.ac.id', '$2y$10$e3JC/JVht/QkuVpTqIGWyOIruc0dS.oyW76l.bC4q43OBbMEa24NG', '5fe2e27e1c644.jpg', 1, 1),
(889, 'Althof Bakiel Anra', 'althof.bakiel.anra-2020@fh.unair.ac.id', '$2y$10$P.RW9kyHBO57sthjGwJQTeYc4Dyy6D5VTUHvf9hvZFksF85VlzVGy', '5fe29a93142ad.jpg', 1, 1),
(890, '', 'fairuz.nasywa.dien-2020@fh.unair.ac.id', '', '', 1, 1),
(891, 'Nurmalika Syamsani Husnatullah', 'nurmalika.syamsani.husnatullah-2020@fh.unair.ac.id', '$2y$10$1ftCAc37mW930lc04e0OSOzvkVvVbyg1KvLv83AEzmj0/nvh/in6O', '5fe2f9f4cf117.jpeg', 1, 1),
(892, 'shabrina ramadhani', 'shabrina.ramadhani.sugianto-2020@fh.unair.ac.id', '$2y$10$MpyKsLA7PlUtlYCYvcGNY.MGXBqW9/ciBJxgCpRP7MlQTwUXC76wy', '5fe298a7ce253.jpg', 1, 1),
(893, 'Fatimah Farhania', 'fatimah.farhania-2020@fh.unair.ac.id', '$2y$10$qSERC1TjZgnaFeafnieywej1VlrvTbFYy.9AKRtyQXLpSZ0hRO2YC', '5fe2cdd86510e.jpg', 1, 1),
(894, '', 'evanadya.izzah.nurrahma-2020@fh.unair.ac.id', '', '', 1, 1),
(895, '', 'fifta.alviani.annas-2020@fh.unair.ac.id', '', '', 1, 1),
(896, 'Felix Timothy', 'felix.timothy-2020@fh.unair.ac.id', '$2y$10$M4OtMHlYpzb6WzEoqKabJuk92otAhZ2jI0OwhE4CwAWwh8.NpgeWi', '5fe2e35188d39.jpg', 1, 1),
(897, 'Gammazaki Wahyudi', 'gammazaki.wahyudi-2020@fh.unair.ac.id', '$2y$10$wixqvUKF/pC2sg6cNODNIeFHYMXEkfmUq5Za6Dum3NitrKuqpTC6K', '5fe2a3ccd977c.jpg', 1, 1),
(898, 'Salwa Putri Hermawan', 'salwa.putri.hermawan-2020@fh.unair.ac.id', '$2y$10$lRthHBjCLw.G6czfvgrDJehBIox4ugGxyW2NXhtoFdZJT7blUhP4C', '5fe2defe60731.PNG', 1, 1),
(899, 'Alya Dwiputri Raniah', 'alya.dwiputri.raniah-2020@fh.unair.ac.id', '$2y$10$/l5aicZsFyxYJbbeWGsSK.8yY/Whd5SvKWBP.WrCTyjKS9qAqVoWW', '5fe2e0199e154.jpeg', 0, 1),
(900, 'Mikayla Darmawan', 'mikayla.darmawan-2020@fh.unair.ac.id', '$2y$10$7m7TIWPqlWUJ05lfpOs4PO28QflhlyYjt1gQvWpjoRWiyRTyymAIG', '5fe2ff122c66f.jpg', 1, 1),
(901, 'Amrullah ulul albab', 'amrullah.ulul.albab-2020@fh.unair.ac.id', '$2y$10$pPC00VS4aiX6NVPCXREL1eo9jtY0N7GsxFmGqd1SVTl8HIB5M/5xa', '5fe2de6a2ec0a.jpg', 0, 1),
(902, 'Dimas Brahmana Senapati', 'dimas.brahmana.senapati-2020@fh.unair.ac.id', '$2y$10$EJY/FKU.rud.melVDMYKZ.F.o87F1VmZvQu5KfYH41x3FjPx0knJW', '5fe2b727bdd62.jpg', 1, 1),
(903, 'Kevin Garindra Wardhana', 'kevin.garin.wardhana-2020@fh.unair.ac.id', '$2y$10$cClxhXJZ6gDYLI8aAB9WE.6ejXhoEzqY2GoP9H79kxew9jc5iCw2y', '5fe2fd99512a1.jpg', 1, 1),
(904, '', 'alif.firdausi.iansyah-2020@fh.unair.ac.id', '', '', 1, 1),
(905, 'Syarif Ibrahim Robbany ', 'syarif.ibrahim.robbany-2020@fh.unair.ac.id', '$2y$10$GS9wcY.04v7gt9IIMzhCBOxe.fDvhcBkPK5FBxJGc95/6/fTc0dcm', '5fe295d960bf0.jpeg', 1, 1),
(906, 'Ramtina Achmad Solaiman', 'ramtina.achmad.solaiman-2020@fh.unair.ac.id', '$2y$10$VmP1su6RqlvirrPcuy7SVetOwaAC4/0zgVaadPO7HUQl3iLtvg8za', '5fe29af38eee9.jpg', 1, 1),
(907, '', 'nathania.oktaviarini-2020@fh.unair.ac.id', '', '', 1, 1),
(908, 'Nandira Ayu Nur Ittaza', 'nandira.ayu.nur-2020@fh.unair.ac.id', '$2y$10$CRo9QCGistBlwUPLWrHi2O6W9i0d7LjO/5QjTshWNltaRXWWmUd8G', '5fe2df82a2514.jpg', 1, 1),
(909, 'Dimas Brahamana Senapati', 'adinda.putri.sabrina-2020@fh.unair.ac.id', '$2y$10$rjeKEF9qE/Id7PJjIB95VO0NhZa6mMrkZ8A00sE9LQvJeCe/51ABq', '5fe29c1c263be.jpg', 1, 1),
(910, 'Dhamar Jagad Gautama', 'dhamar.jagad.gautama-2020@fh.unair.ac.id', '$2y$10$cwdfvjAarqmt4NP4bIVKQOL6TohBVUxSxqLNe.lBiUPlI0hlJK/Hm', '', 1, 1),
(911, 'Justisia Syahbani Alkahfi', 'justisia.syahbani.alkahfi-2020@fh.unair.ac.id', '$2y$10$khzSrqbTKkHEnDFJOrbQZu6S4dH83EDHIvaOrR1vC/9OupoVx1UNa', '5fe2ed8e405ca.jpg', 1, 1),
(912, 'Afifah Nuraini', 'afifah.nuraini-2020@fh.unair.ac.id', '$2y$10$cuvm/3q5oTk7ZsoqYw293ObeXkxOlRFWhvSu7613Kd8poxw3NFzbW', '5fe2df19dec71.jpg', 1, 1),
(913, 'Poppy Hairunnisa', 'poppy.hairunnisa-2020@fh.unair.ac.id', '$2y$10$3ZEcFavPT2IJLB/omiG8rO.NYFEXPy4Q/HKEBjfoKk9qHSdDnNvbK', '5fe27bb35c527.jpg', 1, 1),
(914, 'Angeline Irene Santoso', 'angeline.ene.santoso-2020@fh.unair.ac.id', '$2y$10$3yp.EmrnKoyBCG7ekbPgHOhDhrcmK7CivAgO3wIO63HvHM8T3/nPe', '5fe2c29f765a7.jpg', 1, 1),
(915, '', 'dinar.laksmi.murti-2020@fh.unair.ac.id', '', '', 1, 1),
(916, '', 'daariin.khaalishah-2020@fh.unair.ac.id', '', '', 1, 1),
(917, 'Muftihatun Nurul Jannah', 'muftihatun.nurul.jannah-2020@fh.unair.ac.id', '$2y$10$icKxh73wO9pMTBR5IX6oq.zRGcEutqSOAmklSecxll2uX.FEcst42', '5fe2c48044b91.jpg', 1, 1),
(918, 'Natasha Caecilia Lisanggraeni Rositaputri', 'natasha.caecilia.lisanggraeni-2020@fh.unair.ac.id', '$2y$10$OY/uTMV62rxIBJN0SoRqpe7wEz21mzze7rc4onPpV.9XyIyL4V4/2', '5fe2f0dd5456b.jpg', 1, 1),
(919, 'Maulana Rahmadi Surya', 'maulana.rahmadi.surya-2020@fh.unair.ac.id', '$2y$10$i0LrMrp8kQg2dZtT/f.kPevvBNJ0X02Pj1Tq81iagLmW3rBunW1Fm', '5fe2b833ad148.jpeg', 1, 1),
(920, 'Amilah Fadhlina', 'amilah.fadhlina-2020@fh.unair.ac.id', '$2y$10$HE6GmWR3M66s0ZhO5lemeOKUgpgrMsHh7jbvgKvQVLAnMRD3a3Qra', '5fe2c02c30143.jpg', 1, 1),
(921, '', 'bhisma.dewanata-2020@fh.unair.ac.id', '', '', 1, 1),
(922, '', 'rifky.miftahul.achmad-2020@fh.unair.ac.id', '', '', 1, 1),
(923, 'Triangga Satria wicaksana', 'triangga.satria.wicaksana-2020@fh.unair.ac.id', '$2y$10$cCfY6gfadQSfbhpeD1sTsuXTUsulFX4236Ik/rfAkqes9jyBfRV5u', '5fe2eba6028c3.jpeg', 1, 1),
(924, '', 'aflah.alwy.imas-2020@fh.unair.ac.id', '', '', 1, 1),
(925, 'Ardo Alkautsar', 'ardo.alkautsar-2020@fh.unair.ac.id', '$2y$10$3Ue6lokbn.567AHbFywdl.08FZMSnQa.lhQ2h85ZgSnmH7bwceWIG', '5fe2e6fd7da51.jpg', 1, 1),
(926, 'Shania Vivi Armylia Putri', 'shania.vivi.armylia-2020@fh.unair.ac.id', '$2y$10$1cObTemosDyOQ1EDjG.dEevHzVTLbip73r06ebnpHNnzediYxNWG.', '5fe2cde519517.JPG', 0, 1),
(927, '032011133013', 'haikal.abrar-2020@fh.unair.ac.id', '$2y$10$46ZnPkwqXzXW3TOhpnXWiuD5rB2eE2yxpmQhpsYYlWM589F7HL13G', '5fe2c3b0bb995.jpeg', 1, 1),
(928, 'Bintang Ramadhani Widyainsani', 'muhammad.chaikal.ichwanul-2020@fh.unair.ac.id', '$2y$10$bxNQ0HK3KvNo9EB4CzbmK.aicoqWnQ8jP0YAPmVlhA.Rg2yjeZs5W', '5fe2c37d5767c.jpeg', 1, 1),
(929, 'andreas shane de zano sinaga', 'andreas.ane.de-2020@fh.unair.ac.id', '$2y$10$aKo//DYMAaKuj6yJD9zsM.VTdo9meVGSMrYrZ.PpuDiRLHH9f6Yva', '5fe2d4500f0a6.jpg', 0, 1),
(930, 'Madu Sekar Tanjung', 'madu.sekar.tanjung-2020@fh.unair.ac.id', '$2y$10$6v1X87GrwU0VBHpnavcmou21yMSafp.oU5wmk1cp9ak2Mf.bc5k3C', '5fe2f75b8fb0e.jpg', 0, 1),
(931, 'Indri Adelia Putri', 'indri.adelia.putri-2020@fh.unair.ac.id', '$2y$10$PWR5SGqgH285h6lRU2Y7ve2KHIgamoj1tCtzE49I99t0hETajNm52', '5fe2df1837b75.jpg', 0, 1),
(932, '', 'dinda.wardhani.ianto-2020@fh.unair.ac.id', '', '', 1, 1),
(933, 'ali muhammad rafsanjani', 'ali.muhammad.rafsanjani-2020@fh.unair.ac.id', '$2y$10$wQiJhkH7FWOcGUIpVdTAneZFa6Xv5P7NH/U8YXf6J6S3/2IoHaCom', '5fe2cc989de50.jpeg', 1, 1),
(934, 'Chaterina Deliananda Yusriza .A', 'chaterina.deliananda.yusriza-2020@fh.unair.ac.id', '$2y$10$gWkIt8oZxrjsza.RrqM9m.cA7DFYLHCNgPz/jux.HB2uBCNQho44W', '5fe2ee4cc2bed.jpg', 1, 1),
(935, 'TRI HANANI', 'tri.hanani-2020@fh.unair.ac.id', '$2y$10$LCGaWiBOhs7Dla5xeaVtRuGtY.MSE2FEkXrQnCln0EOXQ2Pvsc/uq', '5fe2df689e087.jpg', 1, 1),
(936, 'Ahmad Ishom Khalimi', 'ahmad.ishom.khalimi-2020@fh.unair.ac.id', '$2y$10$QpGHuOx3Reg4bffuZ2ZPge9PdEkjIjXE4cVGkjQGDaD6AzJrnxada', '5fe2ecb2c53fe.jpg', 1, 1),
(937, 'Diana Wulan Ningrum', 'diana.wulan.ningrum-2020@fh.unair.ac.id', '$2y$10$azpK3AOe27BpBElEL1cHoOj8qaX2zIvuS7CZyRm83G4WLjjgUOqUq', '5fe3060a34ac8.jpg', 1, 1),
(938, 'Rismarcel Aurel Putri', 'rismarcel.aurel.putri-2020@fh.unair.ac.id', '$2y$10$ICR6XXQTaCBxfxfEqa5woOw/iI3U1jIEQAEmSdmAHZdS9jiIWtkhq', '5fe3003e8b7a4.jpeg', 1, 1),
(939, 'Diah Ayu Wulandari', 'diah.ayu.wulandari-2020@fh.unair.ac.id', '$2y$10$mSrXNQwp/PCFb/qMmNX7DeSYrh5KMyifBipbALPFLSn/x0hISNo7a', '5fe300972f66a.jpg', 1, 1),
(940, '', 'shelsa.widya.suarista-2020@fh.unair.ac.id', '', '', 1, 1),
(941, 'Thifal Anjani', 'thifal.anjani-2020@fh.unair.ac.id', '$2y$10$pX8fiEciXIzYu.ppnS3gjuqhw.U6YoiySVngJN6DCqW44MVEV5yYi', '5fe2be74f0d3f.jpg', 1, 1),
(942, 'RAGIL ADE DWI SAPUTRA', 'ragil.ade.dwi-2020@fh.unair.ac.id', '$2y$10$bdcUS83JqymGfkqViaVk5OZ4Sf4Qam95DtjNBqLMVe7yAwo8P4292', '5fe2d9932dcf3.jpg', 1, 1),
(943, '', 'shinta.laura.federova-2020@fh.unair.ac.id', '', '', 1, 1),
(944, 'Aulia Rahma Sari', 'aulia.rahma.sari-2020@fh.unair.ac.id', '$2y$10$H/eeha5J0W/euqhHjSz3OOClMZHWygmAwJG2sMREzIkSBDzxNmqri', '5fe2c5cf49a4b.jpg', 1, 1),
(945, '', 'kharisma.putri.wardani-2020@fh.unair.ac.id', '', '', 1, 1),
(946, 'Vida Octrikasari Erianto', 'vida.octrikasari.erianto-2020@fh.unair.ac.id', '$2y$10$v53eUCw8VQjrWavYi/sPAOruO5GffndrZoOKsCisu9m8/m6RB0GMa', '5fe2d64f55c9e.jpg', 0, 1),
(947, '', 'istifahani.nuril.fatiha-2020@fh.unair.ac.id', '', '', 1, 1),
(948, 'Candra Aditya Kurniawan', 'can.aditya.kurniawan-2020@fh.unair.ac.id', '$2y$10$ZH8LFMWEMcm/JRhuKc/IpOzwaCCIXsNXBo2xwW8HlbXSVByfocsFa', '5fe2a2eb77f29.jpg', 1, 1),
(949, 'Diaz Ilyasa Indrawan', 'diaz.ilyasa.in-2020@fh.unair.ac.id', '$2y$10$B32DOMXEvNnapYCyuITlr.Q3wQhZRDMgmr/AVly3y0SO6QNkctRu.', '5fe2b8237e321.jpg', 1, 1),
(950, '', 'sherlina.devina-2020@fh.unair.ac.id', '', '', 1, 1),
(951, 'Maullana Tegar Bagaskara', 'maullana.tegar.bagaskara-2020@fh.unair.ac.id', '$2y$10$Blb/1qq8H47C1E6LA0RW0.CjjSCUgk.iTphTZ9uGT3De76EsP6zM2', '5fe2bdf194e61.jpg', 1, 1),
(952, 'Michelle Adela Handoko', 'michelle.adela.handoko-2020@fh.unair.ac.id', '$2y$10$sBYLgAIe/xS6kFTIUz2imORnvbYVO5D8UFus6n.xT0G8Lqy8R0FL6', '5fe2e45ebe77d.jpg', 1, 1),
(953, 'Hapsari Prisca Sugianto', 'hapsari.prisca.sugianto-2020@fh.unair.ac.id', '$2y$10$IpOPaFTpgRY/EpUn2vm8SuPtllrJOlACv98/q554Ys5cG7gWF9wdq', '5fe2adc680f62.jpg', 1, 1),
(954, 'Muhammad Syaifulloh', 'muhammad.syaifulloh-2020@fh.unair.ac.id', '$2y$10$iSNfqb5HyksD/VnDu6rjz.3CdP4c0p3BzzcxT6Nj2Tah0yfZQNyVi', '5fe2dc0b2e40a.jpg', 1, 1),
(955, 'Nadia Balqis Azzahra', 'nadia.balqis.azzahra-2020@fh.unair.ac.id', '$2y$10$l3DEFZb/9Ju82UsXMKnxBuBPc7Nuzl7sGzMoews7kU/gZG39ztUW2', '', 1, 1),
(956, 'hio rangga prakosa', 'hio.rangga.prakosa-2020@fh.unair.ac.id', '$2y$10$HzalRd7wd/MCGCaIQaYry.wis6i/R0jE9rEKYrOyiSFpRH.ZQBUEC', '5fe2f8ab9cc4a.jpg', 1, 1),
(957, 'Safira Aulia Pramudita', 'safira.aulia.pramudita-2020@fh.unair.ac.id', '$2y$10$TRf/SKLanmp/hpsiLpduquvvOzerpx1fl3P4VsrKHTDyP2qia3Uam', '5fe2d65a1b452.jpg', 0, 1),
(958, '', 'alicia.afa.azzahra-2020@fh.unair.ac.id', '', '', 1, 1),
(959, 'Kornelia Tiovanni', 'kornelia.tiovanni-2020@fh.unair.ac.id', '$2y$10$jA/ny6oUkI/wC.amNwe35.SYFTPZITjkQN34Mhg4UsttUVjKhBBjm', '', 1, 1),
(960, '', 'daveyan.athiyyah.bambang-2020@fh.unair.ac.id', '', '', 1, 1),
(961, 'Elang Bagas Darmawan', 'elang.bagas.darmawan-2020@fh.unair.ac.id', '$2y$10$deCmH4ziAAtYxptDys7Dw.NaSdFXNyfdTlZ89VcT.5q/Hxs2R0Dz2', '', 0, 1),
(962, 'Emmanuella Hotasi Jedidiah', 'emmanuella.hotasi.jedidiah-2020@fh.unair.ac.id', '$2y$10$PkPJ0mBZlELDmuiPLpyFiupHo.HS6Ji2lGxvsF.r/KIM1C4GxutPu', '5fe2f5dc40ed1.jpg', 1, 1),
(963, 'Daffa\' Deta Prawira', 'daffa.deta.prawira-2020@fh.unair.ac.id', '$2y$10$/4ggm5u54iY.4ZHgxYpkYeOxLdYh5VtQIbFqlpKBfQDzeVEX81xVq', '5fe29ab9c64dc.jpeg', 1, 1),
(964, 'Davina Jasmine Reisha Irawan', 'davina.jasmine.reisha-2020@fh.unair.ac.id', '$2y$10$6tts7zJSACJleqPO92MIHuteUp5sTWrMluHvu0Xz2DpwlMmcO4d2e', '5fe2b8bfe23d3.jpeg', 1, 1),
(965, 'Jobel Eron Simorangkir', 'jobel.eron.simorangkir-2020@fh.unair.ac.id', '$2y$10$DvCt3zaij6Cxc8WSujE0H.Cr7op1DO9Bw6ND2esSsgYIi8Eih72rS', '5fe2a2dedd9cd.jpg', 1, 1),
(966, '', 'adhitya.rasyid.nugroho-2020@fh.unair.ac.id', '', '', 1, 1),
(967, 'Amirah Putri Sasikirana', 'amirah.putri.sasikirana-2020@fh.unair.ac.id', '$2y$10$8107fQmkv8fHJ4aMwnvxjebsbpzNYoLOJ.CN4G5CHVrkFWH/dzaAy', '5fe2dd744cfc5.jpg', 1, 1),
(968, 'Dewi Yugi Arti', 'dewi.yugi.arti-2020@fh.unair.ac.id', '$2y$10$UJum47HWQ21K.ttRwl6Jvepz.WHnk62DFCUhHZMVzTtY3CpNoKpYq', '5fe2d93d05184.jpg', 0, 1),
(969, 'Satrio Budhi Aristo', 'satrio.budhi.aristo-2020@fh.unair.ac.id', '$2y$10$EHt7cLwy0Oh0YSGYRTP2De6OMIrjhhPcfRnZWffV525Yw4dIBBPuO', '5fe2dc7713c09.jpg', 1, 1),
(970, 'Yustisia Tri Esthi Eka Putri', 'yustisia.tri.esthi-2020@fh.unair.ac.id', '$2y$10$4Uuo9tahoU48C2V63vB6jexBECgEvygu4Yd0WZgkMeAyxzZiox9UO', '5fe2c0027a6ac.jpg', 1, 1),
(971, '', 'aisyah.nathania.harnindhita-2020@fh.unair.ac.id', '', '', 1, 1),
(972, '', 'rizky.fadhil.raivan-2020@fh.unair.ac.id', '', '', 1, 1),
(973, '', 'kalila.nashwa.ludmila-2020@fh.unair.ac.id', '', '', 1, 1),
(974, 'Devinia Cahya Pranisarinda', 'devinia.cahya.pranisarinda-2020@fh.unair.ac.id', '$2y$10$oXqNViXsvJpVSJgF4OaHDOlZMVv4UrINEWCtTXQ7nDKjo53D3qh4u', '5fe2d99f9366d.jpg', 0, 1),
(975, 'Dzaky Haidar Mumtaz', 'dzaky.haidar.mumtaz-2020@fh.unair.ac.id', '$2y$10$Q/gLwetEY9ZSBMyZ6fevJevz/KAkjM.vJo0yNH0a4mI5.KnKdwkCC', '5fe2dde4827ea.jpeg', 0, 1),
(976, 'Anggito bagas abimanyu', 'anggito.bagas.abimanyu-2020@fh.unair.ac.id', '$2y$10$SxhLBpQbQl3q9qsF.6wm.ewUZniMZKhZIYOwEJyoqlXCl6/Gju.Va', '5fe2a90ca89ed.jpg', 1, 1),
(977, 'M Ali Fikri alan sahputra', 'moch.ali.fikri-2020@fh.unair.ac.id', '$2y$10$ijecOHvq5h1u.MKBEMj0uOCsY2XuZ3Dr7Pep03hJratF5VBVFJg5W', '5fe2cc39b9d04.jpg', 0, 1),
(978, 'pradita riz priyanti', 'pradita.riz.priyanti-2020@fh.unair.ac.id', '$2y$10$0/e.6nzqV80JWuRa6VfNzuQRtQA7dNjjhy0IzYV3Z88Fc3kHubEvS', '5fe2a8a1889ab.JPG', 1, 1),
(979, 'helen golden', 'helen.golden-2020@fh.unair.ac.id', '$2y$10$gpOSipwhiGcGPpdGgom9BO0drSEewCVE5Gub/Op3XozJJtq8NREQi', '5fe2be43c7fdc.png', 1, 1),
(980, '', 'samuel.andersen.baladika-2020@fh.unair.ac.id', '', '', 1, 1),
(981, 'Alexander', 'alexander-2020@fh.unair.ac.id', '$2y$10$Jari62xUnsvCM3GCLTN7xeAo/dvXxKjXwlWUj.GsMYJfFJ7WBMFE.', '5fe2c091dfa80.jpg', 1, 1),
(982, 'Erika Rahmawati', 'erika.rahmawati-2020@fh.unair.ac.id', '$2y$10$7Yu77zF3My/dC7myi.gp6.v7SakihcAKCuMPFiI3d5XN/dmFDrqnC', '5fe2dda6d2d61.jpg', 0, 1),
(983, 'Kukuh Ari Firmansyah', 'kukuh.ari.firmansyah-2020@fh.unair.ac.id', '$2y$10$VD3.q08HbPYs.BIGzXjWUOnFfsjsnDr238uLyjBN5ZnxOCHpz/s5m', '5fe2ba79154d6.jpg', 1, 1),
(984, 'Saidah Basham', 'saidah.basham-2020@fh.unair.ac.id', '$2y$10$o4zS7wnZ8DBPHSZCpqHKWeiPR1GwvSpO3NqdBFvyzOSuTXP5z3fTS', '5fe305d16cd04.jpeg', 1, 1),
(985, 'Danu Kristian Ira Widodo', 'danu.kristian.a.widodo-2020@fh.unair.ac.id', '$2y$10$Llv0ot4rXvRsRRh0ac6SiutsScooL2.kHXgFWj5inrmlufi4JIaKm', '5fe2c22a34518.jpg', 1, 1),
(986, '', 'muhammad.pandu.mulya-2020@fh.unair.ac.id', '', '', 1, 1),
(987, 'muhamad raffi maulana', 'muhamad.raffi.maulana-2020@fh.unair.ac.id', '$2y$10$5Tlg3Oi2oprZ/yM6J7KtFO.cMAnHadduR4gO56q/1qEmXgxW1VM5a', '5fe2c27a21ee1.jpeg', 1, 1),
(988, 'Anasthasia Thania Wibisono Puteri', 'anasthasia.thania.wibisono-2020@fh.unair.ac.id', '$2y$10$aMkq6yI2fLmx8V.0of6t6e23TNUZN0XJKo2P8sHNzXbZ33DLhOt8W', '5fe2a20c7363e.jpg', 1, 1),
(989, '', 'diva.salasa.anastasia-2020@fh.unair.ac.id', '', '', 1, 1),
(990, '', 'gabrielle.darda.wisnu-2020@fh.unair.ac.id', '', '', 1, 1),
(991, '', 'hisyam.fadhlirrahman-2020@fh.unair.ac.id', '', '', 1, 1),
(992, 'Alyssa Febyana Maharani', 'alyssa.febyana.maharani-2020@fh.unair.ac.id', '$2y$10$/zIpBFcH1ylapy7vDw0Ii.0B1ftSk36Y3iSX6xghu/BBjCKSISZxa', '5fe2e50c35cad.jpg', 1, 1),
(993, 'Ratu Jagad Qoriatul Huffadz', 'ratu.jagad.qoriatul-2020@fh.unair.ac.id', '$2y$10$MvnLW3QjDpt5KJxMCm1xi.wGxaQIRtyS09k9h90Qdzxd3Cz2Qy4se', '5fe2d528ddd86.jpeg', 0, 1),
(994, 'Cindy Puuja Devi', 'cindy.puuja.devi-2020@fh.unair.ac.id', '$2y$10$I50/Ku6uSr/18iU9IEh4fOlHgPJ9XtRtvUzBDHSGUR7oSlzUN13x6', '5fe2e23745c62.jpg', 1, 1),
(995, 'Julya Putri Setyawan', 'julya.putri.setyawan-2020@fh.unair.ac.id', '$2y$10$8ac8OGbkFOqGIq42zl/Hou5ZtuFfZRG0eDuqnhndOlk/kgxGPyp1C', '5fe2e96771e01.jpeg', 1, 1),
(996, 'Safira inayah indrayani ', 'safira.inayah.in-2020@fh.unair.ac.id', '$2y$10$b5ncELbGv.uHn9lMsvCj7e1/NXX5qkhIzn3y5YmjMPz4VTQCONjaa', '5fe2d58b93be2.jpg', 0, 1),
(997, 'Eduardus Robert', 'eduardus.robert.arminanto-2020@fh.unair.ac.id', '$2y$10$JBR87P2b3y81oil68xKwk.nL1vmS109Hu9yFPHCSl.HizOOarB3W.', '5fe2f2f162123.jpg', 1, 1),
(998, 'Syelma Vinita Anjanie Saragih', 'syelma.vinita.anjanie-2020@fh.unair.ac.id', '$2y$10$tVVLRiIqDOzwLDKZpjCdheFuLlN7uj6/fAm0dDDJF0rJK8ew1vOVK', '5fe2fe98b4be0.jpg', 1, 1),
(999, '', 'tessana.pridia.paramitha-2020@fh.unair.ac.id', '', '', 1, 1),
(1000, 'Farah Qatifa Elzahra Faisal ', 'farah.qatifa.elzahra-2020@fh.unair.ac.id', '$2y$10$UljhbQ85k5/r/b4sU483iuu.VB8CSlY6UKhb.k5Ae55cvL5nSr3pK', '5fe2e06b5f087.png', 1, 1),
(1001, 'Ivana Zahra Robby', 'ivana.zahra.robby-2020@fh.unair.ac.id', '$2y$10$60poKzFZprXCL9xc3PduKuckUNn00x6lvZEwr7XmWnfMl5N005yr6', '', 1, 1),
(1002, '', 'alifia.nuril.bais-2020@fh.unair.ac.id', '', '', 1, 1),
(1003, 'alfina anam damayanti', 'alfina.anam.damayanti-2020@fh.unair.ac.id', '$2y$10$My0/WVxR6na0seXZ.b.10et1c1AaSiCPu.cbE9AZKZVMXBgKef39y', '5fe303894af8a.jpg', 0, 1),
(1004, '', 'regina.resentia-2020@fh.unair.ac.id', '', '', 1, 1),
(1005, 'Putri Kirana', 'putri.kirana-2020@fh.unair.ac.id', '$2y$10$1A7FyDQTwxRdcP5vmFpcW.Q0eQGVYPOV9XD0zUu2qolF3xs5YePf6', '5fe2d539022a8.jpg', 0, 1),
(1006, 'Dita Putri Valerin', 'dita.putri.valerin-2020@fh.unair.ac.id', '$2y$10$sgVsEh1GP1H6dTQGqLDKGOG6wEzQwPQCTuJhC.WSxeEV63iqNzPXa', '5fe2d47eecd96.jpeg', 0, 1),
(1007, 'Rahmadani Rahman', 'rahmadani.rahman-2020@fh.unair.ac.id', '$2y$10$kZ/VcIDqUP1c9TdxaHJSI.z/tcdwj/Q3CPdhBHtmaZaLB.nEZoc.G', '5fe2b0e36bbbd.jpg', 1, 1),
(1008, 'Ahmad devano denandra ', 'ahmad.devano.denan-2020@fh.unair.ac.id', '$2y$10$qDI0fTwj/PiFBLA.Kxe9ZOkMRkcT6Sdzn23..E3UFbNtutvY/fb.u', '5fe2a20c09e15.jpg', 1, 1),
(1009, 'Gracia Naomi Eirene ', 'gracia.naomi.eirene-2020@fh.unair.ac.id', '$2y$10$02/1/m1ydZvRiI.Krbm0PuwD8SV0gO/IT6tBsPLPXv6zrJjw4lD6i', '5fe2f6d03575e.jpg', 1, 1),
(1010, 'Berlianityaputri Ramadhanty', 'berlianityaputri.ramadhanty.choirunnisa-2020@fh.unair.ac.id', '$2y$10$FUJEQLv/Rq8RxkbswWPiROFylzbXOwCGb6AC80dqQusgxsbp3Qmk2', '5fe2dcf2ba29b.jpeg', 0, 1),
(1011, '', 'imam.adhi.wibowo-2020@fh.unair.ac.id', '', '', 1, 1),
(1012, '', 'danish.putra.dandi-2020@fh.unair.ac.id', '', '', 1, 1),
(1013, '', 'kresna.jaya.wicaksana-2020@fh.unair.ac.id', '', '', 1, 1),
(1014, '', 'muhammad.fahmi.syahril-2020@fh.unair.ac.id', '', '', 1, 1),
(1015, 'Dorothy Ranteallo', 'dorothy.ranteallo-2020@fh.unair.ac.id', '$2y$10$B8jncqebIOrcgjkh0m5fSOY8d4f//gyX1IgK3XKxtyYJ5eqwh/vVy', '5fe2b62ea8fcd.jpeg', 1, 1),
(1016, '', 'princetta.nadja.braka-2020@fh.unair.ac.id', '', '', 1, 1),
(1017, 'Radzan Galih', 'radzan.galih-2020@fh.unair.ac.id', '$2y$10$YzGkPIB1nwbuplwkvGMxnuB9qq8fxG0d7wWFRvA3FIpj3Igbe6cGe', '5fe2b07c6df9d.jpeg', 1, 1),
(1018, 'Fathurizky Febrian', 'fathurizky.febrian-2020@fh.unair.ac.id', '$2y$10$wq04tKiONULOzMhRHW4HjeNhoSzkDFFCaMQOwAenrpDaIxACvs7GG', '5fe2e3626a0aa.jpg', 1, 1),
(1019, 'Nabillah Nur Azizah', 'nabillah.nur.azizah-2020@fh.unair.ac.id', '$2y$10$DxdEQlMhs1s1XtGqVK0j1ObN7E1cZweBWb.TZEHlh3yLn7J1erjfy', '5fe2ac0fec0b2.jpeg', 1, 1),
(1020, 'Akhmad Bayu Putranto', 'akhmad.bayu.putranto-2020@fh.unair.ac.id', '$2y$10$KhyIuh34Oh7GcQ1jHCv3n.Z9AfC7PxF.pEJtF0ZfJm5PAiM3A8pLq', '5fe2c5eaedc5d.jpg', 1, 1),
(1021, 'Anik Setyawati', 'anik.setyawati-2020@fh.unair.ac.id', '$2y$10$YDfjdf2MK5xicpPahpPlpev7Nu6Qwpl3kgFv7La6rQ9T9oiVcncfe', '5fe2f34530a8e.jpg', 1, 1),
(1022, '', 'afga.samudera.erlangga-2020@fh.unair.ac.id', '', '', 1, 1),
(1023, 'Darryl Evan Brouwer', 'darryl.evan.brouwer-2020@fh.unair.ac.id', '$2y$10$e9eGBBggt6lW82EurfRy.uHaQq3/yQrC48Zrcp7fb2qUSj4oWZxx6', '5fe2beeeb0f71.jpg', 1, 1),
(1024, 'Alvin Juliansyah Putra', 'alvin.juliansyah.putra-2020@fh.unair.ac.id', '$2y$10$kBDj2Heb5.ezdDoGf5b9i.z7tpkfZ7V1B4.VcCW4GnYS1YQ7lwB/i', '5fe29af465857.jpg', 1, 1),
(1025, '', 'nabilatul.alimah.putri-2020@fh.unair.ac.id', '', '', 1, 1),
(1026, 'Widya Novalita Khofifah', 'widya.novalita.khofifah-2020@fh.unair.ac.id', '$2y$10$3wYoDbHRMxdcZ54teKx/guVXc1P5awjluLhxT0EfCmlHRte3a4Y8K', '5fe29ce85080f.jpg', 1, 1),
(1027, 'Heksa Archie Putra N', 'heksa.archie.putra-2020@fh.unair.ac.id', '$2y$10$9kVBvJXjvXqyrMCjp3V8BuPW8/ACtxZpQL9UPbjtV9022FXqLSbe6', '5fe2df4a1ed4e.jpg', 1, 1),
(1028, 'Pamungkas Ridaningjati', 'pamungkas.ridaningjati-2020@fh.unair.ac.id', '$2y$10$HW0iyFFeMg4xxwf.Yc7oG.ov5OBN.faEoLJySUAfEzfP32He4nbNG', '', 1, 1),
(1029, '', 'dian.nastika.kusretnaning-2020@fh.unair.ac.id', '', '', 1, 1),
(1030, 'Adinda Salsabilla', 'adinda.salsabilla-2020@fh.unair.ac.id', '$2y$10$moKJxqZz1wLAzEsbAPU5RetNaSbpHjybETSXb2iOmgCSPFuJOGVNG', '5fe2ec174aab2.jpeg', 1, 1),
(1031, 'Devita', 'devita-2020@fh.unair.ac.id', '$2y$10$SecXd1/i2ZKscnPB8XteDejuOmvTHhMJoehMZK1S3GNLlmh5QK7le', '5fe3012cbac93.jpg', 1, 1),
(1032, 'Alya Fitriani', 'alya.fitriani-2020@fh.unair.ac.id', '$2y$10$97gDYPJxfw8QlJbL7llclO83jvKIxrcowpc6qY1geuIaMVEc1E892', '5fe307566399b.jpg', 1, 1),
(1033, 'Iqbal Fauzurrahman', 'iqbal.fauzurrahman-2020@fh.unair.ac.id', '$2y$10$ShjwTdfDtvxKgjScvikSoe7FQf0.NocA4jsKboq/dtRkQaXBBnuC6', '5fe2e2bc9c063.jpg', 0, 1),
(1034, '', 'adhisty.radhita.vasya-2020@fh.unair.ac.id', '', '', 1, 1),
(1035, '', 'shabrina.syuuraida-2020@fh.unair.ac.id', '', '', 1, 1),
(1036, 'Fakhira Dyna Putri', 'fakhira.dyna.putri-2020@fh.unair.ac.id', '$2y$10$8zV.kzQQc2lIcpJmCZSOTOofBtruQrghgoG8QijXc3B1gJ/ZXaHCa', '5fe2fe6d6ebdf.jpg', 1, 1),
(1037, 'Muhammad Daffa Dzakiyya', 'muhammad.daffa.dzakiyya-2020@fh.unair.ac.id', '$2y$10$BkX9LlxaRjMD2oygCupZQO5O5EopTuFXuWj3tG2gJpAJQy8n/O9hq', '5fe2ecdba1dfd.jpg', 1, 1),
(1038, 'Naura Tsurayya Hasnaaa', 'naura.tsurayya.hasnaa-2020@fh.unair.ac.id', '$2y$10$n1fMqZKtzNOgczVK7CZpR.L7ekdgaRaERsLy3/Tr9PWXkcaMC3PWW', '5fe2e07989981.JPG', 1, 1),
(1039, 'Azhalea Dafa Ranggadena', 'azhalea.dafa.ranggadena-2020@fh.unair.ac.id', '$2y$10$wyFcnJWgp3YAzTmTmE2lI.1YxQADs8x6xqEUn.JrrVfFvFpk2pfXO', '5fe2ec9c8b624.jpg', 1, 1),
(1040, 'Kevin Hartono', 'kevin.hartono-2020@fh.unair.ac.id', '$2y$10$KJFFFtVjXSotloNnPKJrn.CqApCj2WVxfldD7QhTz4azFpFJbKqIm', '5fe2f96543aa7.jpg', 1, 1),
(1041, '', 'laksmana.noor.alluvian-2020@fh.unair.ac.id', '', '', 1, 1),
(1042, '', 'krisna.angela-2020@fh.unair.ac.id', '', '', 1, 1),
(1043, 'Nisfa Salsadillah', 'nisfa.salsadillah-2020@fh.unair.ac.id', '$2y$10$5RXyVJMF3ceZCX0EsnPsL.D7/PIDbuRdvJw2nuFz7nRa.eWzRzQ3e', '5fe2f618e012b.jpg', 1, 1),
(1044, 'yahya arif', 'yahya.arif.sutisna-2020@fh.unair.ac.id', '$2y$10$Gutg4NOePZQRRnfaY8MwJOu3vsPRu12eGr.bhftz8UVp.qY/Ss.86', '5fe2e8e48582e.jpg', 1, 1),
(1045, 'Aryana Cahya Dewi', 'aryana.cahya.dewi-2020@fh.unair.ac.id', '$2y$10$lXJR2J7YaEhWN2BD3nubFO10osfT3OPvjDMdCDu5eVqE6obVOvXxS', '5fe2fe039ae79.jpeg', 1, 1),
(1046, 'Puspita Dwi Anggraenny', 'puspita.dwi.anggraenny-2020@fh.unair.ac.id', '$2y$10$to3l0Y4vE7fAA204fk71yeVw0iJNzI.Dl2tVLpWjlJOHBwtjoXbWu', '5fe2fbf776e2a.jpg', 1, 1),
(1047, 'Bintang Audia adikshamosa', 'bintang.audia.adikshamosa-2020@fh.unair.ac.id', '$2y$10$V33Muw.eHM9G6YSVCtYXkejrGCR7HqL3x5uGU0/DcTczaZTy2wSrm', '5fe2e18a71141.jpg', 1, 1),
(1048, 'Muafasaid Ramadhan', 'muafasaid.ramadhan-2020@fh.unair.ac.id', '$2y$10$QAGPCnVZ7q7TSCkaegJjCuVLh5ufskstlIHof2hA/DW8qHUIxRQyK', '5fe2d79e67629.JPG', 0, 1),
(1049, 'Muhammad Farrel Evan Ramadhani', 'muhammad.farrel.evan-2020@fh.unair.ac.id', '$2y$10$/mGMDre6ZztmCwdtYCPQt.N4patNK3gaIF61pyTctDEgEUgngYZAO', '5fe2fa4190aca.jpg', 1, 1),
(1050, 'Malika Syaifina Al Ma\'arif', 'malika.syaifina.al-2020@fh.unair.ac.id', '$2y$10$QOdGrWiaMVtvPfHdqdUjUujrJeFfLYgRoEULzJswpJC2kbDXSKyeS', '5fe2ddd72bb1a.jpeg', 1, 1),
(1051, '', 'berliansyah.zaka.ardhitya-2020@fh.unair.ac.id', '', '', 1, 1),
(1052, '', 'pratama.alifiandi.martio-2020@fh.unair.ac.id', '', '', 1, 1),
(1053, '', 'naufaldi.noor.hilmiansyah-2020@fh.unair.ac.id', '', '', 1, 1),
(1054, 'Aditya Nur Rizki Putra', 'aditya.nur.rizki-2020@fh.unair.ac.id', '$2y$10$aQZ9WuoYiUO3VBf4IO9JFe5jyO78Lnqo45ZUXp.GB8cxY9IML6Cha', '5fe2ed9b52262.jpg', 1, 1),
(1055, 'Arihta Tumanggor', 'arihta.tumanggor-2020@fh.unair.ac.id', '$2y$10$XwbPeXN.mZyAID6FT/5Tj.vV47gROMBrcNHxYNEU7jcZsbM.rw.aS', '5fe2f85007e75.jpeg', 1, 1),
(1056, 'MUHAMMAD \'ILMAN NUR \'ARIF', 'muhammad.ilman.nur-2020@fh.unair.ac.id', '$2y$10$qxvmJ4YeA2gghuOEmcB9y.bjZV2qivuEEVaLWYw0S6icHyZKzUsTi', '5fe2d889245a8.jpg', 0, 1),
(1057, '', 'mezaluna.erga.azzahra-2020@fh.unair.ac.id', '', '', 1, 1),
(1058, 'Ola Mehira ', 'ola.mehira.sampoerna-2020@fh.unair.ac.id', '$2y$10$yPBwJZXzAci0DQzzZp39yOyC79XE/NCvGvyIPkOOdwoY7bKqMYRq2', '5fe2f40dc4d71.jpg', 1, 1),
(1059, 'faustina aida irmadela ', 'faustina.aida.madela-2020@fh.unair.ac.id', '$2y$10$IbkiMNWV58rWp7r9hv5XWe1LLLehVEPXdZLEgdR.Sgnd4/OyZTOg6', '5fe2ef450869b.jpeg', 1, 1),
(1060, '', 'bintang.ramadhani.widyainsani-2020@fh.unair.ac.id', '', '', 1, 1),
(1061, 'Muhammad Habibur rochman', 'muhammad.habibur.rochman-2020@fh.unair.ac.id', '$2y$10$913V3pgbgfl2L6Iu9ye76.7d.u4vk7ZDg5HQ4L6c9fGccvEivbvEq', '5fe2ff09bf64d.jpg', 1, 1),
(1062, '032011133146', 'tanaya.anindhita.vala-2020@fh.unair.ac.id', '$2y$10$MmQl7n5nA.fF9w8Jg3I/7eaWpwAFTSnyPjT3USIelcpWdLO81R1Ru', '5fe2e24f3e5a4.jpg', 0, 1),
(1063, 'Noer Alya Indriani', 'noer.alya.indriani-2020@fh.unair.ac.id', '$2y$10$lYDmwTV60FAskmG1dahZxe7z49yR/wZTlscGxZOyFcOV8.tOrQIkm', '5fe2f4022ab72.jpeg', 1, 1),
(1064, '032011133148', 'annisa.hadyta.wibisono-2020@fh.unair.ac.id', '$2y$10$WKsrqF7.sLNhFrI6PR2aCOAxRmY/RTbl8EU0j7Um4KclFfCCSGU12', '5fe2dbd05aa96.jpeg', 0, 1),
(1065, '032011133149', 'sagita.dewi.indriana-2020@fh.unair.ac.id', '$2y$10$2QCpXk7xmt07ZDl25H.dAObSIE2hoqN7Y3H5AokVYkJjfnEYJVSvK', '5fe2f2aaa3d21.JPG', 1, 1),
(1066, 'Gospel Bulo Pasulu', 'gospel.bulo.pasulu-2020@fh.unair.ac.id', '$2y$10$ZB1Q2O28dmUqnFItbq7AveijxWrxhrOyRwHAjEP1gqqtF3irDcYce', '5fe2f4724cc3d.jpg', 1, 1),
(1067, 'Renatha Fidela Ramadhani', 'renatha.fidela.ramadhani-2020@fh.unair.ac.id', '$2y$10$pWG1Qf5vEcN.SflanzWtC.qJsCZIA8UQVV3Y/PQnwunPxUf1c0SbK', '5fe2e1a8cd070.jpg', 1, 1),
(1068, 'Regina Aura Firdana', 'regina.aura.firdana-2020@fh.unair.ac.id', '$2y$10$2.iSZ/QaBiuhI/nWbvxwqezJdjsiMdoM0/umtG5d7zON5dvp4igHe', '5fe2dd3fe048f.jpeg', 1, 1),
(1069, '', 'zea.alya.najmi-2020@fh.unair.ac.id', '', '', 1, 1),
(1070, '', 'shoobihah.almaas.taqiyyah-2020@fh.unair.ac.id', '', '', 1, 1),
(1071, 'Nathasya Debora Situmorang', 'nathasya.debora.situmorang-2020@fh.unair.ac.id', '$2y$10$hAHG3M6Zuhv2D0EyktlRkONIsIFqmg56/tGcAUpTUvzv4.I1WbZoW', '5fe2fe0287906.jpeg', 1, 1),
(1072, '', 'humaira.putri.syahrani-2020@fh.unair.ac.id', '', '', 1, 1),
(1073, '', 'nadina.aubrey.aleysa-2020@fh.unair.ac.id', '', '', 1, 1),
(1074, '', 'surya.wibawa.abimanyu-2020@fh.unair.ac.id', '', '', 1, 1),
(1075, 'dhaifan ardianta putra', 'dhaifan.ardianta.putra-2020@fh.unair.ac.id', '$2y$10$oWNUB.dvu04ErIbNvAJL1OQ2qLCUp4kFyBRl.V2BjSlHmyIdTmq8y', '5fe2c8cb2a6e1.jpg', 1, 1),
(1076, 'Muhammad Akbar Maulana', 'muhammad.akbar.maulana-2020@fh.unair.ac.id', '$2y$10$6QAyifgQhOUQ5z0ZNtJTwuhjmEOvyIfrOEbpLSAMRZkxxIsUrg1Xi', '5fe2d2694542a.jpg', 0, 1),
(1077, '', 'rexa.dewangga-2020@fh.unair.ac.id', '', '', 1, 1),
(1078, 'Mokhammad Adis', 'mokhammad.adis-2020@fh.unair.ac.id', '$2y$10$WP8o6Gya6MeWqJyXotOoIuuOhLIkDPsH/QkACcYoBPmtmk0kJD.iS', '5fe2d4ea23977.jpeg', 0, 1),
(1079, 'Lola Lolita', 'lola.lolita-2020@fh.unair.ac.id', '$2y$10$Gv2kVVMdSB5DSNvKHsxLO.byyUZjNfbdxy0b14UQGxCy2VtFAnBj2', '5fe2df1eca49c.jpeg', 0, 1),
(1080, '', 'syarifah.fatimahtazzuhrah.rukhsal-2020@fh.unair.ac.id', '', '', 1, 1),
(1081, 'Saadia Rizkian Nur Raudah', 'saadia.rizkian.nur-2020@fh.unair.ac.id', '$2y$10$ndPYKkz5JQHhh1BoHzCKzezWHS62MsFfTXeFLlGfe6u7GRtF0DHLS', '5fe2fc4459716.jpeg', 1, 1),
(1082, 'Alfi Salsabila Putri', 'alfi.salsabila.putri-2020@fh.unair.ac.id', '$2y$10$rPpAQi8UASrpQ.A7Z9WifetiVp3YF5pfw3WzD3Bk81g5PhZmFKbTW', '5fe2eb449baf3.jpeg', 1, 1),
(1083, '', 'muh.rafli.dwi-2020@fh.unair.ac.id', '', '', 1, 1),
(1084, 'Talitha Marsha Amelinda Winardi', 'talitha.marsha.amelinda-2020@fh.unair.ac.id', '$2y$10$kR9xSt7JLiEHTY2oIHLVGuLmOIlAm2TvoM5WGnSiuYH3rt/UeGT4q', '5fe2fe7c93fc1.jpg', 1, 1),
(1085, '', 'rr.fernanda.tasya-2020@fh.unair.ac.id', '', '', 1, 1),
(1086, 'Fawwaz Muhammad Raafi', 'fawwaz.muhammad.raafi-2020@fh.unair.ac.id', '$2y$10$mmI1xR9V.rpiLNydwpTGPeJDlGGJGUoYNtxZ7FnY/ARzu/TBun8yG', '5fe2e081960d9.jpeg', 1, 1),
(1087, '', 'muhamad.andhika.rahman-2020@fh.unair.ac.id', '', '', 1, 1),
(1088, '', 'tasia.alya-2020@fh.unair.ac.id', '', '', 1, 1),
(1089, '', 'angeline.regita.nathalia-2020@fh.unair.ac.id', '', '', 1, 1),
(1090, 'AHMAD FATHI', 'ahmad.fathi-2020@fh.unair.ac.id', '$2y$10$taeF9XQJILuVPCzd3O7pPuHuEVPGLZN/./wLdYFJ0AARlmwARJMnW', '5fe2cf532469d.jpg', 0, 1),
(1091, 'Diqa Qothrunnadaa Amanda Nur Sella ', 'diqa.qothrunnadaa.amanda-2020@fh.unair.ac.id', '$2y$10$tnVkBm2ZNN13ikUmfbp/J.a.gEd2aN0AHet7EQ25VE.BRv94qRlXS', '', 1, 1),
(1092, 'Rizkika Zakka Palindungan', 'rizkika.palindungan1@gmail.com', '$2y$10$PiFR.K7KErmdI3f.4uGj9OhOvTbt7QLLVeAr8BkIcV5CtsEI4BMj2', '5fe288a29ae5b.jpg', 1, 1),
(1093, '', 'rizkika.palindungan98@gmail.com', '', '', 1, 1),
(1094, '', 'rizalramli993@gmail.com', '', '', 1, 1),
(1095, '', 'robertus.derivio.sartono-2019@fhunair.ac.id', '', '', 1, 1);

-- --------------------------------------------------------

--
-- Table structure for table `voting`
--

CREATE TABLE `voting` (
  `voting_id` int(11) NOT NULL,
  `admin_id` int(11) NOT NULL,
  `name` varchar(255) NOT NULL,
  `date` date NOT NULL,
  `start` datetime NOT NULL,
  `end` datetime NOT NULL,
  `is_active` tinyint(1) NOT NULL
) ENGINE=InnoDB DEFAULT CHARSET=utf8mb4;

--
-- Dumping data for table `voting`
--

INSERT INTO `voting` (`voting_id`, `admin_id`, `name`, `date`, `start`, `end`, `is_active`) VALUES
(1, 1, 'Pemilihan BEM 2020', '2020-12-23', '2020-12-23 07:00:00', '2020-12-23 16:00:00', 1),
(2, 1, 'Pemilihan BLM 2020', '2020-12-23', '2020-12-23 07:00:00', '2020-12-23 16:00:00', 1),
(3, 1, 'Pemilihan DLM 2020', '2020-12-23', '2020-12-23 07:00:00', '2020-12-23 16:00:00', 1);

-- --------------------------------------------------------

--
-- Structure for view `view_election`
--
DROP TABLE IF EXISTS `view_election`;

CREATE ALGORITHM=UNDEFINED DEFINER=`sqtgmrv5ucz9c`@`localhost` SQL SECURITY DEFINER VIEW `view_election`  AS  select `e`.`election_id` AS `election_id`,`e`.`attachment` AS `attachment`,`e`.`create_at` AS `create_at`,`e`.`election_status` AS `election_status`,`vtr`.`voter_id` AS `voter_id`,`vtr`.`name` AS `name`,`vtr`.`email` AS `email`,`c`.`candidate_id` AS `candidate_id`,`vtg`.`voting_id` AS `voting_id` from (((`election` `e` join `voter` `vtr` on((`e`.`voter_id` = `vtr`.`voter_id`))) join `candidate` `c` on((`e`.`candidate_id` = `c`.`candidate_id`))) join `voting` `vtg` on((`c`.`voting_id` = `vtg`.`voting_id`))) order by `e`.`election_id` ;

-- --------------------------------------------------------

--
-- Structure for view `view_member`
--
DROP TABLE IF EXISTS `view_member`;

CREATE ALGORITHM=UNDEFINED DEFINER=`sqtgmrv5ucz9c`@`localhost` SQL SECURITY DEFINER VIEW `view_member`  AS  select `m`.`member_id` AS `member_id`,`p`.`party_id` AS `party_id`,`p`.`name` AS `party_name`,`p`.`photo` AS `party_photo`,`c`.`candidate_id` AS `candidate_id`,`c`.`voting_id` AS `voting_id`,`c`.`name` AS `candidate_name`,`c`.`photo` AS `candidate_photo`,`c`.`number` AS `number`,`c`.`is_active` AS `is_active` from ((`member` `m` join `party` `p` on((`m`.`party_id` = `p`.`party_id`))) join `candidate` `c` on((`m`.`candidate_id` = `c`.`candidate_id`))) order by `c`.`number` ;

-- --------------------------------------------------------

--
-- Structure for view `view_recapitulation_candidate`
--
DROP TABLE IF EXISTS `view_recapitulation_candidate`;

CREATE ALGORITHM=UNDEFINED DEFINER=`sqtgmrv5ucz9c`@`localhost` SQL SECURITY DEFINER VIEW `view_recapitulation_candidate`  AS  select `e`.`election_id` AS `election_id`,`c`.`candidate_id` AS `candidate_id`,`c`.`name` AS `candidate_name`,count(`c`.`candidate_id`) AS `election_total`,`v`.`voting_id` AS `voting_id` from ((`election` `e` join `candidate` `c` on((`e`.`candidate_id` = `c`.`candidate_id`))) join `voting` `v` on((`c`.`voting_id` = `v`.`voting_id`))) group by `c`.`candidate_id`,`v`.`voting_id` ;

-- --------------------------------------------------------

--
-- Structure for view `view_recapitulation_candidate_sah`
--
DROP TABLE IF EXISTS `view_recapitulation_candidate_sah`;

CREATE ALGORITHM=UNDEFINED DEFINER=`sqtgmrv5ucz9c`@`localhost` SQL SECURITY DEFINER VIEW `view_recapitulation_candidate_sah`  AS  select `e`.`election_id` AS `election_id`,`c`.`candidate_id` AS `candidate_id`,count(`c`.`candidate_id`) AS `election_sah`,`v`.`voting_id` AS `voting_id` from ((`election` `e` join `candidate` `c` on((`e`.`candidate_id` = `c`.`candidate_id`))) join `voting` `v` on((`c`.`voting_id` = `v`.`voting_id`))) where (`e`.`election_status` = 1) group by `c`.`candidate_id`,`v`.`voting_id` ;

-- --------------------------------------------------------

--
-- Structure for view `view_recapitulation_candidate_tidak_sah`
--
DROP TABLE IF EXISTS `view_recapitulation_candidate_tidak_sah`;

CREATE ALGORITHM=UNDEFINED DEFINER=`sqtgmrv5ucz9c`@`localhost` SQL SECURITY DEFINER VIEW `view_recapitulation_candidate_tidak_sah`  AS  select `e`.`election_id` AS `election_id`,`c`.`candidate_id` AS `candidate_id`,count(`c`.`candidate_id`) AS `election_tidak_sah`,`v`.`voting_id` AS `voting_id` from ((`election` `e` join `candidate` `c` on((`e`.`candidate_id` = `c`.`candidate_id`))) join `voting` `v` on((`c`.`voting_id` = `v`.`voting_id`))) where (`e`.`election_status` = 0) group by `c`.`candidate_id`,`v`.`voting_id` ;

-- --------------------------------------------------------

--
-- Structure for view `view_recapitulation_party`
--
DROP TABLE IF EXISTS `view_recapitulation_party`;

CREATE ALGORITHM=UNDEFINED DEFINER=`sqtgmrv5ucz9c`@`localhost` SQL SECURITY DEFINER VIEW `view_recapitulation_party`  AS  select `e`.`election_id` AS `election_id`,`c`.`candidate_id` AS `candidate_id`,`c`.`voting_id` AS `voting_id`,`m`.`member_id` AS `member_id`,`p`.`party_id` AS `party_id`,`p`.`name` AS `party_name`,`p`.`photo` AS `party_photo`,count(`p`.`party_id`) AS `election_total` from (((`election` `e` join `candidate` `c` on((`e`.`candidate_id` = `c`.`candidate_id`))) join `member` `m` on((`e`.`candidate_id` = `m`.`candidate_id`))) join `party` `p` on((`m`.`party_id` = `p`.`party_id`))) group by `p`.`party_id`,`c`.`voting_id` ;

-- --------------------------------------------------------

--
-- Structure for view `view_recapitulation_party_sah`
--
DROP TABLE IF EXISTS `view_recapitulation_party_sah`;

CREATE ALGORITHM=UNDEFINED DEFINER=`sqtgmrv5ucz9c`@`localhost` SQL SECURITY DEFINER VIEW `view_recapitulation_party_sah`  AS  select `e`.`election_id` AS `election_id`,`c`.`candidate_id` AS `candidate_id`,`c`.`voting_id` AS `voting_id`,`m`.`member_id` AS `member_id`,`p`.`party_id` AS `party_id`,count(`p`.`party_id`) AS `election_sah` from (((`election` `e` join `candidate` `c` on((`e`.`candidate_id` = `c`.`candidate_id`))) join `member` `m` on((`e`.`candidate_id` = `m`.`candidate_id`))) join `party` `p` on((`m`.`party_id` = `p`.`party_id`))) where (`e`.`election_status` = 1) group by `p`.`party_id`,`c`.`voting_id` ;

-- --------------------------------------------------------

--
-- Structure for view `view_recapitulation_party_tidak_sah`
--
DROP TABLE IF EXISTS `view_recapitulation_party_tidak_sah`;

CREATE ALGORITHM=UNDEFINED DEFINER=`sqtgmrv5ucz9c`@`localhost` SQL SECURITY DEFINER VIEW `view_recapitulation_party_tidak_sah`  AS  select `e`.`election_id` AS `election_id`,`c`.`candidate_id` AS `candidate_id`,`c`.`voting_id` AS `voting_id`,`m`.`member_id` AS `member_id`,`p`.`party_id` AS `party_id`,count(`p`.`party_id`) AS `election_tidak_sah` from (((`election` `e` join `candidate` `c` on((`e`.`candidate_id` = `c`.`candidate_id`))) join `member` `m` on((`e`.`candidate_id` = `m`.`candidate_id`))) join `party` `p` on((`m`.`party_id` = `p`.`party_id`))) where (`e`.`election_status` = 0) group by `p`.`party_id`,`c`.`voting_id` ;

--
-- Indexes for dumped tables
--

--
-- Indexes for table `admin`
--
ALTER TABLE `admin`
  ADD PRIMARY KEY (`admin_id`);

--
-- Indexes for table `candidate`
--
ALTER TABLE `candidate`
  ADD PRIMARY KEY (`candidate_id`);

--
-- Indexes for table `election`
--
ALTER TABLE `election`
  ADD PRIMARY KEY (`election_id`);

--
-- Indexes for table `member`
--
ALTER TABLE `member`
  ADD PRIMARY KEY (`member_id`);

--
-- Indexes for table `party`
--
ALTER TABLE `party`
  ADD PRIMARY KEY (`party_id`);

--
-- Indexes for table `voter`
--
ALTER TABLE `voter`
  ADD PRIMARY KEY (`voter_id`);

--
-- Indexes for table `voting`
--
ALTER TABLE `voting`
  ADD PRIMARY KEY (`voting_id`);

--
-- AUTO_INCREMENT for dumped tables
--

--
-- AUTO_INCREMENT for table `admin`
--
ALTER TABLE `admin`
  MODIFY `admin_id` int(11) NOT NULL AUTO_INCREMENT, AUTO_INCREMENT=8;

--
-- AUTO_INCREMENT for table `candidate`
--
ALTER TABLE `candidate`
  MODIFY `candidate_id` int(11) NOT NULL AUTO_INCREMENT, AUTO_INCREMENT=27;

--
-- AUTO_INCREMENT for table `election`
--
ALTER TABLE `election`
  MODIFY `election_id` int(11) NOT NULL AUTO_INCREMENT, AUTO_INCREMENT=2242;

--
-- AUTO_INCREMENT for table `member`
--
ALTER TABLE `member`
  MODIFY `member_id` int(11) NOT NULL AUTO_INCREMENT, AUTO_INCREMENT=36;

--
-- AUTO_INCREMENT for table `party`
--
ALTER TABLE `party`
  MODIFY `party_id` int(11) NOT NULL AUTO_INCREMENT, AUTO_INCREMENT=5;

--
-- AUTO_INCREMENT for table `voter`
--
ALTER TABLE `voter`
  MODIFY `voter_id` int(11) NOT NULL AUTO_INCREMENT, AUTO_INCREMENT=1096;

--
-- AUTO_INCREMENT for table `voting`
--
ALTER TABLE `voting`
  MODIFY `voting_id` int(11) NOT NULL AUTO_INCREMENT, AUTO_INCREMENT=4;
COMMIT;

/*!40101 SET CHARACTER_SET_CLIENT=@OLD_CHARACTER_SET_CLIENT */;
/*!40101 SET CHARACTER_SET_RESULTS=@OLD_CHARACTER_SET_RESULTS */;
/*!40101 SET COLLATION_CONNECTION=@OLD_COLLATION_CONNECTION */;
