-- phpMyAdmin SQL Dump
-- version 4.9.5
-- https://www.phpmyadmin.net/
--
-- Host: localhost
-- Generation Time: Dec 23, 2020 at 04:18 AM
-- Server version: 5.7.26-29-log
-- PHP Version: 7.3.25

SET SQL_MODE = "NO_AUTO_VALUE_ON_ZERO";
SET AUTOCOMMIT = 0;
START TRANSACTION;
SET time_zone = "+00:00";


/*!40101 SET @OLD_CHARACTER_SET_CLIENT=@@CHARACTER_SET_CLIENT */;
/*!40101 SET @OLD_CHARACTER_SET_RESULTS=@@CHARACTER_SET_RESULTS */;
/*!40101 SET @OLD_COLLATION_CONNECTION=@@COLLATION_CONNECTION */;
/*!40101 SET NAMES utf8mb4 */;

--
-- Database: `dbe68tbecdmtuw`
--

-- --------------------------------------------------------

--
-- Table structure for table `admin`
--

CREATE TABLE `admin` (
  `admin_id` int(11) NOT NULL,
  `username` varchar(255) NOT NULL,
  `password` varchar(60) NOT NULL,
  `role` enum('Admin','KPU','Saksi') NOT NULL,
  `is_active` tinyint(1) NOT NULL
) ENGINE=InnoDB DEFAULT CHARSET=utf8mb4;

--
-- Dumping data for table `admin`
--

INSERT INTO `admin` (`admin_id`, `username`, `password`, `role`, `is_active`) VALUES
(1, 'adminfh1', '$2y$10$p3K3e51EJVYqr8Wtph9qU.JFZ82Fs00JPJIDZ4D4m1kuzXgY6iauO', 'Admin', 1),
(2, 'kpufh1', '$2y$10$ylfb3ekV.I2EFKqvcCuoZ.UB2Okv5SB2q8Q3IDVt75TQ/UHGn8kzi', 'KPU', 1),
(3, 'saksifh1', '$2y$10$rteK4zlKfDL5Z2duMqv4y.D5EVQNgpZ0zAy2LA9NWRppitRwrmqS2', 'Saksi', 1),
(4, 'saksifh2', '$2y$10$J6ySfu2ybSp5wfKajF.5x.2t3cWgbj18u06P0Mw9iYj5YPiqWz1eu', 'Saksi', 1),
(5, 'saksifh3', '$2y$10$vmzD2JWMZTmkJ4TA9PwkkeYMKE2qTAdPGzS.3C8DeGIZnzpDqUXyi', 'Saksi', 1),
(6, 'saksifh4', '$2y$10$VHHBGijxoyI8RTM35xeewupXDM9GCEokkJSJTYjUc7vHLBzP4qhPa', 'Saksi', 1),
(7, 'saksifh5', '$2y$10$T/5FYX9KCPgzvVCwmssYkuSDoVnKKvqaXlUtGr4/xL/q67LWqInP6', 'Saksi', 1);

-- --------------------------------------------------------

--
-- Table structure for table `candidate`
--

CREATE TABLE `candidate` (
  `candidate_id` int(11) NOT NULL,
  `voting_id` int(11) NOT NULL,
  `name` varchar(255) NOT NULL,
  `photo` varchar(255) NOT NULL,
  `number` tinyint(3) NOT NULL,
  `is_active` tinyint(1) NOT NULL
) ENGINE=InnoDB DEFAULT CHARSET=utf8mb4;

--
-- Dumping data for table `candidate`
--

INSERT INTO `candidate` (`candidate_id`, `voting_id`, `name`, `photo`, `number`, `is_active`) VALUES
(1, 1, 'Joshua Bonar - Muhammad Rizqullah Dany', '5fe01a540edcd.png', 1, 1),
(2, 1, 'Ramma Setyasuryantoro - Bagus Satya Wardana', '5fe01a8b633a8.png', 2, 1),
(3, 2, 'Donald Hamonangan Siregar', '5fe01c95969af.png', 1, 1),
(4, 2, 'Apriska Widiangela', '5fe01cad83f6c.png', 2, 1),
(5, 2, 'Muhamad Ridho', '5fe01ce02570c.png', 3, 1),
(6, 2, 'Fitrillah I. Hi. Subur', '5fe01d01906e0.png', 4, 1),
(7, 2, 'Fernanda Nadhif', '5fe01d9982a80.png', 1, 1),
(8, 2, 'Muhammad Ilham Mahrudin Zam-Zam', '5fe01dc15371b.png', 2, 1),
(9, 2, 'Avany Mahmudah', '5fe01dedf2c86.png', 3, 1),
(10, 2, 'Mario Febrianto Sukoto', '5fe01e006968b.png', 4, 1),
(11, 2, 'Rahadian Bino Wardanu', '5fe01e153ecae.png', 5, 1),
(12, 2, 'Anggito Bagas_Abimanyu', '5fe01e330740a.png', 6, 1),
(13, 2, 'Muhammad Chaikal Ichwanul Muslim', '5fe01e538e825.png', 7, 1),
(15, 2, 'Deddy Kusuma Wardana', '5fe01f54de065.png', 1, 1),
(16, 2, 'Naufandiary Bachtiar Ramzy', '5fe01f641cf83.png', 2, 1),
(17, 2, 'Soegih Rasyad Sriwidyandiyo', '5fe01f8179526.png', 3, 1),
(18, 2, 'Eduardus Robert Arminto', '5fe01ffc025a6.png', 1, 1),
(19, 2, 'Azzahra Mazaya Khalisah', '5fe0200f883b9.png', 2, 1),
(20, 2, 'Fawwaz Muhammad Rafi', '5fe0203628838.png', 3, 1),
(21, 3, 'Wahyu Waullilamri Kurniawan', '5fe020b4b57ef.png', 1, 1),
(22, 3, 'Samuel Yobel Christian', '5fe020c7d63d9.png', 2, 1),
(23, 3, 'Bima Satriojati', '5fe0212a0495e.png', 1, 1),
(24, 3, 'Rahardian Satya Mandala Putra', '5fe0213a24e15.png', 2, 1),
(25, 3, 'Gunawan', '5fe0219128087.png', 1, 1),
(26, 2, 'Ali Mannagalli', '5fe1e6b903343.png', 4, 1);

-- --------------------------------------------------------

--
-- Table structure for table `election`
--

CREATE TABLE `election` (
  `election_id` int(11) NOT NULL,
  `candidate_id` int(11) NOT NULL,
  `voter_id` int(11) NOT NULL,
  `attachment` varchar(255) NOT NULL,
  `create_at` timestamp NOT NULL DEFAULT CURRENT_TIMESTAMP ON UPDATE CURRENT_TIMESTAMP,
  `election_status` tinyint(1) NOT NULL DEFAULT '1'
) ENGINE=InnoDB DEFAULT CHARSET=utf8mb4;

--
-- Dumping data for table `election`
--

INSERT INTO `election` (`election_id`, `candidate_id`, `voter_id`, `attachment`, `create_at`, `election_status`) VALUES
(1, 1, 389, '5fe2893238c5f.jpg', '2020-12-23 07:03:37', 1),
(2, 3, 389, '5fe2893238c5f.jpg', '2020-12-23 07:03:58', 1),
(3, 25, 389, '5fe2893238c5f.jpg', '2020-12-23 07:06:03', 1),
(4, 1, 406, '5fe28a17783ba.jpg', '2020-12-23 07:06:58', 1),
(5, 3, 406, '5fe28a17783ba.jpg', '2020-12-23 07:07:21', 1),
(6, 21, 406, '5fe28a17783ba.jpg', '2020-12-23 07:08:00', 1),
(7, 1, 620, '5fe28a582a638.jpg', '2020-12-23 07:08:03', 1),
(8, 3, 620, '5fe28a582a638.jpg', '2020-12-23 07:08:22', 1),
(9, 22, 620, '5fe28a582a638.jpg', '2020-12-23 07:08:30', 1),
(10, 2, 770, '5fe28b78d77f7.jpeg', '2020-12-23 07:12:49', 1),
(11, 11, 770, '5fe28b78d77f7.jpeg', '2020-12-23 07:13:08', 1),
(12, 24, 770, '5fe28b78d77f7.jpeg', '2020-12-23 07:13:19', 1),
(13, 1, 581, '5fe28c1a82e1c.jpeg', '2020-12-23 07:16:14', 1),
(14, 24, 581, '5fe28c1a82e1c.jpeg', '2020-12-23 07:16:39', 1),
(15, 4, 581, '5fe28c1a82e1c.jpeg', '2020-12-23 07:17:00', 1),
(16, 2, 342, '5fe28cc6bc281.jpg', '2020-12-23 03:47:46', 0),
(17, 3, 342, '5fe28cc6bc281.jpg', '2020-12-23 03:48:48', 0),
(18, 23, 342, '5fe28cc6bc281.jpg', '2020-12-23 03:49:17', 0),
(19, 1, 913, '5fe27bb35c527.jpg', '2020-12-23 07:29:44', 1),
(20, 6, 913, '5fe27bb35c527.jpg', '2020-12-23 07:30:01', 1),
(21, 21, 913, '5fe27bb35c527.jpg', '2020-12-23 07:30:19', 1),
(22, 2, 378, '5fe28f9f40e97.jpg', '2020-12-23 07:30:44', 1),
(23, 7, 378, '5fe28f9f40e97.jpg', '2020-12-23 07:31:17', 1),
(24, 25, 378, '5fe28f9f40e97.jpg', '2020-12-23 07:31:43', 1),
(25, 23, 358, '5fe2922faf098.jpg', '2020-12-23 07:41:36', 1),
(26, 7, 358, '5fe2922faf098.jpg', '2020-12-23 07:41:59', 1),
(27, 2, 358, '5fe2922faf098.jpg', '2020-12-23 07:42:25', 1),
(28, 1, 231, '5fe29287dfc27.jpeg', '2020-12-23 07:42:57', 1),
(29, 3, 231, '5fe29287dfc27.jpeg', '2020-12-23 07:43:15', 1),
(30, 21, 231, '5fe29287dfc27.jpeg', '2020-12-23 07:43:34', 1),
(31, 1, 751, '5fe292e896846.JPG', '2020-12-23 07:44:41', 1),
(32, 5, 751, '5fe292e896846.JPG', '2020-12-23 07:45:26', 1),
(33, 21, 751, '5fe292e896846.JPG', '2020-12-23 07:46:00', 1),
(34, 2, 69, '5fe29335c1859.jpg', '2020-12-23 07:46:01', 1),
(35, 8, 69, '5fe29335c1859.jpg', '2020-12-23 07:46:24', 1),
(36, 23, 69, '5fe29335c1859.jpg', '2020-12-23 07:46:38', 1),
(37, 2, 767, '5fe293cfb1ab8.jpg', '2020-12-23 07:48:34', 1),
(38, 10, 767, '5fe293cfb1ab8.jpg', '2020-12-23 07:48:51', 1),
(39, 1, 835, '5fe293ea87c57.jpeg', '2020-12-23 07:48:58', 1),
(40, 24, 767, '5fe293cfb1ab8.jpg', '2020-12-23 07:49:06', 1),
(41, 6, 835, '5fe293ea87c57.jpeg', '2020-12-23 07:49:18', 1),
(42, 21, 835, '5fe293ea87c57.jpeg', '2020-12-23 07:49:29', 1),
(43, 2, 865, '5fe2947543440.jpg', '2020-12-23 07:51:09', 1),
(44, 12, 865, '5fe2947543440.jpg', '2020-12-23 07:51:23', 1),
(45, 23, 865, '5fe2947543440.jpg', '2020-12-23 07:51:42', 1),
(46, 2, 601, '5fe2954d747f2.jpg', '2020-12-23 07:54:51', 1),
(47, 11, 601, '5fe2954d747f2.jpg', '2020-12-23 07:55:16', 1),
(48, 24, 601, '5fe2954d747f2.jpg', '2020-12-23 07:55:39', 1),
(49, 2, 905, '5fe295d960bf0.jpeg', '2020-12-23 07:57:08', 1),
(50, 13, 905, '5fe295d960bf0.jpeg', '2020-12-23 07:57:28', 1),
(51, 24, 905, '5fe295d960bf0.jpeg', '2020-12-23 07:57:41', 1),
(52, 1, 867, '5fe296e847992.jpg', '2020-12-23 08:01:52', 1),
(53, 19, 867, '5fe296e847992.jpg', '2020-12-23 08:02:32', 1),
(54, 2, 836, '5fe29720a361c.jpg', '2020-12-23 08:02:35', 1),
(55, 12, 836, '5fe29720a361c.jpg', '2020-12-23 08:02:47', 1),
(56, 21, 867, '5fe296e847992.jpg', '2020-12-23 08:02:54', 1),
(57, 23, 836, '5fe29720a361c.jpg', '2020-12-23 08:02:59', 1),
(58, 2, 665, '5fe297d54a596.jpg', '2020-12-23 08:05:36', 1),
(59, 2, 653, '5fe297e0c24bc.jpg', '2020-12-23 08:05:58', 1),
(60, 12, 665, '5fe297d54a596.jpg', '2020-12-23 08:05:58', 1),
(61, 24, 665, '5fe297d54a596.jpg', '2020-12-23 08:06:09', 1),
(62, 11, 653, '5fe297e0c24bc.jpg', '2020-12-23 08:06:16', 1),
(63, 24, 653, '5fe297e0c24bc.jpg', '2020-12-23 08:06:33', 1),
(64, 2, 425, '5fe29818b6a48.jpeg', '2020-12-23 08:07:23', 1),
(65, 7, 425, '5fe29818b6a48.jpeg', '2020-12-23 08:07:42', 1),
(66, 23, 425, '5fe29818b6a48.jpeg', '2020-12-23 08:07:57', 1),
(67, 2, 537, '5fe2986ad5f9d.jpg', '2020-12-23 08:08:40', 1),
(68, 1, 892, '5fe298a7ce253.jpg', '2020-12-23 08:09:16', 1),
(69, 1, 339, '5fe298a1c36e9.jpg', '2020-12-23 08:09:21', 1),
(70, 15, 537, '5fe2986ad5f9d.jpg', '2020-12-23 08:09:22', 1),
(71, 18, 892, '5fe298a7ce253.jpg', '2020-12-23 08:09:43', 1),
(72, 15, 339, '5fe298a1c36e9.jpg', '2020-12-23 08:09:44', 1),
(73, 21, 892, '5fe298a7ce253.jpg', '2020-12-23 08:09:59', 1),
(74, 25, 339, '5fe298a1c36e9.jpg', '2020-12-23 08:10:03', 1),
(75, 21, 537, '5fe2986ad5f9d.jpg', '2020-12-23 08:10:15', 1),
(76, 2, 584, '5fe298ed6cf78.jpg', '2020-12-23 08:10:22', 1),
(77, 9, 584, '5fe298ed6cf78.jpg', '2020-12-23 08:10:41', 1),
(78, 24, 584, '5fe298ed6cf78.jpg', '2020-12-23 08:11:02', 1),
(79, 2, 661, '5fe2995bdfeac.jpg', '2020-12-23 08:12:16', 1),
(80, 11, 661, '5fe2995bdfeac.jpg', '2020-12-23 08:12:32', 1),
(81, 24, 661, '5fe2995bdfeac.jpg', '2020-12-23 08:12:44', 1),
(82, 2, 424, '5fe299b8519e2.jpeg', '2020-12-23 08:13:39', 1),
(83, 7, 424, '5fe299b8519e2.jpeg', '2020-12-23 08:13:51', 1),
(84, 12, 864, '5fe299671f899.jpeg', '2020-12-23 08:13:57', 1),
(85, 23, 424, '5fe299b8519e2.jpeg', '2020-12-23 08:14:00', 1),
(86, 22, 864, '5fe299671f899.jpeg', '2020-12-23 08:15:00', 1),
(87, 2, 341, '5fe29a1f5fe79.jpeg', '2020-12-23 08:15:32', 1),
(88, 8, 341, '5fe29a1f5fe79.jpeg', '2020-12-23 08:15:54', 1),
(89, 23, 341, '5fe29a1f5fe79.jpeg', '2020-12-23 08:16:09', 1),
(90, 1, 864, '5fe299671f899.jpeg', '2020-12-23 08:17:27', 1),
(91, 1, 963, '5fe29ab9c64dc.jpeg', '2020-12-23 08:17:55', 1),
(92, 1, 396, '5fe29a71a429e.jpg', '2020-12-23 08:18:04', 1),
(93, 12, 963, '5fe29ab9c64dc.jpeg', '2020-12-23 08:18:06', 1),
(94, 17, 396, '5fe29a71a429e.jpg', '2020-12-23 08:18:14', 1),
(95, 2, 698, '5fe29abdd3e01.jpg', '2020-12-23 08:18:19', 1),
(96, 25, 396, '5fe29a71a429e.jpg', '2020-12-23 08:18:22', 1),
(97, 21, 963, '5fe29ab9c64dc.jpeg', '2020-12-23 08:18:34', 1),
(98, 4, 698, '5fe29abdd3e01.jpg', '2020-12-23 08:18:42', 1),
(99, 2, 906, '5fe29af38eee9.jpg', '2020-12-23 08:18:59', 1),
(100, 22, 698, '5fe29abdd3e01.jpg', '2020-12-23 08:19:05', 1),
(101, 2, 576, '5fe29af083bca.jpeg', '2020-12-23 08:19:18', 1),
(102, 5, 906, '5fe29af38eee9.jpg', '2020-12-23 08:19:22', 1),
(103, 21, 906, '5fe29af38eee9.jpg', '2020-12-23 08:19:55', 1),
(104, 1, 363, '5fe29b0fb7166.jpeg', '2020-12-23 08:19:59', 1),
(105, 10, 576, '5fe29af083bca.jpeg', '2020-12-23 08:20:11', 1),
(106, 16, 363, '5fe29b0fb7166.jpeg', '2020-12-23 08:20:27', 1),
(107, 24, 576, '5fe29af083bca.jpeg', '2020-12-23 08:20:35', 1),
(108, 25, 363, '5fe29b0fb7166.jpeg', '2020-12-23 08:20:49', 1),
(109, 2, 755, '5fe29b6e15269.jpeg', '2020-12-23 08:21:02', 1),
(110, 11, 755, '5fe29b6e15269.jpeg', '2020-12-23 08:21:42', 1),
(111, 4, 701, '5fe29bc252f4d.jpg', '2020-12-23 08:23:03', 1),
(112, 2, 700, '5fe29bce9b792.jpeg', '2020-12-23 08:23:08', 1),
(113, 22, 701, '5fe29bc252f4d.jpg', '2020-12-23 08:23:29', 1),
(114, 2, 889, '5fe29a93142ad.jpg', '2020-12-23 08:23:32', 1),
(115, 9, 700, '5fe29bce9b792.jpeg', '2020-12-23 08:23:33', 1),
(116, 2, 332, '5fe29c0c8b7b0.jpg', '2020-12-23 08:23:42', 1),
(117, 24, 700, '5fe29bce9b792.jpeg', '2020-12-23 08:23:46', 1),
(118, 7, 332, '5fe29c0c8b7b0.jpg', '2020-12-23 08:24:03', 1),
(119, 2, 792, '5fe29c2780972.jpeg', '2020-12-23 08:24:04', 1),
(120, 1, 701, '5fe29bc252f4d.jpg', '2020-12-23 08:24:11', 1),
(121, 23, 332, '5fe29c0c8b7b0.jpg', '2020-12-23 08:24:16', 1),
(122, 2, 909, '5fe29c1c263be.jpg', '2020-12-23 08:24:22', 1),
(123, 12, 889, '5fe29a93142ad.jpg', '2020-12-23 08:24:30', 1),
(124, 24, 755, '5fe29b6e15269.jpeg', '2020-12-23 08:24:33', 1),
(125, 7, 792, '5fe29c2780972.jpeg', '2020-12-23 08:24:35', 1),
(126, 2, 694, '5fe29c38df4a0.jpeg', '2020-12-23 08:24:59', 1),
(127, 24, 792, '5fe29c2780972.jpeg', '2020-12-23 08:25:05', 1),
(128, 24, 889, '5fe29a93142ad.jpg', '2020-12-23 08:25:16', 1),
(129, 2, 91, '5fe29c744b3c4.jpg', '2020-12-23 08:25:36', 1),
(130, 11, 694, '5fe29c38df4a0.jpeg', '2020-12-23 08:25:54', 1),
(131, 2, 349, '5fe29c9a70bbb.jpg', '2020-12-23 08:26:01', 1),
(132, 8, 91, '5fe29c744b3c4.jpg', '2020-12-23 08:26:15', 1),
(133, 7, 349, '5fe29c9a70bbb.jpg', '2020-12-23 08:26:17', 1),
(134, 24, 694, '5fe29c38df4a0.jpeg', '2020-12-23 08:26:26', 1),
(135, 23, 349, '5fe29c9a70bbb.jpg', '2020-12-23 08:26:30', 1),
(136, 23, 91, '5fe29c744b3c4.jpg', '2020-12-23 08:26:34', 1),
(137, 1, 1026, '5fe29ce85080f.jpg', '2020-12-23 08:27:19', 1),
(138, 10, 909, '5fe29c1c263be.jpg', '2020-12-23 08:27:37', 1),
(139, 1, 246, '5fe29d0829f72.jpg', '2020-12-23 08:28:19', 1),
(140, 24, 909, '5fe29c1c263be.jpg', '2020-12-23 08:28:27', 1),
(141, 13, 1026, '5fe29ce85080f.jpg', '2020-12-23 08:28:42', 1),
(142, 21, 1026, '5fe29ce85080f.jpg', '2020-12-23 08:29:05', 1),
(143, 2, 138, '5fe29d684ea19.jpg', '2020-12-23 08:29:59', 1),
(144, 8, 138, '5fe29d684ea19.jpg', '2020-12-23 08:30:31', 1),
(145, 24, 138, '5fe29d684ea19.jpg', '2020-12-23 08:30:47', 1),
(146, 1, 778, '5fe29e0a51750.jpg', '2020-12-23 08:32:09', 1),
(147, 5, 246, '5fe29d0829f72.jpg', '2020-12-23 08:32:11', 1),
(148, 5, 778, '5fe29e0a51750.jpg', '2020-12-23 08:32:19', 1),
(149, 21, 246, '5fe29d0829f72.jpg', '2020-12-23 08:32:20', 1),
(150, 22, 778, '5fe29e0a51750.jpg', '2020-12-23 08:32:34', 1),
(151, 2, 598, '5fe29e214092e.jpeg', '2020-12-23 08:32:39', 1),
(152, 10, 598, '5fe29e214092e.jpeg', '2020-12-23 08:33:24', 1),
(153, 1, 323, '5fe29e5f658ac.PNG', '2020-12-23 08:33:32', 1),
(154, 6, 821, '5fe29e519ca4c.jpg', '2020-12-23 08:33:34', 1),
(155, 24, 598, '5fe29e214092e.jpeg', '2020-12-23 08:33:44', 1),
(156, 21, 821, '5fe29e519ca4c.jpg', '2020-12-23 08:33:47', 1),
(157, 3, 323, '5fe29e5f658ac.PNG', '2020-12-23 08:33:52', 1),
(158, 1, 821, '5fe29e519ca4c.jpg', '2020-12-23 08:34:03', 1),
(159, 2, 580, '5fe29e6c95ff5.jpg', '2020-12-23 08:34:03', 1),
(160, 21, 323, '5fe29e5f658ac.PNG', '2020-12-23 08:34:04', 1),
(161, 2, 141, '5fe29e8ce02f5.jpg', '2020-12-23 08:34:35', 1),
(162, 2, 650, '5fe29ea54091f.jpg', '2020-12-23 08:34:45', 1),
(163, 9, 580, '5fe29e6c95ff5.jpg', '2020-12-23 08:34:47', 1),
(164, 24, 580, '5fe29e6c95ff5.jpg', '2020-12-23 08:35:05', 1),
(165, 11, 650, '5fe29ea54091f.jpg', '2020-12-23 08:35:06', 1),
(166, 24, 650, '5fe29ea54091f.jpg', '2020-12-23 08:35:22', 1),
(167, 2, 451, '5fe29ee5c72a8.jpg', '2020-12-23 08:35:40', 1),
(168, 7, 451, '5fe29ee5c72a8.jpg', '2020-12-23 08:36:12', 1),
(169, 23, 451, '5fe29ee5c72a8.jpg', '2020-12-23 08:36:26', 1),
(170, 3, 141, '5fe29e8ce02f5.jpg', '2020-12-23 08:36:31', 1),
(171, 23, 141, '5fe29e8ce02f5.jpg', '2020-12-23 08:37:19', 1),
(172, 2, 539, '5fe29f7d4c0d5.jpg', '2020-12-23 08:38:22', 1),
(173, 7, 539, '5fe29f7d4c0d5.jpg', '2020-12-23 08:38:44', 1),
(174, 23, 539, '5fe29f7d4c0d5.jpg', '2020-12-23 08:38:58', 1),
(175, 2, 381, '5fe2a087f106c.jpeg', '2020-12-23 08:42:56', 1),
(176, 8, 299, '5fe29e11013de.jpg', '2020-12-23 08:43:14', 1),
(177, 2, 299, '5fe29e11013de.jpg', '2020-12-23 08:43:27', 1),
(178, 2, 528, '5fe2a08cc7b80.jpg', '2020-12-23 08:44:03', 1),
(179, 23, 299, '5fe29e11013de.jpg', '2020-12-23 08:44:06', 1),
(180, 3, 381, '5fe2a087f106c.jpeg', '2020-12-23 08:44:57', 1),
(181, 7, 528, '5fe2a08cc7b80.jpg', '2020-12-23 08:45:29', 1),
(182, 9, 658, '5fe2a0fdc2521.jpg', '2020-12-23 08:46:01', 1),
(183, 24, 658, '5fe2a0fdc2521.jpg', '2020-12-23 08:46:30', 1),
(184, 1, 216, '5fe2a16353169.jpg', '2020-12-23 08:46:31', 1),
(185, 2, 199, '5fe2a1524585c.jpg', '2020-12-23 08:46:42', 1),
(186, 2, 658, '5fe2a0fdc2521.jpg', '2020-12-23 08:46:44', 1),
(187, 3, 216, '5fe2a16353169.jpg', '2020-12-23 08:46:59', 1),
(188, 8, 199, '5fe2a1524585c.jpg', '2020-12-23 08:47:07', 1),
(189, 22, 216, '5fe2a16353169.jpg', '2020-12-23 08:47:16', 1),
(190, 23, 199, '5fe2a1524585c.jpg', '2020-12-23 08:47:20', 1),
(191, 25, 381, '5fe2a087f106c.jpeg', '2020-12-23 08:49:42', 1),
(192, 1, 988, '5fe2a20c7363e.jpg', '2020-12-23 08:50:00', 1),
(193, 23, 528, '5fe2a08cc7b80.jpg', '2020-12-23 08:50:41', 1),
(194, 2, 604, '5fe2a26d33b69.jpeg', '2020-12-23 08:51:02', 1),
(195, 1, 1008, '5fe2a20c09e15.jpg', '2020-12-23 08:51:06', 1),
(196, 19, 988, '5fe2a20c7363e.jpg', '2020-12-23 08:51:22', 1),
(197, 4, 604, '5fe2a26d33b69.jpeg', '2020-12-23 08:51:29', 1),
(198, 19, 988, '5fe2a20c7363e.jpg', '2020-12-23 08:51:31', 1),
(199, 24, 604, '5fe2a26d33b69.jpeg', '2020-12-23 08:51:46', 1),
(200, 1, 441, '5fe2a2c5d7f02.jpeg', '2020-12-23 08:52:21', 1),
(201, 24, 988, '5fe2a20c7363e.jpg', '2020-12-23 08:52:24', 1),
(202, 18, 1008, '5fe2a20c09e15.jpg', '2020-12-23 08:52:37', 1),
(203, 3, 441, '5fe2a2c5d7f02.jpeg', '2020-12-23 08:52:43', 1),
(204, 2, 230, '5fe2a2e72ac3e.jpg', '2020-12-23 08:52:53', 1),
(205, 1, 965, '5fe2a2dedd9cd.jpg', '2020-12-23 08:52:55', 1),
(206, 21, 441, '5fe2a2c5d7f02.jpeg', '2020-12-23 08:52:57', 1),
(207, 8, 230, '5fe2a2e72ac3e.jpg', '2020-12-23 08:53:10', 1),
(208, 23, 230, '5fe2a2e72ac3e.jpg', '2020-12-23 08:53:19', 1),
(209, 19, 965, '5fe2a2dedd9cd.jpg', '2020-12-23 08:53:21', 1),
(210, 21, 1008, '5fe2a20c09e15.jpg', '2020-12-23 08:53:30', 1),
(211, 1, 948, '5fe2a2eb77f29.jpg', '2020-12-23 08:53:50', 1),
(212, 21, 965, '5fe2a2dedd9cd.jpg', '2020-12-23 08:53:57', 1),
(213, 2, 564, '5fe2a384aba41.jpg', '2020-12-23 08:55:44', 1),
(214, 21, 948, '5fe2a2eb77f29.jpg', '2020-12-23 08:56:23', 1),
(215, 9, 564, '5fe2a384aba41.jpg', '2020-12-23 08:56:27', 1),
(216, 1, 897, '5fe2a3ccd977c.jpg', '2020-12-23 08:56:45', 1),
(217, 24, 564, '5fe2a384aba41.jpg', '2020-12-23 08:56:49', 1),
(218, 2, 707, '5fe2a3c825498.jpg', '2020-12-23 08:56:50', 1),
(219, 6, 948, '5fe2a2eb77f29.jpg', '2020-12-23 08:56:52', 1),
(220, 20, 897, '5fe2a3ccd977c.jpg', '2020-12-23 08:56:59', 1),
(221, 21, 897, '5fe2a3ccd977c.jpg', '2020-12-23 08:57:13', 1),
(222, 2, 278, '5fe2a3da6a172.jpg', '2020-12-23 08:57:33', 1),
(223, 1, 440, '5fe2a409390be.jpg', '2020-12-23 08:57:54', 1),
(224, 11, 278, '5fe2a3da6a172.jpg', '2020-12-23 08:57:59', 1),
(225, 24, 278, '5fe2a3da6a172.jpg', '2020-12-23 08:58:12', 1),
(226, 16, 440, '5fe2a409390be.jpg', '2020-12-23 08:58:25', 1),
(227, 25, 440, '5fe2a409390be.jpg', '2020-12-23 08:58:49', 1),
(228, 1, 704, '5fe2a44f90fc3.jpg', '2020-12-23 08:58:52', 1),
(229, 15, 704, '5fe2a44f90fc3.jpg', '2020-12-23 08:59:36', 1),
(230, 25, 704, '5fe2a44f90fc3.jpg', '2020-12-23 08:59:49', 1),
(231, 1, 582, '5fe2a4a2e2cbf.jpg', '2020-12-23 09:00:12', 1),
(232, 2, 470, '5fe2a486f0211.jpg', '2020-12-23 09:00:15', 1),
(233, 5, 582, '5fe2a4a2e2cbf.jpg', '2020-12-23 09:00:24', 1),
(234, 2, 361, '5fe29f3f68c3b.jpeg', '2020-12-23 09:00:26', 1),
(235, 24, 582, '5fe2a4a2e2cbf.jpg', '2020-12-23 09:00:45', 1),
(236, 7, 470, '5fe2a486f0211.jpg', '2020-12-23 09:00:50', 1),
(237, 7, 361, '5fe29f3f68c3b.jpeg', '2020-12-23 09:00:53', 1),
(238, 23, 361, '5fe29f3f68c3b.jpeg', '2020-12-23 09:01:07', 1),
(239, 23, 470, '5fe2a486f0211.jpg', '2020-12-23 09:01:11', 1),
(240, 12, 854, '5fe2a4d8804a2.jpg', '2020-12-23 09:02:08', 1),
(241, 21, 854, '5fe2a4d8804a2.jpg', '2020-12-23 09:02:30', 1),
(242, 2, 422, '5fe2a5425e01a.jpeg', '2020-12-23 09:02:58', 1),
(243, 1, 854, '5fe2a4d8804a2.jpg', '2020-12-23 09:03:11', 1),
(244, 9, 707, '5fe2a3c825498.jpg', '2020-12-23 09:03:14', 1),
(245, 2, 588, '5fe2a552f07dc.jpg', '2020-12-23 09:03:16', 1),
(246, 2, 226, '5fe2a5670f2ac.jpg', '2020-12-23 09:03:35', 1),
(247, 4, 588, '5fe2a552f07dc.jpg', '2020-12-23 09:04:27', 1),
(248, 8, 226, '5fe2a5670f2ac.jpg', '2020-12-23 09:04:34', 1),
(249, 1, 557, '5fe2a56ae99f9.JPG', '2020-12-23 09:04:42', 1),
(250, 22, 588, '5fe2a552f07dc.jpg', '2020-12-23 09:04:48', 1),
(251, 2, 546, '5fe2a5f327029.JPG', '2020-12-23 09:06:14', 1),
(252, 22, 707, '5fe2a3c825498.jpg', '2020-12-23 09:06:20', 1),
(253, 7, 546, '5fe2a5f327029.JPG', '2020-12-23 09:06:31', 1),
(254, 23, 226, '5fe2a5670f2ac.jpg', '2020-12-23 09:06:32', 1),
(255, 5, 557, '5fe2a56ae99f9.JPG', '2020-12-23 09:06:33', 1),
(256, 23, 546, '5fe2a5f327029.JPG', '2020-12-23 09:06:48', 1),
(257, 7, 422, '5fe2a5425e01a.jpeg', '2020-12-23 09:06:57', 1),
(258, 22, 557, '5fe2a56ae99f9.JPG', '2020-12-23 09:07:57', 1),
(259, 1, 355, '5fe2a6708e67f.jpg', '2020-12-23 09:08:20', 1),
(260, 3, 355, '5fe2a6708e67f.jpg', '2020-12-23 09:08:52', 1),
(261, 21, 355, '5fe2a6708e67f.jpg', '2020-12-23 09:09:07', 1),
(262, 2, 790, '5fe2a6c9e9fcb.JPG', '2020-12-23 09:09:26', 1),
(263, 1, 832, '5fe2a6c594ae6.jpg', '2020-12-23 09:09:44', 1),
(264, 7, 790, '5fe2a6c9e9fcb.JPG', '2020-12-23 09:09:45', 1),
(265, 24, 790, '5fe2a6c9e9fcb.JPG', '2020-12-23 09:10:00', 1),
(266, 2, 667, '5fe2a6d7ea518.jpg', '2020-12-23 09:10:16', 1),
(267, 6, 832, '5fe2a6c594ae6.jpg', '2020-12-23 09:10:32', 1),
(268, 11, 667, '5fe2a6d7ea518.jpg', '2020-12-23 09:10:39', 1),
(269, 24, 667, '5fe2a6d7ea518.jpg', '2020-12-23 09:10:54', 1),
(270, 21, 832, '5fe2a6c594ae6.jpg', '2020-12-23 09:11:06', 1),
(271, 1, 531, '5fe2a70e9ae10.jpg', '2020-12-23 09:11:11', 1),
(272, 2, 768, '5fe2a70f1910b.jpeg', '2020-12-23 09:11:49', 1),
(273, 3, 531, '5fe2a70e9ae10.jpg', '2020-12-23 09:12:04', 1),
(274, 1, 356, '5fe2a75c58c0a.jpg', '2020-12-23 09:12:17', 1),
(275, 21, 531, '5fe2a70e9ae10.jpg', '2020-12-23 09:12:22', 1),
(276, 9, 768, '5fe2a70f1910b.jpeg', '2020-12-23 09:12:47', 1),
(277, 16, 356, '5fe2a75c58c0a.jpg', '2020-12-23 09:13:07', 1),
(278, 24, 768, '5fe2a70f1910b.jpeg', '2020-12-23 09:13:10', 1),
(279, 2, 261, '5fe2a7bad9fa7.jpeg', '2020-12-23 09:13:30', 1),
(280, 25, 356, '5fe2a75c58c0a.jpg', '2020-12-23 09:13:36', 1),
(281, 8, 261, '5fe2a7bad9fa7.jpeg', '2020-12-23 09:13:57', 1),
(282, 23, 422, '5fe2a5425e01a.jpeg', '2020-12-23 09:14:06', 1),
(283, 4, 688, '5fe2a7f37a7a2.jpg', '2020-12-23 09:14:35', 1),
(284, 23, 261, '5fe2a7bad9fa7.jpeg', '2020-12-23 09:14:38', 1),
(285, 1, 448, '5fe2a82ecd998.jpg', '2020-12-23 09:15:22', 1),
(286, 17, 448, '5fe2a82ecd998.jpg', '2020-12-23 09:15:43', 1),
(287, 25, 448, '5fe2a82ecd998.jpg', '2020-12-23 09:15:53', 1),
(288, 2, 465, '5fe2a7c461e6a.jpeg', '2020-12-23 09:16:23', 1),
(289, 7, 465, '5fe2a7c461e6a.jpeg', '2020-12-23 09:17:02', 1),
(290, 1, 978, '5fe2a8a1889ab.JPG', '2020-12-23 09:17:27', 1),
(291, 23, 465, '5fe2a7c461e6a.jpeg', '2020-12-23 09:17:31', 1),
(292, 6, 978, '5fe2a8a1889ab.JPG', '2020-12-23 09:18:09', 1),
(293, 1, 489, '5fe2a8d332a56.jpg', '2020-12-23 09:18:16', 1),
(294, 21, 978, '5fe2a8a1889ab.JPG', '2020-12-23 09:18:28', 1),
(295, 2, 800, '5fe2a8e8cfff2.jpg', '2020-12-23 09:18:32', 1),
(296, 3, 489, '5fe2a8d332a56.jpg', '2020-12-23 09:18:34', 1),
(297, 21, 489, '5fe2a8d332a56.jpg', '2020-12-23 09:18:46', 1),
(298, 2, 976, '5fe2a90ca89ed.jpg', '2020-12-23 09:19:18', 1),
(299, 1, 388, '5fe2a91c5b141.jpg', '2020-12-23 09:19:30', 1),
(300, 24, 182, '5fe2a916145f1.jpg', '2020-12-23 09:19:33', 1),
(301, 12, 976, '5fe2a90ca89ed.jpg', '2020-12-23 09:19:45', 1),
(302, 23, 976, '5fe2a90ca89ed.jpg', '2020-12-23 09:19:57', 1),
(303, 16, 388, '5fe2a91c5b141.jpg', '2020-12-23 09:20:01', 1),
(304, 9, 800, '5fe2a8e8cfff2.jpg', '2020-12-23 09:20:18', 1),
(305, 25, 388, '5fe2a91c5b141.jpg', '2020-12-23 09:20:29', 1),
(306, 11, 182, '5fe2a916145f1.jpg', '2020-12-23 09:21:04', 1),
(307, 24, 800, '5fe2a8e8cfff2.jpg', '2020-12-23 09:21:29', 1),
(308, 2, 182, '5fe2a916145f1.jpg', '2020-12-23 09:22:00', 1),
(309, 1, 843, '5fe2aa12a505e.jpg', '2020-12-23 09:23:41', 1),
(310, 21, 843, '5fe2aa12a505e.jpg', '2020-12-23 09:24:05', 1),
(311, 19, 843, '5fe2aa12a505e.jpg', '2020-12-23 09:24:36', 1),
(312, 2, 353, '5fe2aab131beb.jpg', '2020-12-23 09:26:18', 1),
(313, 1, 109, '5fe2aad9d9e59.jpg', '2020-12-23 09:26:48', 1),
(314, 2, 780, '5fe2aadab28b0.jpg', '2020-12-23 09:26:51', 1),
(315, 3, 109, '5fe2aad9d9e59.jpg', '2020-12-23 09:27:05', 1),
(316, 5, 780, '5fe2aadab28b0.jpg', '2020-12-23 09:27:07', 1),
(317, 1, 472, '5fe2aaf8cf7ca.jpg', '2020-12-23 09:27:15', 1),
(318, 22, 109, '5fe2aad9d9e59.jpg', '2020-12-23 09:27:22', 1),
(319, 24, 780, '5fe2aadab28b0.jpg', '2020-12-23 09:27:45', 1),
(320, 4, 472, '5fe2aaf8cf7ca.jpg', '2020-12-23 09:28:13', 1),
(321, 1, 587, '5fe2ab38bae44.jpg', '2020-12-23 09:28:20', 1),
(322, 22, 472, '5fe2aaf8cf7ca.jpg', '2020-12-23 09:28:24', 1),
(323, 1, 518, '5fe2ab4ed5faa.jpg', '2020-12-23 09:28:49', 1),
(324, 7, 353, '5fe2aab131beb.jpg', '2020-12-23 09:29:05', 1),
(325, 23, 353, '5fe2aab131beb.jpg', '2020-12-23 09:29:19', 1),
(326, 5, 587, '5fe2ab38bae44.jpg', '2020-12-23 09:29:21', 1),
(327, 22, 710, '5fe2ab83ed116.jpg', '2020-12-23 09:29:37', 1),
(328, 1, 552, '5fe2ab89d6b1f.jpg', '2020-12-23 09:29:40', 1),
(329, 5, 552, '5fe2ab89d6b1f.jpg', '2020-12-23 09:29:51', 1),
(330, 24, 587, '5fe2ab38bae44.jpg', '2020-12-23 09:29:55', 1),
(331, 4, 710, '5fe2ab83ed116.jpg', '2020-12-23 09:29:57', 1),
(332, 22, 552, '5fe2ab89d6b1f.jpg', '2020-12-23 09:30:02', 1),
(333, 1, 710, '5fe2ab83ed116.jpg', '2020-12-23 09:30:14', 1),
(334, 3, 518, '5fe2ab4ed5faa.jpg', '2020-12-23 09:30:18', 1),
(335, 21, 518, '5fe2ab4ed5faa.jpg', '2020-12-23 09:30:34', 1),
(336, 2, 93, '5fe2abc6c119a.jpg', '2020-12-23 09:30:50', 1),
(337, 2, 541, '5fe2abd1616f2.jpg', '2020-12-23 09:30:54', 1),
(338, 11, 541, '5fe2abd1616f2.jpg', '2020-12-23 09:31:05', 1),
(339, 4, 93, '5fe2abc6c119a.jpg', '2020-12-23 09:31:18', 1),
(340, 1, 286, '5fe2abed5d0c5.jpeg', '2020-12-23 09:31:24', 1),
(341, 24, 541, '5fe2abd1616f2.jpg', '2020-12-23 09:31:29', 1),
(342, 22, 93, '5fe2abc6c119a.jpg', '2020-12-23 09:31:30', 1),
(343, 1, 1019, '5fe2ac0fec0b2.jpeg', '2020-12-23 09:32:22', 1),
(344, 4, 286, '5fe2abed5d0c5.jpeg', '2020-12-23 09:32:24', 1),
(345, 22, 286, '5fe2abed5d0c5.jpeg', '2020-12-23 09:32:48', 1),
(346, 19, 1019, '5fe2ac0fec0b2.jpeg', '2020-12-23 09:32:48', 1),
(347, 22, 1019, '5fe2ac0fec0b2.jpeg', '2020-12-23 09:33:23', 1),
(348, 2, 562, '5fe2ac6a1bdb9.jpg', '2020-12-23 09:33:52', 1),
(349, 2, 785, '5fe2ac8c80607.jpg', '2020-12-23 09:34:08', 1),
(350, 1, 405, '5fe2aca57f5ee.jpeg', '2020-12-23 09:34:21', 1),
(351, 4, 562, '5fe2ac6a1bdb9.jpg', '2020-12-23 09:34:26', 1),
(352, 17, 405, '5fe2aca57f5ee.jpeg', '2020-12-23 09:34:34', 1),
(353, 22, 562, '5fe2ac6a1bdb9.jpg', '2020-12-23 09:34:42', 1),
(354, 2, 126, '5fe2ac9b9651e.jpeg', '2020-12-23 09:34:45', 1),
(355, 22, 405, '5fe2aca57f5ee.jpeg', '2020-12-23 09:34:46', 1),
(356, 1, 71, '5fe2acbe30001.jpg', '2020-12-23 09:34:49', 1),
(357, 2, 139, '5fe2acd1edee5.jpg', '2020-12-23 09:35:14', 1),
(358, 4, 71, '5fe2acbe30001.jpg', '2020-12-23 09:35:23', 1),
(359, 11, 139, '5fe2acd1edee5.jpg', '2020-12-23 09:35:39', 1),
(360, 11, 785, '5fe2ac8c80607.jpg', '2020-12-23 09:35:42', 1),
(361, 22, 71, '5fe2acbe30001.jpg', '2020-12-23 09:35:44', 1),
(362, 8, 126, '5fe2ac9b9651e.jpeg', '2020-12-23 09:35:55', 1),
(363, 24, 139, '5fe2acd1edee5.jpg', '2020-12-23 09:35:58', 1),
(364, 24, 785, '5fe2ac8c80607.jpg', '2020-12-23 09:36:16', 1),
(365, 23, 126, '5fe2ac9b9651e.jpeg', '2020-12-23 09:36:29', 1),
(366, 2, 506, '5fe2acd8c9c4f.jpg', '2020-12-23 09:36:41', 1),
(367, 2, 680, '5fe2ad7c8162e.JPG', '2020-12-23 09:38:03', 1),
(368, 2, 573, '5fe2ad824f1b6.jpg', '2020-12-23 09:38:09', 1),
(369, 3, 506, '5fe2acd8c9c4f.jpg', '2020-12-23 09:38:09', 1),
(370, 23, 506, '5fe2acd8c9c4f.jpg', '2020-12-23 09:38:21', 1),
(371, 6, 680, '5fe2ad7c8162e.JPG', '2020-12-23 09:38:24', 1),
(372, 1, 338, '5fe27e4578a8d.jpg', '2020-12-23 09:38:32', 1),
(373, 3, 338, '5fe27e4578a8d.jpg', '2020-12-23 09:38:40', 1),
(374, 21, 680, '5fe2ad7c8162e.JPG', '2020-12-23 09:38:46', 1),
(375, 25, 338, '5fe27e4578a8d.jpg', '2020-12-23 09:38:49', 1),
(376, 1, 953, '5fe2adc680f62.jpg', '2020-12-23 09:39:15', 1),
(377, 6, 953, '5fe2adc680f62.jpg', '2020-12-23 09:39:26', 1),
(378, 24, 659, '5fe2ad4ee7abf.jpeg', '2020-12-23 09:39:27', 1),
(379, 9, 573, '5fe2ad824f1b6.jpg', '2020-12-23 09:39:30', 1),
(380, 2, 501, '5fe2adb89f61c.jpg', '2020-12-23 09:39:42', 1),
(381, 24, 573, '5fe2ad824f1b6.jpg', '2020-12-23 09:39:49', 1),
(382, 22, 953, '5fe2adc680f62.jpg', '2020-12-23 09:39:57', 1),
(383, 13, 501, '5fe2adb89f61c.jpg', '2020-12-23 09:40:02', 1),
(384, 23, 501, '5fe2adb89f61c.jpg', '2020-12-23 09:40:17', 1),
(385, 2, 626, '5fe2ae0c4cf0a.jpg', '2020-12-23 09:40:23', 1),
(386, 2, 563, '5fe2ae15b09d2.jpg', '2020-12-23 09:40:31', 1),
(387, 5, 659, '5fe2ad4ee7abf.jpeg', '2020-12-23 09:40:33', 1),
(388, 10, 626, '5fe2ae0c4cf0a.jpg', '2020-12-23 09:40:37', 1),
(389, 24, 626, '5fe2ae0c4cf0a.jpg', '2020-12-23 09:40:45', 1),
(390, 1, 659, '5fe2ad4ee7abf.jpeg', '2020-12-23 09:40:45', 1),
(391, 4, 563, '5fe2ae15b09d2.jpg', '2020-12-23 09:40:55', 1),
(392, 1, 434, '5fe2ae2271367.jpg', '2020-12-23 09:41:09', 1),
(393, 17, 434, '5fe2ae2271367.jpg', '2020-12-23 09:42:03', 1),
(394, 24, 563, '5fe2ae15b09d2.jpg', '2020-12-23 09:42:06', 1),
(395, 1, 170, '5fe2ae7ab72bf.jpg', '2020-12-23 09:42:17', 1),
(396, 25, 434, '5fe2ae2271367.jpg', '2020-12-23 09:42:21', 1),
(397, 2, 527, '5fe2ae8786241.jpeg', '2020-12-23 09:42:24', 1),
(398, 11, 527, '5fe2ae8786241.jpeg', '2020-12-23 09:42:38', 1),
(399, 5, 170, '5fe2ae7ab72bf.jpg', '2020-12-23 09:42:38', 1),
(400, 23, 527, '5fe2ae8786241.jpeg', '2020-12-23 09:42:54', 1),
(401, 25, 170, '5fe2ae7ab72bf.jpg', '2020-12-23 09:43:07', 1),
(402, 2, 782, '5fe2aea5b3f99.jpg', '2020-12-23 09:43:19', 1),
(403, 2, 322, '5fe2ae7df2859.jpg', '2020-12-23 09:43:24', 1),
(404, 1, 143, '5fe2aebdf4101.jpeg', '2020-12-23 09:43:26', 1),
(405, 4, 143, '5fe2aebdf4101.jpeg', '2020-12-23 09:43:41', 1),
(406, 21, 143, '5fe2aebdf4101.jpeg', '2020-12-23 09:44:05', 1),
(407, 2, 627, '5fe2aed560bf4.jpg', '2020-12-23 09:44:07', 1),
(408, 2, 520, '5fe2aeebd7992.jpg', '2020-12-23 09:44:10', 1),
(409, 11, 782, '5fe2aea5b3f99.jpg', '2020-12-23 09:44:27', 1),
(410, 4, 627, '5fe2aed560bf4.jpg', '2020-12-23 09:44:36', 1),
(411, 22, 627, '5fe2aed560bf4.jpg', '2020-12-23 09:45:06', 1),
(412, 24, 782, '5fe2aea5b3f99.jpg', '2020-12-23 09:45:08', 1),
(413, 1, 102, '5fe2af2623a3d.jpg', '2020-12-23 09:45:15', 1),
(414, 2, 387, '5fe2af43ec3c6.jpg', '2020-12-23 09:45:41', 1),
(415, 3, 102, '5fe2af2623a3d.jpg', '2020-12-23 09:45:59', 1),
(416, 21, 102, '5fe2af2623a3d.jpg', '2020-12-23 09:46:15', 1),
(417, 1, 640, '5fe2aee7bc9e8.jpg', '2020-12-23 09:46:21', 1),
(418, 3, 387, '5fe2af43ec3c6.jpg', '2020-12-23 09:46:23', 1),
(419, 4, 640, '5fe2aee7bc9e8.jpg', '2020-12-23 09:46:34', 1),
(420, 21, 387, '5fe2af43ec3c6.jpg', '2020-12-23 09:46:41', 1),
(421, 24, 640, '5fe2aee7bc9e8.jpg', '2020-12-23 09:46:49', 1),
(422, 2, 709, '5fe2ac23cff06.jpg', '2020-12-23 09:47:15', 1),
(423, 2, 461, '5fe2af8ed68ad.jpg', '2020-12-23 09:47:38', 1),
(424, 1, 827, '5fe2afbf87cb8.jpg', '2020-12-23 09:47:52', 1),
(425, 11, 322, '5fe2ae7df2859.jpg', '2020-12-23 09:47:55', 1),
(426, 2, 502, '5fe2afd526c20.jpeg', '2020-12-23 09:48:04', 1),
(427, 23, 322, '5fe2ae7df2859.jpg', '2020-12-23 09:48:08', 1),
(428, 19, 827, '5fe2afbf87cb8.jpg', '2020-12-23 09:48:23', 1),
(429, 7, 461, '5fe2af8ed68ad.jpg', '2020-12-23 09:48:34', 1),
(430, 21, 827, '5fe2afbf87cb8.jpg', '2020-12-23 09:48:47', 1),
(431, 23, 461, '5fe2af8ed68ad.jpg', '2020-12-23 09:48:52', 1),
(432, 8, 502, '5fe2afd526c20.jpeg', '2020-12-23 09:49:19', 1),
(433, 23, 502, '5fe2afd526c20.jpeg', '2020-12-23 09:49:45', 1),
(434, 1, 532, '5fe2aff9e26b8.jpg', '2020-12-23 09:49:54', 1),
(435, 7, 520, '5fe2aeebd7992.jpg', '2020-12-23 09:50:04', 1),
(436, 24, 520, '5fe2aeebd7992.jpg', '2020-12-23 09:50:38', 1),
(437, 1, 1017, '5fe2b07c6df9d.jpeg', '2020-12-23 09:50:53', 1),
(438, 2, 543, '5fe2b09402acc.jpg', '2020-12-23 09:51:15', 1),
(439, 19, 1017, '5fe2b07c6df9d.jpeg', '2020-12-23 09:51:23', 1),
(440, 22, 1017, '5fe2b07c6df9d.jpeg', '2020-12-23 09:51:45', 1),
(441, 7, 543, '5fe2b09402acc.jpg', '2020-12-23 09:52:00', 1),
(442, 23, 543, '5fe2b09402acc.jpg', '2020-12-23 09:52:14', 1),
(443, 11, 709, '5fe2ac23cff06.jpg', '2020-12-23 09:52:27', 1),
(444, 1, 1007, '5fe2b0e36bbbd.jpg', '2020-12-23 09:52:34', 1),
(445, 24, 709, '5fe2ac23cff06.jpg', '2020-12-23 09:52:43', 1),
(446, 19, 1007, '5fe2b0e36bbbd.jpg', '2020-12-23 09:53:19', 1),
(447, 1, 681, '5fe2b0d41e673.jpeg', '2020-12-23 09:53:23', 1),
(448, 21, 1007, '5fe2b0e36bbbd.jpg', '2020-12-23 09:53:36', 1),
(449, 5, 681, '5fe2b0d41e673.jpeg', '2020-12-23 09:53:36', 1),
(450, 22, 681, '5fe2b0d41e673.jpeg', '2020-12-23 09:53:47', 1),
(451, 1, 702, '5fe2b139d1d6a.jpg', '2020-12-23 09:53:56', 1),
(452, 1, 84, '5fe2b147cbe02.jpg', '2020-12-23 09:54:13', 1),
(453, 4, 702, '5fe2b139d1d6a.jpg', '2020-12-23 09:54:30', 1),
(454, 3, 84, '5fe2b147cbe02.jpg', '2020-12-23 09:54:37', 1),
(455, 24, 702, '5fe2b139d1d6a.jpg', '2020-12-23 09:54:39', 1),
(456, 21, 84, '5fe2b147cbe02.jpg', '2020-12-23 09:54:55', 1),
(457, 1, 368, '5fe2b16237c15.jpeg', '2020-12-23 09:55:01', 1),
(458, 3, 532, '5fe2aff9e26b8.jpg', '2020-12-23 09:55:25', 1),
(459, 2, 401, '5fe2b02c1bf5e.jpg', '2020-12-23 09:55:46', 1),
(460, 15, 368, '5fe2b16237c15.jpeg', '2020-12-23 09:55:56', 1),
(461, 25, 368, '5fe2b16237c15.jpeg', '2020-12-23 09:56:12', 1),
(462, 7, 401, '5fe2b02c1bf5e.jpg', '2020-12-23 09:56:29', 1),
(463, 23, 401, '5fe2b02c1bf5e.jpg', '2020-12-23 09:56:48', 1),
(464, 21, 532, '5fe2aff9e26b8.jpg', '2020-12-23 09:57:19', 1),
(465, 2, 222, '5fe2b1e040992.jpg', '2020-12-23 09:57:27', 1),
(466, 2, 371, '5fe2b1f84ad97.jpg', '2020-12-23 09:58:01', 1),
(467, 2, 505, '5fe2b221dfa7b.jpg', '2020-12-23 09:58:10', 1),
(468, 1, 148, '5fe2b2371a354.jpg', '2020-12-23 09:58:11', 1),
(469, 15, 222, '5fe2b1e040992.jpg', '2020-12-23 09:58:13', 1),
(470, 1, 159, '5fe2b2459be9b.jpg', '2020-12-23 09:58:24', 1),
(471, 2, 224, '5fe2b23055194.jpg', '2020-12-23 09:58:26', 1),
(472, 24, 222, '5fe2b1e040992.jpg', '2020-12-23 09:58:29', 1),
(473, 5, 148, '5fe2b2371a354.jpg', '2020-12-23 09:58:43', 1),
(474, 7, 371, '5fe2b1f84ad97.jpg', '2020-12-23 09:58:44', 1),
(475, 3, 159, '5fe2b2459be9b.jpg', '2020-12-23 09:58:44', 1),
(476, 7, 505, '5fe2b221dfa7b.jpg', '2020-12-23 09:58:50', 1),
(477, 2, 589, '5fe2b250ea56c.jpeg', '2020-12-23 09:58:51', 1),
(478, 11, 224, '5fe2b23055194.jpg', '2020-12-23 09:58:52', 1),
(479, 25, 148, '5fe2b2371a354.jpg', '2020-12-23 09:58:52', 1),
(480, 22, 159, '5fe2b2459be9b.jpg', '2020-12-23 09:59:00', 1),
(481, 23, 371, '5fe2b1f84ad97.jpg', '2020-12-23 09:59:04', 1),
(482, 23, 505, '5fe2b221dfa7b.jpg', '2020-12-23 09:59:04', 1),
(483, 11, 565, '5fe2b1fc5dafc.jpg', '2020-12-23 09:59:07', 1),
(484, 24, 224, '5fe2b23055194.jpg', '2020-12-23 09:59:13', 1),
(485, 11, 589, '5fe2b250ea56c.jpeg', '2020-12-23 09:59:18', 1),
(486, 22, 565, '5fe2b1fc5dafc.jpg', '2020-12-23 09:59:25', 1),
(487, 24, 589, '5fe2b250ea56c.jpeg', '2020-12-23 09:59:31', 1),
(488, 2, 685, '5fe2b280be729.jpg', '2020-12-23 09:59:33', 1),
(489, 2, 335, '5fe2b28bb4ef4.jpeg', '2020-12-23 09:59:54', 1),
(490, 11, 685, '5fe2b280be729.jpg', '2020-12-23 10:00:03', 1),
(491, 8, 335, '5fe2b28bb4ef4.jpeg', '2020-12-23 10:00:11', 1),
(492, 24, 685, '5fe2b280be729.jpg', '2020-12-23 10:00:23', 1),
(493, 2, 7, '5fe2b2329084b.jpg', '2020-12-23 10:00:27', 1),
(494, 24, 335, '5fe2b28bb4ef4.jpeg', '2020-12-23 10:00:35', 1),
(495, 1, 565, '5fe2b1fc5dafc.jpg', '2020-12-23 10:00:48', 1),
(496, 2, 223, '5fe2b2b2f0fe3.jpg', '2020-12-23 10:01:41', 1),
(497, 2, 74, '5fe2b2ff3a93f.jpg', '2020-12-23 10:01:43', 1),
(498, 3, 223, '5fe2b2b2f0fe3.jpg', '2020-12-23 10:01:56', 1),
(499, 26, 74, '5fe2b2ff3a93f.jpg', '2020-12-23 10:02:01', 1),
(500, 2, 544, '5fe2b31380745.jpg', '2020-12-23 10:02:05', 1),
(501, 21, 223, '5fe2b2b2f0fe3.jpg', '2020-12-23 10:02:10', 1),
(502, 25, 74, '5fe2b2ff3a93f.jpg', '2020-12-23 10:02:16', 1),
(503, 7, 544, '5fe2b31380745.jpg', '2020-12-23 10:02:23', 1),
(504, 12, 7, '5fe2b2329084b.jpg', '2020-12-23 10:02:29', 1),
(505, 23, 544, '5fe2b31380745.jpg', '2020-12-23 10:02:33', 1),
(506, 2, 629, '5fe2b33616e45.jpg', '2020-12-23 10:02:39', 1),
(507, 23, 7, '5fe2b2329084b.jpg', '2020-12-23 10:02:50', 1),
(508, 9, 629, '5fe2b33616e45.jpg', '2020-12-23 10:02:56', 1),
(509, 24, 629, '5fe2b33616e45.jpg', '2020-12-23 10:03:06', 1),
(510, 1, 253, '5fe2b359d0c26.jpg', '2020-12-23 10:03:14', 1),
(511, 3, 253, '5fe2b359d0c26.jpg', '2020-12-23 10:03:32', 1),
(512, 2, 431, '5fe2b33fc5145.jpg', '2020-12-23 10:03:38', 1),
(513, 21, 253, '5fe2b359d0c26.jpg', '2020-12-23 10:03:50', 1),
(514, 2, 290, '5fe2b2653cc9c.jpg', '2020-12-23 10:04:05', 1),
(515, 11, 290, '5fe2b2653cc9c.jpg', '2020-12-23 10:04:22', 1),
(516, 24, 290, '5fe2b2653cc9c.jpg', '2020-12-23 10:04:33', 1),
(517, 2, 566, '5fe2b3a3e19f5.jpg', '2020-12-23 10:04:56', 1),
(518, 4, 566, '5fe2b3a3e19f5.jpg', '2020-12-23 10:05:21', 1),
(519, 1, 507, '5fe2b3de46505.jpg', '2020-12-23 10:05:26', 1),
(520, 21, 566, '5fe2b3a3e19f5.jpg', '2020-12-23 10:05:45', 1),
(521, 16, 507, '5fe2b3de46505.jpg', '2020-12-23 10:05:48', 1),
(522, 21, 507, '5fe2b3de46505.jpg', '2020-12-23 10:06:06', 1),
(523, 1, 818, '5fe2b421d37ff.png', '2020-12-23 10:06:29', 1),
(524, 6, 818, '5fe2b421d37ff.png', '2020-12-23 10:07:10', 1),
(525, 2, 592, '5fe2b44d99f75.jpg', '2020-12-23 10:07:10', 1),
(526, 21, 818, '5fe2b421d37ff.png', '2020-12-23 10:07:31', 1),
(527, 9, 592, '5fe2b44d99f75.jpg', '2020-12-23 10:07:32', 1),
(528, 24, 592, '5fe2b44d99f75.jpg', '2020-12-23 10:07:55', 1),
(529, 26, 431, '5fe2b33fc5145.jpg', '2020-12-23 03:31:05', 1),
(530, 2, 596, '5fe2b4d8da188.jpg', '2020-12-23 10:09:35', 1),
(531, 2, 810, '5fe2b5001ce3a.jpeg', '2020-12-23 10:10:06', 1),
(532, 9, 596, '5fe2b4d8da188.jpg', '2020-12-23 10:10:19', 1),
(533, 23, 431, '5fe2b33fc5145.jpg', '2020-12-23 10:10:28', 1),
(534, 24, 596, '5fe2b4d8da188.jpg', '2020-12-23 10:10:38', 1),
(535, 2, 690, '5fe2b52ebd556.jpg', '2020-12-23 10:11:03', 1),
(536, 7, 810, '5fe2b5001ce3a.jpeg', '2020-12-23 10:11:07', 1),
(537, 10, 690, '5fe2b52ebd556.jpg', '2020-12-23 10:11:28', 1),
(538, 24, 690, '5fe2b52ebd556.jpg', '2020-12-23 10:12:08', 1),
(539, 23, 810, '5fe2b5001ce3a.jpeg', '2020-12-23 10:12:20', 1),
(540, 1, 37, '5fe2b5a09508c.jpg', '2020-12-23 10:12:43', 1),
(541, 3, 37, '5fe2b5a09508c.jpg', '2020-12-23 10:13:11', 1),
(542, 21, 37, '5fe2b5a09508c.jpg', '2020-12-23 10:13:24', 1),
(543, 2, 535, '5fe2b625d495b.jpg', '2020-12-23 10:14:57', 1),
(544, 2, 642, '5fe2b628821d3.jpeg', '2020-12-23 10:15:07', 1),
(545, 7, 535, '5fe2b625d495b.jpg', '2020-12-23 10:15:13', 1),
(546, 1, 1015, '5fe2b62ea8fcd.jpeg', '2020-12-23 10:15:16', 1),
(547, 23, 535, '5fe2b625d495b.jpg', '2020-12-23 10:15:24', 1),
(548, 10, 642, '5fe2b628821d3.jpeg', '2020-12-23 10:15:25', 1),
(549, 24, 642, '5fe2b628821d3.jpeg', '2020-12-23 10:15:34', 1),
(550, 20, 1015, '5fe2b62ea8fcd.jpeg', '2020-12-23 10:15:42', 1),
(551, 22, 1015, '5fe2b62ea8fcd.jpeg', '2020-12-23 10:16:00', 1),
(552, 1, 344, '5fe2b6b89335c.jpg', '2020-12-23 10:17:22', 1),
(553, 1, 207, '5fe2afdabc947.jpeg', '2020-12-23 10:17:24', 1),
(554, 16, 344, '5fe2b6b89335c.jpg', '2020-12-23 10:17:45', 1),
(555, 21, 344, '5fe2b6b89335c.jpg', '2020-12-23 10:18:03', 1),
(556, 23, 72, '5fe2b6b1c1624.jpg', '2020-12-23 10:18:14', 1),
(557, 8, 72, '5fe2b6b1c1624.jpg', '2020-12-23 10:18:37', 1),
(558, 2, 72, '5fe2b6b1c1624.jpg', '2020-12-23 10:18:57', 1),
(559, 1, 808, '5fe2b7454f606.jpg', '2020-12-23 10:19:45', 1),
(560, 2, 902, '5fe2b727bdd62.jpg', '2020-12-23 10:19:46', 1),
(561, 19, 808, '5fe2b7454f606.jpg', '2020-12-23 10:19:59', 1),
(562, 22, 808, '5fe2b7454f606.jpg', '2020-12-23 10:20:12', 1),
(563, 1, 646, '5fe2b2eb443f3.jpg', '2020-12-23 10:20:37', 1),
(564, 5, 646, '5fe2b2eb443f3.jpg', '2020-12-23 10:20:43', 1),
(565, 24, 646, '5fe2b2eb443f3.jpg', '2020-12-23 10:20:58', 1),
(566, 1, 615, '5fe2b795113a6.jpeg', '2020-12-23 10:21:09', 1),
(567, 12, 902, '5fe2b727bdd62.jpg', '2020-12-23 10:21:09', 1),
(568, 1, 491, '5fe2b7837b0e7.jpg', '2020-12-23 10:21:14', 1),
(569, 4, 615, '5fe2b795113a6.jpeg', '2020-12-23 10:21:22', 1),
(570, 23, 902, '5fe2b727bdd62.jpg', '2020-12-23 10:21:26', 1),
(571, 16, 491, '5fe2b7837b0e7.jpg', '2020-12-23 10:21:32', 1),
(572, 22, 615, '5fe2b795113a6.jpeg', '2020-12-23 10:21:38', 1),
(573, 25, 491, '5fe2b7837b0e7.jpg', '2020-12-23 10:21:45', 1),
(574, 1, 619, '5fe2b7e4d2380.jpg', '2020-12-23 10:22:22', 1),
(575, 16, 619, '5fe2b7e4d2380.jpg', '2020-12-23 10:22:39', 1),
(576, 25, 619, '5fe2b7e4d2380.jpg', '2020-12-23 10:22:48', 1),
(577, 2, 718, '5fe2b80ff2851.jpeg', '2020-12-23 10:23:07', 1),
(578, 10, 718, '5fe2b80ff2851.jpeg', '2020-12-23 10:23:21', 1),
(579, 24, 718, '5fe2b80ff2851.jpeg', '2020-12-23 10:23:30', 1),
(580, 2, 949, '5fe2b8237e321.jpg', '2020-12-23 10:24:02', 1),
(581, 1, 714, '5fe2b822bda30.jpg', '2020-12-23 10:24:08', 1),
(582, 1, 919, '5fe2b833ad148.jpeg', '2020-12-23 10:24:18', 1),
(583, 1, 880, '5fe2b87a7028c.jpg', '2020-12-23 10:24:53', 1),
(584, 18, 880, '5fe2b87a7028c.jpg', '2020-12-23 10:25:10', 1),
(585, 5, 714, '5fe2b822bda30.jpg', '2020-12-23 10:25:21', 1),
(586, 21, 880, '5fe2b87a7028c.jpg', '2020-12-23 10:25:23', 1),
(587, 25, 714, '5fe2b822bda30.jpg', '2020-12-23 10:25:41', 1),
(588, 3, 919, '5fe2b833ad148.jpeg', '2020-12-23 10:25:53', 1),
(589, 7, 949, '5fe2b8237e321.jpg', '2020-12-23 10:25:59', 1),
(590, 21, 919, '5fe2b833ad148.jpeg', '2020-12-23 10:26:10', 1),
(591, 2, 675, '5fe2b8c6baf26.jpeg', '2020-12-23 10:26:17', 1),
(592, 23, 949, '5fe2b8237e321.jpg', '2020-12-23 10:26:48', 1),
(593, 1, 964, '5fe2b8bfe23d3.jpeg', '2020-12-23 10:27:00', 1),
(594, 24, 675, '5fe2b8c6baf26.jpeg', '2020-12-23 10:27:11', 1),
(595, 2, 215, '5fe2b907d002e.jpg', '2020-12-23 10:27:22', 1),
(596, 2, 812, '5fe2b760bf4b2.jpeg', '2020-12-23 10:28:09', 1),
(597, 8, 215, '5fe2b907d002e.jpg', '2020-12-23 10:28:46', 1),
(598, 5, 964, '5fe2b8bfe23d3.jpeg', '2020-12-23 10:29:00', 1),
(599, 5, 812, '5fe2b760bf4b2.jpeg', '2020-12-23 10:29:03', 1),
(600, 1, 722, '5fe2b97c43bc1.jpg', '2020-12-23 10:29:08', 1),
(601, 23, 215, '5fe2b907d002e.jpg', '2020-12-23 10:29:08', 1),
(602, 2, 333, '5fe2b98aa08d6.jpeg', '2020-12-23 10:29:31', 1),
(603, 11, 722, '5fe2b97c43bc1.jpg', '2020-12-23 10:29:35', 1),
(604, 2, 325, '5fe2b98ee3607.jpg', '2020-12-23 10:29:39', 1),
(605, 23, 722, '5fe2b97c43bc1.jpg', '2020-12-23 10:29:49', 1),
(606, 4, 333, '5fe2b98aa08d6.jpeg', '2020-12-23 10:30:06', 1),
(607, 7, 325, '5fe2b98ee3607.jpg', '2020-12-23 10:30:16', 1),
(608, 23, 333, '5fe2b98aa08d6.jpeg', '2020-12-23 10:30:32', 1),
(609, 23, 325, '5fe2b98ee3607.jpg', '2020-12-23 10:30:37', 1),
(610, 2, 744, '5fe2b9bae438d.jpg', '2020-12-23 10:30:59', 1),
(611, 23, 964, '5fe2b8bfe23d3.jpeg', '2020-12-23 10:31:09', 1),
(612, 2, 375, '5fe2b9f2117b0.jpg', '2020-12-23 10:31:19', 1),
(613, 11, 744, '5fe2b9bae438d.jpg', '2020-12-23 10:31:21', 1),
(614, 23, 812, '5fe2b760bf4b2.jpeg', '2020-12-23 10:31:22', 1),
(615, 24, 744, '5fe2b9bae438d.jpg', '2020-12-23 10:31:37', 1),
(616, 7, 375, '5fe2b9f2117b0.jpg', '2020-12-23 10:31:38', 1),
(617, 23, 375, '5fe2b9f2117b0.jpg', '2020-12-23 10:31:50', 1),
(618, 2, 983, '5fe2ba79154d6.jpg', '2020-12-23 10:33:57', 1),
(619, 23, 499, '5fe2baa768712.jpg', '2020-12-23 10:35:12', 1),
(620, 4, 675, '5fe2b8c6baf26.jpeg', '2020-12-23 10:35:15', 1),
(621, 1, 439, '5fe2bada0082a.jpg', '2020-12-23 10:35:39', 1),
(622, 12, 499, '5fe2baa768712.jpg', '2020-12-23 10:35:48', 1),
(623, 3, 439, '5fe2bada0082a.jpg', '2020-12-23 10:36:12', 1),
(624, 2, 499, '5fe2baa768712.jpg', '2020-12-23 10:36:17', 1),
(625, 7, 983, '5fe2ba79154d6.jpg', '2020-12-23 10:36:19', 1),
(626, 25, 439, '5fe2bada0082a.jpg', '2020-12-23 10:36:32', 1),
(627, 1, 354, '5fe2bb3f9bbba.jpg', '2020-12-23 10:36:43', 1),
(628, 23, 327, '5fe2bb41a18be.jpeg', '2020-12-23 10:36:49', 1),
(629, 2, 585, '5fe2bb49d22ec.jpg', '2020-12-23 10:36:57', 1),
(630, 16, 354, '5fe2bb3f9bbba.jpg', '2020-12-23 10:36:58', 1),
(631, 21, 983, '5fe2ba79154d6.jpg', '2020-12-23 10:37:02', 1),
(632, 2, 635, '5fe2bb58449c6.jpeg', '2020-12-23 10:37:13', 1),
(633, 8, 327, '5fe2bb41a18be.jpeg', '2020-12-23 10:37:21', 1),
(634, 9, 585, '5fe2bb49d22ec.jpg', '2020-12-23 10:37:24', 1),
(635, 2, 574, '5fe2bb48b0a4e.jpg', '2020-12-23 10:37:24', 1),
(636, 25, 354, '5fe2bb3f9bbba.jpg', '2020-12-23 10:37:25', 1),
(637, 1, 508, '5fe2bb709e662.jpg', '2020-12-23 10:37:31', 1),
(638, 2, 327, '5fe2bb41a18be.jpeg', '2020-12-23 10:37:32', 1),
(639, 23, 370, '5fe2bb6cc0d43.jpeg', '2020-12-23 10:37:34', 1),
(640, 24, 585, '5fe2bb49d22ec.jpg', '2020-12-23 10:37:43', 1),
(641, 10, 635, '5fe2bb58449c6.jpeg', '2020-12-23 10:37:46', 1),
(642, 24, 635, '5fe2bb58449c6.jpeg', '2020-12-23 10:38:05', 1),
(643, 16, 508, '5fe2bb709e662.jpg', '2020-12-23 10:38:05', 1),
(644, 1, 402, '5fe2bb7f5533f.jpg', '2020-12-23 10:38:11', 1),
(645, 7, 370, '5fe2bb6cc0d43.jpeg', '2020-12-23 10:38:12', 1),
(646, 2, 609, '5fe2bb40697ce.jpg', '2020-12-23 10:38:23', 1),
(647, 9, 574, '5fe2bb48b0a4e.jpg', '2020-12-23 10:38:29', 1),
(648, 4, 402, '5fe2bb7f5533f.jpg', '2020-12-23 10:38:47', 1),
(649, 21, 508, '5fe2bb709e662.jpg', '2020-12-23 10:38:48', 1),
(650, 2, 370, '5fe2bb6cc0d43.jpeg', '2020-12-23 10:39:08', 1),
(651, 2, 643, '5fe2bbdb57c7d.jpg', '2020-12-23 10:39:16', 1),
(652, 9, 609, '5fe2bb40697ce.jpg', '2020-12-23 10:39:27', 1),
(653, 25, 402, '5fe2bb7f5533f.jpg', '2020-12-23 10:39:43', 1),
(654, 7, 643, '5fe2bbdb57c7d.jpg', '2020-12-23 10:39:55', 1),
(655, 24, 609, '5fe2bb40697ce.jpg', '2020-12-23 10:40:13', 1),
(656, 24, 574, '5fe2bb48b0a4e.jpg', '2020-12-23 10:40:14', 1),
(657, 2, 398, '5fe2bc10d4c10.jpg', '2020-12-23 10:40:18', 1),
(658, 24, 643, '5fe2bbdb57c7d.jpg', '2020-12-23 10:40:20', 1),
(659, 2, 397, '5fe2bc2036150.jpg', '2020-12-23 10:40:30', 1),
(660, 11, 398, '5fe2bc10d4c10.jpg', '2020-12-23 10:40:34', 1),
(661, 2, 214, '5fe2bb606a6ad.JPG', '2020-12-23 10:40:41', 1),
(662, 23, 398, '5fe2bc10d4c10.jpg', '2020-12-23 10:40:49', 1),
(663, 11, 397, '5fe2bc2036150.jpg', '2020-12-23 10:41:17', 1),
(664, 8, 214, '5fe2bb606a6ad.JPG', '2020-12-23 10:41:28', 1),
(665, 23, 397, '5fe2bc2036150.jpg', '2020-12-23 10:41:34', 1),
(666, 23, 214, '5fe2bb606a6ad.JPG', '2020-12-23 10:41:58', 1),
(667, 1, 345, '5fe2bc8c5ca38.jpg', '2020-12-23 10:42:24', 1),
(668, 2, 583, '5fe2bc90c472e.jpg', '2020-12-23 10:42:31', 1),
(669, 1, 476, '5fe2bc93dbd84.JPG', '2020-12-23 10:42:32', 1),
(670, 16, 345, '5fe2bc8c5ca38.jpg', '2020-12-23 10:42:39', 1),
(671, 25, 345, '5fe2bc8c5ca38.jpg', '2020-12-23 10:42:49', 1),
(672, 15, 476, '5fe2bc93dbd84.JPG', '2020-12-23 10:43:30', 1),
(673, 1, 331, '5fe2bcd5a521c.jpg', '2020-12-23 10:43:48', 1),
(674, 21, 476, '5fe2bc93dbd84.JPG', '2020-12-23 10:43:55', 1),
(675, 16, 331, '5fe2bcd5a521c.jpg', '2020-12-23 10:44:01', 1),
(676, 9, 583, '5fe2bc90c472e.jpg', '2020-12-23 10:44:14', 1),
(677, 25, 331, '5fe2bcd5a521c.jpg', '2020-12-23 10:44:16', 1),
(678, 4, 745, '5fe2bcd9b9afc.jpg', '2020-12-23 10:44:17', 1),
(679, 1, 534, '5fe2bd0013a22.jpeg', '2020-12-23 10:44:25', 1),
(680, 24, 583, '5fe2bc90c472e.jpg', '2020-12-23 10:44:30', 1),
(681, 24, 745, '5fe2bcd9b9afc.jpg', '2020-12-23 10:44:37', 1),
(682, 1, 886, '5fe2bd0754ff3.jpg', '2020-12-23 10:44:37', 1),
(683, 2, 613, '5fe2bd2422f9c.jpg', '2020-12-23 10:44:54', 1),
(684, 2, 603, '5fe2bd23ae82c.jpg', '2020-12-23 10:44:56', 1),
(685, 5, 886, '5fe2bd0754ff3.jpg', '2020-12-23 10:44:58', 1),
(686, 16, 534, '5fe2bd0013a22.jpeg', '2020-12-23 10:45:00', 1),
(687, 10, 613, '5fe2bd2422f9c.jpg', '2020-12-23 10:45:16', 1),
(688, 21, 886, '5fe2bd0754ff3.jpg', '2020-12-23 10:45:17', 1),
(689, 24, 613, '5fe2bd2422f9c.jpg', '2020-12-23 10:45:27', 1),
(690, 2, 579, '5fe2bd47bc173.jpeg', '2020-12-23 10:45:56', 1),
(691, 25, 534, '5fe2bd0013a22.jpeg', '2020-12-23 10:45:56', 1),
(692, 4, 603, '5fe2bd23ae82c.jpg', '2020-12-23 10:46:01', 1),
(693, 21, 603, '5fe2bd23ae82c.jpg', '2020-12-23 10:46:20', 1),
(694, 9, 579, '5fe2bd47bc173.jpeg', '2020-12-23 10:46:48', 1),
(695, 24, 579, '5fe2bd47bc173.jpeg', '2020-12-23 10:47:21', 1),
(696, 2, 765, '5fe2bdc9d5122.jpg', '2020-12-23 10:47:40', 1),
(697, 10, 765, '5fe2bdc9d5122.jpg', '2020-12-23 10:48:09', 1),
(698, 1, 614, '5fe2bde88ecb4.jpg', '2020-12-23 10:48:23', 1),
(699, 24, 765, '5fe2bdc9d5122.jpg', '2020-12-23 10:48:25', 1),
(700, 2, 951, '5fe2bdf194e61.jpg', '2020-12-23 10:48:39', 1),
(701, 13, 951, '5fe2bdf194e61.jpg', '2020-12-23 10:49:17', 1),
(702, 23, 319, '5fe2be14deec8.jpeg', '2020-12-23 10:49:20', 1),
(703, 4, 614, '5fe2bde88ecb4.jpg', '2020-12-23 10:49:21', 1),
(704, 24, 951, '5fe2bdf194e61.jpg', '2020-12-23 10:49:33', 1),
(705, 1, 979, '5fe2be43c7fdc.png', '2020-12-23 10:49:38', 1),
(706, 1, 205, '5fe2be4226070.jpeg', '2020-12-23 10:49:47', 1),
(707, 1, 746, '5fe2be4e2110c.jpeg', '2020-12-23 10:49:49', 1),
(708, 1, 862, '5fe2be5d99009.jpeg', '2020-12-23 10:50:06', 1),
(709, 12, 319, '5fe2be14deec8.jpeg', '2020-12-23 10:50:16', 1),
(710, 4, 746, '5fe2be4e2110c.jpeg', '2020-12-23 10:50:21', 1),
(711, 19, 979, '5fe2be43c7fdc.png', '2020-12-23 10:50:25', 1),
(712, 1, 941, '5fe2be74f0d3f.jpg', '2020-12-23 10:50:28', 1),
(713, 2, 319, '5fe2be14deec8.jpeg', '2020-12-23 10:50:50', 1),
(714, 12, 941, '5fe2be74f0d3f.jpg', '2020-12-23 10:50:51', 1),
(715, 22, 979, '5fe2be43c7fdc.png', '2020-12-23 10:50:54', 1),
(716, 2, 749, '5fe2be8798bc1.jpg', '2020-12-23 10:51:10', 1),
(717, 22, 205, '5fe2be4226070.jpeg', '2020-12-23 10:51:14', 1),
(718, 24, 941, '5fe2be74f0d3f.jpg', '2020-12-23 10:51:16', 1),
(719, 10, 749, '5fe2be8798bc1.jpg', '2020-12-23 10:51:35', 1),
(720, 11, 238, '5fe2beb1a0b6f.jpg', '2020-12-23 10:51:50', 1),
(721, 24, 749, '5fe2be8798bc1.jpg', '2020-12-23 10:51:53', 1),
(722, 2, 628, '5fe2be1eef22f.jpeg', '2020-12-23 10:52:01', 1),
(723, 24, 238, '5fe2beb1a0b6f.jpg', '2020-12-23 10:52:10', 1),
(724, 1, 1023, '5fe2beeeb0f71.jpg', '2020-12-23 10:52:27', 1),
(725, 2, 238, '5fe2beb1a0b6f.jpg', '2020-12-23 10:52:31', 1),
(726, 1, 686, '5fe2bef3781ad.jpeg', '2020-12-23 10:52:34', 1),
(727, 2, 852, '5fe2bef4950c8.JPG', '2020-12-23 10:52:47', 1),
(728, 6, 1023, '5fe2beeeb0f71.jpg', '2020-12-23 10:52:48', 1),
(729, 5, 852, '5fe2bef4950c8.JPG', '2020-12-23 10:53:03', 1),
(730, 22, 1023, '5fe2beeeb0f71.jpg', '2020-12-23 10:53:07', 1),
(731, 5, 205, '5fe2be4226070.jpeg', '2020-12-23 10:53:14', 1),
(732, 21, 852, '5fe2bef4950c8.JPG', '2020-12-23 10:53:34', 1),
(733, 19, 862, '5fe2be5d99009.jpeg', '2020-12-23 10:53:35', 1),
(734, 1, 716, '5fe2bef60d52c.jpeg', '2020-12-23 10:53:49', 1),
(735, 11, 628, '5fe2be1eef22f.jpeg', '2020-12-23 10:54:03', 1),
(736, 5, 764, '5fe2bf508ea84.jpg', '2020-12-23 10:54:04', 1),
(737, 5, 686, '5fe2bef3781ad.jpeg', '2020-12-23 10:54:12', 1),
(738, 22, 764, '5fe2bf508ea84.jpg', '2020-12-23 10:54:14', 1),
(739, 2, 292, '5fe2bde06c210.jpg', '2020-12-23 10:54:20', 1),
(740, 1, 764, '5fe2bf508ea84.jpg', '2020-12-23 10:54:23', 1),
(741, 24, 628, '5fe2be1eef22f.jpeg', '2020-12-23 10:55:10', 1),
(742, 9, 716, '5fe2bef60d52c.jpeg', '2020-12-23 10:55:20', 1),
(743, 17, 292, '5fe2bde06c210.jpg', '2020-12-23 10:55:21', 1),
(744, 1, 769, '5fe2becce4a51.jpg', '2020-12-23 10:55:38', 1),
(745, 1, 540, '5fe2bfaed1d93.jpg', '2020-12-23 10:55:42', 1),
(746, 24, 716, '5fe2bef60d52c.jpeg', '2020-12-23 10:55:42', 1),
(747, 24, 686, '5fe2bef3781ad.jpeg', '2020-12-23 10:56:11', 1),
(748, 4, 769, '5fe2becce4a51.jpg', '2020-12-23 10:56:17', 1),
(749, 16, 540, '5fe2bfaed1d93.jpg', '2020-12-23 10:56:19', 1),
(750, 2, 500, '5fe2bfd68348b.jpeg', '2020-12-23 10:56:22', 1),
(751, 25, 292, '5fe2bde06c210.jpg', '2020-12-23 10:56:34', 1),
(752, 3, 500, '5fe2bfd68348b.jpeg', '2020-12-23 10:56:41', 1),
(753, 25, 540, '5fe2bfaed1d93.jpg', '2020-12-23 10:56:41', 1),
(754, 24, 769, '5fe2becce4a51.jpg', '2020-12-23 10:56:46', 1),
(755, 21, 500, '5fe2bfd68348b.jpeg', '2020-12-23 10:56:52', 1),
(756, 1, 791, '5fe2bffe8187f.png', '2020-12-23 10:56:54', 1),
(757, 10, 791, '5fe2bffe8187f.png', '2020-12-23 10:57:05', 1),
(758, 21, 791, '5fe2bffe8187f.png', '2020-12-23 10:57:33', 1),
(759, 2, 385, '5fe2bf92643d6.jpg', '2020-12-23 10:57:37', 1),
(760, 19, 970, '5fe2c0027a6ac.jpg', '2020-12-23 10:57:42', 1),
(761, 22, 746, '5fe2be4e2110c.jpeg', '2020-12-23 10:57:47', 1),
(762, 2, 920, '5fe2c02c30143.jpg', '2020-12-23 10:58:03', 1),
(763, 1, 970, '5fe2c0027a6ac.jpg', '2020-12-23 10:58:13', 1),
(764, 4, 920, '5fe2c02c30143.jpg', '2020-12-23 10:58:23', 1),
(765, 21, 862, '5fe2be5d99009.jpeg', '2020-12-23 10:58:27', 1),
(766, 22, 970, '5fe2c0027a6ac.jpg', '2020-12-23 10:58:42', 1),
(767, 23, 920, '5fe2c02c30143.jpg', '2020-12-23 10:58:47', 1),
(768, 2, 449, '5fe2c08190c91.jpg', '2020-12-23 10:59:10', 1),
(769, 1, 669, '5fe2c093b2547.jpg', '2020-12-23 10:59:33', 1),
(770, 15, 449, '5fe2c08190c91.jpg', '2020-12-23 10:59:37', 1),
(771, 21, 449, '5fe2c08190c91.jpg', '2020-12-23 10:59:59', 1),
(772, 5, 669, '5fe2c093b2547.jpg', '2020-12-23 11:00:19', 1),
(773, 22, 669, '5fe2c093b2547.jpg', '2020-12-23 11:00:29', 1),
(774, 2, 981, '5fe2c091dfa80.jpg', '2020-12-23 11:00:35', 1),
(775, 2, 409, '5fe2c0f013393.jpg', '2020-12-23 11:01:10', 1),
(776, 23, 409, '5fe2c0f013393.jpg', '2020-12-23 11:01:42', 1),
(777, 4, 981, '5fe2c091dfa80.jpg', '2020-12-23 11:01:54', 1),
(778, 24, 981, '5fe2c091dfa80.jpg', '2020-12-23 11:02:12', 1),
(779, 1, 691, '5fe2c13866b0f.jpg', '2020-12-23 11:02:23', 1),
(780, 8, 409, '5fe2c0f013393.jpg', '2020-12-23 11:02:27', 1),
(781, 1, 372, '5fe2c151e0ac4.jpg', '2020-12-23 11:02:40', 1),
(782, 1, 860, '5fe2c14636bfa.jpg', '2020-12-23 11:02:52', 1),
(783, 3, 372, '5fe2c151e0ac4.jpg', '2020-12-23 11:02:53', 1),
(784, 25, 372, '5fe2c151e0ac4.jpg', '2020-12-23 11:03:10', 1),
(785, 23, 385, '5fe2bf92643d6.jpg', '2020-12-23 11:03:15', 1),
(786, 19, 860, '5fe2c14636bfa.jpg', '2020-12-23 11:03:24', 1),
(787, 2, 719, '5fe2c167b451b.jpg', '2020-12-23 11:03:41', 1),
(788, 2, 513, '5fe2c1ace2505.jpg', '2020-12-23 11:04:10', 1),
(789, 9, 691, '5fe2c13866b0f.jpg', '2020-12-23 11:04:30', 1),
(790, 9, 719, '5fe2c167b451b.jpg', '2020-12-23 11:04:31', 1),
(791, 22, 719, '5fe2c167b451b.jpg', '2020-12-23 11:04:51', 1),
(792, 15, 513, '5fe2c1ace2505.jpg', '2020-12-23 11:04:57', 1),
(793, 22, 691, '5fe2c13866b0f.jpg', '2020-12-23 11:05:01', 1),
(794, 21, 860, '5fe2c14636bfa.jpg', '2020-12-23 11:05:03', 1),
(795, 21, 513, '5fe2c1ace2505.jpg', '2020-12-23 11:05:32', 1),
(796, 2, 636, '5fe2c202d09bf.jpeg', '2020-12-23 11:05:38', 1),
(797, 4, 689, '5fe2c1949ec14.jpg', '2020-12-23 11:05:39', 1),
(798, 1, 689, '5fe2c1949ec14.jpg', '2020-12-23 11:05:59', 1),
(799, 8, 385, '5fe2bf92643d6.jpg', '2020-12-23 11:06:10', 1),
(800, 22, 689, '5fe2c1949ec14.jpg', '2020-12-23 11:06:21', 1),
(801, 1, 985, '5fe2c22a34518.jpg', '2020-12-23 11:06:22', 1),
(802, 9, 636, '5fe2c202d09bf.jpeg', '2020-12-23 11:06:23', 1),
(803, 23, 636, '5fe2c202d09bf.jpeg', '2020-12-23 11:06:50', 1),
(804, 4, 985, '5fe2c22a34518.jpg', '2020-12-23 11:07:19', 1),
(805, 24, 614, '5fe2bde88ecb4.jpg', '2020-12-23 11:07:22', 1),
(806, 2, 987, '5fe2c27a21ee1.jpeg', '2020-12-23 11:07:41', 1),
(807, 2, 914, '5fe2c29f765a7.jpg', '2020-12-23 11:08:19', 1),
(808, 12, 987, '5fe2c27a21ee1.jpeg', '2020-12-23 11:08:39', 1),
(809, 26, 914, '5fe2c29f765a7.jpg', '2020-12-23 11:08:40', 1),
(810, 23, 511, '5fe2c2b46176c.jpeg', '2020-12-23 11:08:43', 1),
(811, 2, 386, '5fe2c2ba471f6.jpeg', '2020-12-23 11:08:50', 1),
(812, 7, 511, '5fe2c2b46176c.jpeg', '2020-12-23 11:09:02', 1),
(813, 22, 914, '5fe2c29f765a7.jpg', '2020-12-23 11:09:05', 1),
(814, 2, 511, '5fe2c2b46176c.jpeg', '2020-12-23 11:09:18', 1),
(815, 23, 987, '5fe2c27a21ee1.jpeg', '2020-12-23 11:09:23', 1),
(816, 2, 570, '5fe2c3180b815.jpg', '2020-12-23 11:10:11', 1),
(817, 9, 570, '5fe2c3180b815.jpg', '2020-12-23 11:10:27', 1),
(818, 24, 570, '5fe2c3180b815.jpg', '2020-12-23 11:10:43', 1),
(819, 23, 386, '5fe2c2ba471f6.jpeg', '2020-12-23 11:10:46', 1),
(820, 8, 386, '5fe2c2ba471f6.jpeg', '2020-12-23 11:11:02', 1),
(821, 22, 985, '5fe2c22a34518.jpg', '2020-12-23 11:11:07', 1),
(822, 2, 928, '5fe2c37d5767c.jpeg', '2020-12-23 11:11:54', 1),
(823, 1, 438, '5fe2c3850505c.jpeg', '2020-12-23 11:11:57', 1);
INSERT INTO `election` (`election_id`, `candidate_id`, `voter_id`, `attachment`, `create_at`, `election_status`) VALUES
(824, 13, 928, '5fe2c37d5767c.jpeg', '2020-12-23 11:12:07', 1),
(825, 2, 693, '5fe2c2d36091c.jpg', '2020-12-23 11:12:08', 1),
(826, 24, 928, '5fe2c37d5767c.jpeg', '2020-12-23 11:12:22', 1),
(827, 2, 369, '5fe2c3a1dcd81.jpg', '2020-12-23 11:12:32', 1),
(828, 2, 623, '5fe2c3b29392b.jpg', '2020-12-23 11:12:47', 1),
(829, 1, 927, '5fe2c3b0bb995.jpeg', '2020-12-23 11:13:03', 1),
(830, 23, 369, '5fe2c3a1dcd81.jpg', '2020-12-23 11:13:11', 1),
(831, 9, 623, '5fe2c3b29392b.jpg', '2020-12-23 11:13:18', 1),
(832, 24, 660, '5fe2c3b6b7d48.jpg', '2020-12-23 11:13:19', 1),
(833, 6, 927, '5fe2c3b0bb995.jpeg', '2020-12-23 11:13:30', 1),
(834, 15, 369, '5fe2c3a1dcd81.jpg', '2020-12-23 11:13:35', 1),
(835, 24, 623, '5fe2c3b29392b.jpg', '2020-12-23 11:13:37', 1),
(836, 2, 682, '5fe2c3e07ff1e.JPG', '2020-12-23 11:13:39', 1),
(837, 21, 927, '5fe2c3b0bb995.jpeg', '2020-12-23 11:13:51', 1),
(838, 21, 438, '5fe2c3850505c.jpeg', '2020-12-23 11:15:31', 1),
(839, 11, 682, '5fe2c3e07ff1e.JPG', '2020-12-23 11:15:37', 1),
(840, 4, 660, '5fe2c3b6b7d48.jpg', '2020-12-23 11:15:47', 1),
(841, 24, 682, '5fe2c3e07ff1e.JPG', '2020-12-23 11:15:49', 1),
(842, 1, 660, '5fe2c3b6b7d48.jpg', '2020-12-23 11:15:59', 1),
(843, 2, 644, '5fe2c4670101b.jpeg', '2020-12-23 11:16:08', 1),
(844, 1, 521, '5fe2c49563cd9.jpg', '2020-12-23 11:16:50', 1),
(845, 1, 917, '5fe2c48044b91.jpg', '2020-12-23 11:17:01', 1),
(846, 4, 644, '5fe2c4670101b.jpeg', '2020-12-23 11:18:11', 1),
(847, 6, 917, '5fe2c48044b91.jpg', '2020-12-23 11:18:23', 1),
(848, 8, 521, '5fe2c49563cd9.jpg', '2020-12-23 11:18:25', 1),
(849, 24, 644, '5fe2c4670101b.jpeg', '2020-12-23 11:18:27', 1);

-- --------------------------------------------------------

--
-- Table structure for table `member`
--

CREATE TABLE `member` (
  `member_id` int(11) NOT NULL,
  `candidate_id` int(11) NOT NULL,
  `party_id` int(11) NOT NULL
) ENGINE=InnoDB DEFAULT CHARSET=utf8mb4;

--
-- Dumping data for table `member`
--

INSERT INTO `member` (`member_id`, `candidate_id`, `party_id`) VALUES
(5, 3, 1),
(6, 4, 1),
(7, 5, 1),
(8, 6, 1),
(9, 7, 2),
(10, 8, 2),
(11, 9, 2),
(12, 10, 2),
(13, 11, 2),
(14, 12, 2),
(15, 13, 2),
(16, 14, 3),
(20, 18, 4),
(21, 19, 4),
(22, 20, 4),
(23, 21, 1),
(24, 22, 1),
(25, 23, 2),
(26, 24, 2),
(27, 25, 3),
(28, 15, 3),
(29, 16, 3),
(30, 17, 3),
(31, 26, 3),
(32, 1, 1),
(33, 1, 3),
(34, 1, 4),
(35, 2, 2);

-- --------------------------------------------------------

--
-- Table structure for table `party`
--

CREATE TABLE `party` (
  `party_id` int(11) NOT NULL,
  `name` varchar(255) DEFAULT NULL,
  `photo` varchar(255) DEFAULT NULL,
  `is_active` tinyint(1) DEFAULT NULL
) ENGINE=InnoDB DEFAULT CHARSET=utf8mb4;

--
-- Dumping data for table `party`
--

INSERT INTO `party` (`party_id`, `name`, `photo`, `is_active`) VALUES
(1, 'Partai Demokrasi Antar Mahasiswa', '5fe0198c613be.jpg', 1),
(2, 'Partai Kesatuan Aspirasi Mahasiswa', '5fe019b272e5e.jpg', 1),
(3, 'Partai Kebangkitan Pergerakan Mahasiswa', '5fe019cb7e8d3.jpg', 1),
(4, 'Partai Muda Bersatu', '5fe019fe76b04.jpg', 1);

-- --------------------------------------------------------

--
-- Stand-in structure for view `view_election`
-- (See below for the actual view)
--
CREATE TABLE `view_election` (
`election_id` int(11)
,`attachment` varchar(255)
,`create_at` timestamp
,`election_status` tinyint(1)
,`voter_id` int(11)
,`name` varchar(255)
,`email` varchar(255)
,`candidate_id` int(11)
,`voting_id` int(11)
);

-- --------------------------------------------------------

--
-- Stand-in structure for view `view_member`
-- (See below for the actual view)
--
CREATE TABLE `view_member` (
`member_id` int(11)
,`party_id` int(11)
,`party_name` varchar(255)
,`party_photo` varchar(255)
,`candidate_id` int(11)
,`voting_id` int(11)
,`candidate_name` varchar(255)
,`candidate_photo` varchar(255)
,`number` tinyint(3)
,`is_active` tinyint(1)
);

-- --------------------------------------------------------

--
-- Stand-in structure for view `view_recapitulation_candidate`
-- (See below for the actual view)
--
CREATE TABLE `view_recapitulation_candidate` (
`election_id` int(11)
,`candidate_id` int(11)
,`candidate_name` varchar(255)
,`election_total` bigint(21)
,`voting_id` int(11)
);

-- --------------------------------------------------------

--
-- Stand-in structure for view `view_recapitulation_candidate_sah`
-- (See below for the actual view)
--
CREATE TABLE `view_recapitulation_candidate_sah` (
`election_id` int(11)
,`candidate_id` int(11)
,`election_sah` bigint(21)
,`voting_id` int(11)
);

-- --------------------------------------------------------

--
-- Stand-in structure for view `view_recapitulation_candidate_tidak_sah`
-- (See below for the actual view)
--
CREATE TABLE `view_recapitulation_candidate_tidak_sah` (
`election_id` int(11)
,`candidate_id` int(11)
,`election_tidak_sah` bigint(21)
,`voting_id` int(11)
);

-- --------------------------------------------------------

--
-- Stand-in structure for view `view_recapitulation_party`
-- (See below for the actual view)
--
CREATE TABLE `view_recapitulation_party` (
`election_id` int(11)
,`candidate_id` int(11)
,`voting_id` int(11)
,`member_id` int(11)
,`party_id` int(11)
,`party_name` varchar(255)
,`party_photo` varchar(255)
,`election_total` bigint(21)
);

-- --------------------------------------------------------

--
-- Stand-in structure for view `view_recapitulation_party_sah`
-- (See below for the actual view)
--
CREATE TABLE `view_recapitulation_party_sah` (
`election_id` int(11)
,`candidate_id` int(11)
,`voting_id` int(11)
,`member_id` int(11)
,`party_id` int(11)
,`election_sah` bigint(21)
);

-- --------------------------------------------------------

--
-- Stand-in structure for view `view_recapitulation_party_tidak_sah`
-- (See below for the actual view)
--
CREATE TABLE `view_recapitulation_party_tidak_sah` (
`election_id` int(11)
,`candidate_id` int(11)
,`voting_id` int(11)
,`member_id` int(11)
,`party_id` int(11)
,`election_tidak_sah` bigint(21)
);

-- --------------------------------------------------------

--
-- Table structure for table `voter`
--

CREATE TABLE `voter` (
  `voter_id` int(11) NOT NULL,
  `name` varchar(255) NOT NULL,
  `email` varchar(255) NOT NULL,
  `password` varchar(60) NOT NULL,
  `attachment` varchar(255) NOT NULL,
  `send_status` tinyint(1) NOT NULL,
  `is_active` tinyint(1) NOT NULL DEFAULT '1'
) ENGINE=InnoDB DEFAULT CHARSET=utf8mb4;

--
-- Dumping data for table `voter`
--

INSERT INTO `voter` (`voter_id`, `name`, `email`, `password`, `attachment`, `send_status`, `is_active`) VALUES
(1, '', 'rendy.aditya.wahono-2014@fh.unair.ac.id', '', '', 1, 1),
(2, '', 'dhaniswara.setya.pratama-2014@fh.unair.ac.id', '', '', 1, 1),
(3, '', 'renzy.firnendya.prilihandini-2014@fh.unair.ac.id', '', '', 1, 1),
(4, '', 'darryl.maulana.junior-2014@fh.unair.ac.id', '', '', 1, 1),
(5, '', 'arum.fitrah.purboningrum-2014@fh.unair.ac.id', '', '', 1, 1),
(6, '', 'wahyu.arie.setiawan-2014@fh.unair.ac.id', '', '', 1, 1),
(7, 'Insan Maulana Furqon', 'insan.maulana.furqon-2014@fh.unair.ac.id', '$2y$10$F3R10TgmCXltkNuht.AW/uqX2vfOThR6Mft9nx3/O09r9IxIgmqg6', '5fe2b2329084b.jpg', 1, 1),
(8, '', 'satriagung.caesar.wijaya-2014@fh.unair.ac.id', '', '', 1, 1),
(9, '', 'farid.nur.rasyidi-2014@fh.unair.ac.id', '', '', 1, 1),
(10, '', 'samuel.partogi.m-2014@fh.unair.ac.id', '', '', 1, 1),
(11, '', 'suherman.saputra-2014@fh.unair.ac.id', '', '', 1, 1),
(12, '', 'luis.indarjaya-2014@fh.unair.ac.id', '', '', 1, 1),
(13, '', 'ivandita.satrio.h-2014@fh.unair.ac.id', '', '', 1, 1),
(14, 'Rizky Akhmad H.', 'rizky.akhmad.harhary-2015@fh.unair.ac.id', '$2y$10$NKSUHik27NvN36TZ7VRfZOlHi5auiopf7a2q1pcWeSXuqtABB8IAe', '', 1, 1),
(15, '', 'm.rusdiyansah-2015@fh.unair.ac.id', '', '', 1, 1),
(16, '', 'muchammad.rais.izzaturrachman-2015@fh.unair.ac.id', '', '', 1, 1),
(17, '', 'ari.riski.harianto-2015@fh.unair.ac.id', '', '', 1, 1),
(18, '', 'rahmat.harawan-2015@fh.unair.ac.id', '', '', 1, 1),
(19, '', 'grandnanda.revy.pratama-2015@fh.unair.ac.id', '', '', 1, 1),
(20, 'Widiananto nanda prasetya', 'widiananto.nanda.prasetya-2015@fh.unair.ac.id', '$2y$10$O.HJ6h45nrt3OuxYt3NasOHmNiQRXQwkdjF95l7HY44iptuTpp.i6', '', 1, 1),
(21, '', 'adyarga.satria.akbari-2015@fh.unair.ac.id', '', '', 1, 1),
(22, '', 'ahmad.hadi.wijaya-2015@fh.unair.ac.id', '', '', 1, 1),
(23, '', 'dewa.bagus.bagas-2015@fh.unair.ac.id', '', '', 1, 1),
(24, '', 'arviana.madella-2015@fh.unair.ac.id', '', '', 1, 1),
(25, '', 'nanda.lanang.s.y-2015@fh.unair.ac.id', '', '', 1, 1),
(26, '', 'tri.setyowati-2015@fh.unair.ac.id', '', '', 1, 1),
(27, '', 'bayu.fajar.satria-2015@fh.unair.ac.id', '', '', 1, 1),
(28, '', 'muhamad.reza.adjie-2015@fh.unair.ac.id', '', '', 1, 1),
(29, '', 'dewi.aisyah-2016@fh.unair.ac.id', '', '', 1, 1),
(30, '', 'nurul.al.fiani-2016@fh.unair.ac.id', '', '', 1, 1),
(31, '', 'vena.safira.adelita-2016@fh.unair.ac.id', '', '', 1, 1),
(32, '', 'wafa.yusdheaputra-2016@fh.unair.ac.id', '', '', 1, 1),
(33, '', 'riefani.rachman.fitrahamdy-2016@fh.unair.ac.id', '', '', 1, 1),
(34, '', 'putera.wahyu.reswara-2016@fh.unair.ac.id', '', '', 1, 1),
(35, '', 'viky.albaihaki.ahmad-2016@fh.unair.ac.id', '', '', 1, 1),
(36, '', 'rizky.hanan.atmapradipta-2016@fh.unair.ac.id', '', '', 1, 1),
(37, 'Yanuar Ika S', 'yanuar.ika.safitri-2016@fh.unair.ac.id', '$2y$10$kfjPHqlWbqZYeK9/TXDOFenhvVZgiVJzn8XxFiRyc7GU7maDRqPC2', '5fe2b5a09508c.jpg', 1, 1),
(38, '', 'alya.cahya.hapsari-2016@fh.unair.ac.id', '', '', 1, 1),
(39, '', 'bagus.ramadhan-2016@fh.unair.ac.id', '', '', 1, 1),
(40, '', 'claudio.aditya-2016@fh.unair.ac.id', '', '', 1, 1),
(41, '', 'ulfa.septian.dika-2016@fh.unair.ac.id', '', '', 1, 1),
(42, '', 'joko.kuncoro.adi-2016@fh.unair.ac.id', '', '', 1, 1),
(43, '', 'ananda.chrismond.e.p-2016@fh.unair.ac.id', '', '', 1, 1),
(44, '', 'galih.nicky.roby-2016@fh.unair.ac.id', '', '', 1, 1),
(45, '', 'asiefa.nur.haenza-2016@fh.unair.ac.id', '', '', 1, 1),
(46, '', 'renardi.alif.adianto-2016@fh.unair.ac.id', '', '', 1, 1),
(47, '', 'rizky.aditya.f-2016@fh.unair.ac.id', '', '', 1, 1),
(48, '', 'intan.letitia.nanda-2016@fh.unair.ac.id', '', '', 1, 1),
(49, '', 'nazhiif.imaaman-2016@fh.unair.ac.id', '', '', 1, 1),
(50, '', 'bagus.eka.sasmita-2016@fh.unair.ac.id', '', '', 1, 1),
(51, '', 'muhammad.rafie.firmansyah-2016@fh.unair.ac.id', '', '', 1, 1),
(52, '', 'irza.maulana-2016@fh.unair.ac.id', '', '', 1, 1),
(53, '', 'zerra.aisyah.yudipratiwi-2016@fh.unair.ac.id', '', '', 1, 1),
(54, '', 'muhammad.zata.mahardika-2016@fh.unair.ac.id', '', '', 1, 1),
(55, '', 'muhammad.fikri.kurniawan-2016@fh.unair.ac.id', '', '', 1, 1),
(56, '', 'shella.aqmadea.eshafia-2016@fh.unair.ac.id', '', '', 1, 1),
(57, '', 'abdul.wahid.rizky-2016@fh.unair.ac.id', '', '', 1, 1),
(58, '', 'ahmad.boma.gusnara-2016@fh.unair.ac.id', '', '', 1, 1),
(59, '', 'm.farakhan.maghriby.abdullah-2016@fh.unair.ac.id', '', '', 1, 1),
(60, '', 'kresna.aji.priyambodo-2016@fh.unair.ac.id', '', '', 1, 1),
(61, '', 'ramandhika.muhammad-2016@fh.unair.ac.id', '', '', 1, 1),
(62, '', 'moch.arif.bayu-2017@fh.unair.ac.id', '', '', 1, 1),
(63, '', 'elok.fauzia.dwi-2017@fh.unair.ac.id', '', '', 1, 1),
(64, 'Fauziah Ardina Putri', 'fauziah.ardina.putri-2017@fh.unair.ac.id', '$2y$10$eKxACJB2jVGlWrHA9QkJ9u8gSYcjeFNdxIXiD8DjmMzYcZx1DiAxm', '5fe2a916248a7.jpeg', 1, 1),
(65, '', 'mumtazul.muhaamin-2017@fh.unair.ac.id', '', '', 1, 1),
(66, '', 'terry.christy.prasetya-2017@fh.unair.ac.id', '', '', 1, 1),
(67, '', 'annisa.nurul.husna-2017@fh.unair.ac.id', '', '', 1, 1),
(68, '', 'arfie.rachman.widiatama-2017@fh.unair.ac.id', '', '', 1, 1),
(69, 'Evans Al Faridzi', 'evans.al.faridzi-2017@fh.unair.ac.id', '$2y$10$WyVpRTQf4xbs3VMSM2Inn.147XtgxKld2CPGwYJf8THV/uur.bYoS', '5fe29335c1859.jpg', 1, 1),
(70, '', 'annisa.puspitadelia-2017@fh.unair.ac.id', '', '', 1, 1),
(71, 'Saut Parsaulian Hutagalung', 'saut.parsaulian.hutagalung-2017@fh.unair.ac.id', '$2y$10$W4UdNY94U3gyQV5RCVMKp.eFMGOySHKPgBYvRXYhHW9tW.l1qWHOq', '5fe2acbe30001.jpg', 1, 1),
(72, 'Rafif Asyraf', 'rafif.asyraf-2017@fh.unair.ac.id', '$2y$10$Q2cVsPkF/hi9602fqmBtNu5Sx9tnxLp4hN0NjpRDAv7ehmAAwKIRe', '5fe2b6b1c1624.jpg', 1, 1),
(73, '', 'dimas.aditya.pranawa-2017@fh.unair.ac.id', '', '', 1, 1),
(74, 'Fida Aifiya Chusna ', 'fida.aifiya.chusna-2017@fh.unair.ac.id', '$2y$10$R1XhpegKAbe0LwiCtl0S5OLlcSh6GWr3Z3d6wxrFmQEitCGfoF5r2', '5fe2b2ff3a93f.jpg', 0, 1),
(75, '', 'annisa.gista.elfaza-2017@fh.unair.ac.id', '', '', 1, 1),
(76, '', 'aditya.dwiki.hernanda-2017@fh.unair.ac.id', '', '', 1, 1),
(77, 'Athaya Ulya A.D.S', 'athaya.ulya.azzahra-2017@fh.unair.ac.id', '$2y$10$z8u0TYvmjK4NSzovx5UbwOr.gVWsxKPdkcM6.plhxhdw2q9h4Er7G', '', 1, 1),
(78, '', 'putri.kinanthi.dhayaning-2017@fh.unair.ac.id', '', '', 1, 1),
(79, '', 'dinda.bhawika.w.p-2017@fh.unair.ac.id', '', '', 1, 1),
(80, 'Adiyatma Yusuf Satoto', 'adiyatma.yusuf.satoto-2017@fh.unair.ac.id', '$2y$10$CcmM3/bwlr4mXWVBtyVInu52LXo2qtBkFlgjlnqnkCvx4ME2kdoNy', '', 1, 1),
(81, '', 'veronica.cynthia.wibowo-2017@fh.unair.ac.id', '', '', 1, 1),
(82, '', 'nadila.manda.sari-2017@fh.unair.ac.id', '', '', 1, 1),
(83, '', 'ismi.aulia.wahyudi-2017@fh.unair.ac.id', '', '', 1, 1),
(84, 'NUR AFNI', 'nur.afni-2017@fh.unair.ac.id', '$2y$10$hP2CY0U57t0WKToA6wl36utvt95EBJJv28S2MANVO7tpNj8MDPyly', '5fe2b147cbe02.jpg', 1, 1),
(85, '', 'hafidh.fawwaidz-2017@fh.unair.ac.id', '', '', 1, 1),
(86, '', 'elvita.mustika.putri-2017@fh.unair.ac.id', '', '', 1, 1),
(87, '', 'claravia.adhyne-2017@fh.unair.ac.id', '', '', 1, 1),
(88, '', 'edwin.wira.adikusuma-2017@fh.unair.ac.id', '', '', 1, 1),
(89, '', 'nur.syamsi.tajriyani-2017@fh.unair.ac.id', '', '', 1, 1),
(90, '', 'vincentius.sutanto-2017@fh.unair.ac.id', '', '', 1, 1),
(91, 'Yuni Indri Astina', 'yuni.indri.astina-2017@fh.unair.ac.id', '$2y$10$7ALWZXI3mFIOOKNiVD6mlO1IVsWJVRs0vu9.cRkdId0vrth/GaKpq', '5fe29c744b3c4.jpg', 1, 1),
(92, '', 'ajeng.nur.fadila-2017@fh.unair.ac.id', '', '', 1, 1),
(93, 'Luh Made Khristianti Weda Tantri', 'luh.made.khristianti-2017@fh.unair.ac.id', '$2y$10$biA/PV2n3bBG01usyXK/yO1AAiNbm1m7Xg6rC6jBrKlvBQ5T7/Hwi', '5fe2abc6c119a.jpg', 1, 1),
(94, '', 'mustika.nugraheni-2017@fh.unair.ac.id', '', '', 1, 1),
(95, '', 'sabrina.kurnia.pradani-2017@fh.unair.ac.id', '', '', 1, 1),
(96, '', 'agatha.geraldine-2017@fh.unair.ac.id', '', '', 1, 1),
(97, '', 'i.wayan.widiastina-2017@fh.unair.ac.id', '', '', 1, 1),
(98, '', 'nadya.tita.lazuardi-2017@fh.unair.ac.id', '', '', 1, 1),
(99, '', 'nisriinaa.yurin.octavia-2017@fh.unair.ac.id', '', '', 1, 1),
(100, '', 'muhammad.ammar.havizh-2017@fh.unair.ac.id', '', '', 1, 1),
(101, '', 'adelia.zavira-2017@fh.unair.ac.id', '', '', 1, 1),
(102, 'Muhtina Tria Novianti', 'muhtina.tria.novianti-2017@fh.unair.ac.id', '$2y$10$QAP3BT4hvf8qCYzz.Ev3G.uySNmYZSGsn1h9ImbdVe0Scdmw862iy', '5fe2af2623a3d.jpg', 0, 1),
(103, '', 'claudia.saymindo.emanuella-2017@fh.unair.ac.id', '', '', 1, 1),
(104, '', 'patricya.wedha.hutapea-2017@fh.unair.ac.id', '', '', 1, 1),
(105, '', 'muhammad.fahrur.rozi-2017@fh.unair.ac.id', '', '', 1, 1),
(106, '', 'annisaul.izzah-2017@fh.unair.ac.id', '', '', 1, 1),
(107, '', 'alip.pamungkas.raharjo-2017@fh.unair.ac.id', '', '', 1, 1),
(108, '', 'siska.nawati-2017@fh.unair.ac.id', '', '', 1, 1),
(109, 'MARIA ONE OKTAVIA', 'maria.one.oktavia-2017@fh.unair.ac.id', '$2y$10$458bcRnOD73CugQs.NF.qOJB6Ek5kaWZbefNDuHSh/eRp84iEKrlG', '5fe2aad9d9e59.jpg', 1, 1),
(110, '', 'eka.putri.fadhila-2017@fh.unair.ac.id', '', '', 1, 1),
(111, '', 'arifah.khoirunisa-2017@fh.unair.ac.id', '', '', 1, 1),
(112, '', 'berliana.ayu.kusumawardani-2017@fh.unair.ac.id', '', '', 1, 1),
(113, '', 'dita.tri.lembayung-2017@fh.unair.ac.id', '', '', 1, 1),
(114, '', 'herdian.putranto.adi-2017@fh.unair.ac.id', '', '', 1, 1),
(115, '', 'alma.putri.dhiafira-2017@fh.unair.ac.id', '', '', 1, 1),
(116, '', 'nabilla.virnanda.lobo-2017@fh.unair.ac.id', '', '', 1, 1),
(117, '', 'arsasti.satya.pradyta-2017@fh.unair.ac.id', '', '', 1, 1),
(118, 'Jade Aurora Kencana Putri', 'jade.aurora.kencana-2017@fh.unair.ac.id', '$2y$10$4PZNKySrnKEkI5GSI9OIKOubyk3wgXMA4MkKBobVnFmlGCxhZjjQ2', '', 1, 1),
(119, 'Nova Aulia Ghaizani', 'nova.aulia.ghaizani-2017@fh.unair.ac.id', '$2y$10$k8iYGMyUXwE6AAKCyFC8o.VyhL0fX4vAFY/eVuUAXSBkAYPOgXTk6', '', 0, 1),
(120, '', 'erviana.setianingrum-2017@fh.unair.ac.id', '', '', 1, 1),
(121, '', 'hannah.tiara.delia-2017@fh.unair.ac.id', '', '', 1, 1),
(122, '', 'catur.noviantoris.yusuf-2017@fh.unair.ac.id', '', '', 1, 1),
(123, '', 'ramadhan.henrison.hasibuan-2017@fh.unair.ac.id', '', '', 1, 1),
(124, '', 'fikri.haichal-2017@fh.unair.ac.id', '', '', 1, 1),
(125, '', 'adelia.rizky.windyaka-2017@fh.unair.ac.id', '', '', 1, 1),
(126, 'Muliana', 'muliana-2017@fh.unair.ac.id', '$2y$10$05WZBiRrjuc0nxg.c8rGeu4GRqJDbTqi/0toivh3WLiWCQhwKGsPO', '5fe2ac9b9651e.jpeg', 1, 1),
(127, '', 'angelia.dwi.oktavia-2017@fh.unair.ac.id', '', '', 1, 1),
(128, 'Aushofi Zuhrotul Ulya', 'aushofi.zuhrotul.ulya-2017@fh.unair.ac.id', '$2y$10$CVMMDw49sblD7yrKObNFYO1UdE35LVJzR9ejXsKP8baEb4uHmEu0G', '', 1, 1),
(129, '', 'wardah.qurni.nabilah-2017@fh.unair.ac.id', '', '', 1, 1),
(130, '', 'sinthya.yuningrit.raharjo-2017@fh.unair.ac.id', '', '', 1, 1),
(131, 'Dina Aprilia', 'dina.aprilia-2017@fh.unair.ac.id', '$2y$10$BChwwKngTq/ZJ0LaPeHc8upDwe.N4pILZpZ5.FMqc2zNScQreUC4m', '', 1, 1),
(132, 'Vicky Yuliana Saputri', 'vicky.yuliana.saputri-2017@fh.unair.ac.id', '$2y$10$krT9HHc3Un9iBUFh9PNOTeTVTAzQOajhNA6Fqaqk32/BBoz0IGA2S', '', 1, 1),
(133, '', 'adinda.huriyah.nabilah-2017@fh.unair.ac.id', '', '', 1, 1),
(134, '', 'antiek.firdausi.putri-2017@fh.unair.ac.id', '', '', 1, 1),
(135, '', 'cita.ayu.alfioni-2017@fh.unair.ac.id', '', '', 1, 1),
(136, '', 'safina.zidni.hasna-2017@fh.unair.ac.id', '', '', 1, 1),
(137, '', 'hasna.imani.haryutama-2017@fh.unair.ac.id', '', '', 1, 1),
(138, 'wahyu.aliansa-2017@fh.unair.ac.id', 'wahyu.aliansa-2017@fh.unair.ac.id', '$2y$10$YEaxsqL3U33bNrJIKwe.e.meG/GQ3r3CsQ9hyRloI6v622fxAiKxG', '5fe29d684ea19.jpg', 1, 1),
(139, 'MUNADDHIMATUS SILMI', 'munaddhimatus.silmi-2017@fh.unair.ac.id', '$2y$10$XZ4eqFn9KGYaYgOJ9mrqVu3MpSIAoVnBVuu.yj88MK1KhzlQHK0oq', '5fe2acd1edee5.jpg', 1, 1),
(140, '', 'auly.nahdyan.mafaza-2017@fh.unair.ac.id', '', '', 1, 1),
(141, 'Cindy Cendhani', 'cindy.cendhani-2017@fh.unair.ac.id', '$2y$10$OOhJ2qpb1Dqjk4iZhMD1KeVb3l6c62rAKiuzz77vgO47UvoUtMwRm', '5fe29e8ce02f5.jpg', 1, 1),
(142, '', 'achmad.rizaldi.umam-2017@fh.unair.ac.id', '', '', 1, 1),
(143, 'Mohamad Haikal Fikri', 'mohamad.haikal.fikri-2017@fh.unair.ac.id', '$2y$10$IaVk1of6fwKOeDGyZZAiFexDySVmjVMILUkQ256G2k33g84Q/4b5K', '5fe2aebdf4101.jpeg', 1, 1),
(144, '', 'arvrin.desylvia.octavrianas-2017@fh.unair.ac.id', '', '', 1, 1),
(145, '', 'atiqoh.farhah.maulani-2017@fh.unair.ac.id', '', '', 1, 1),
(146, 'Sinto', 'sinto-2017@fh.unair.ac.id', '$2y$10$SVA1wm4CkNVefT7Aou2jg.JHcaQk06dGSLZnhTNxyJYPwE.bzGnE2', '', 1, 1),
(147, '', 'rachel.natalia.ateng-2017@fh.unair.ac.id', '', '', 1, 1),
(148, 'angga akbar pramudianto', 'angga.akbar.pramudianto-2017@fh.unair.ac.id', '$2y$10$4j1Zdb1XdCK6CdJa4qGbrOkeh6.E0oRcmtRlFB6aj4XmHn.0bwQwK', '5fe2b2371a354.jpg', 1, 1),
(149, '', 'sabrina.damayanti-2017@fh.unair.ac.id', '', '', 1, 1),
(150, '', 'georgius.ivan.budihardja-2017@fh.unair.ac.id', '', '', 1, 1),
(151, '', 'risma.fitri.amalina-2017@fh.unair.ac.id', '', '', 1, 1),
(152, '', 'melly.moraito.trianita-2017@fh.unair.ac.id', '', '', 1, 1),
(153, '', 'nafila.nitya.prasiddha-2017@fh.unair.ac.id', '', '', 1, 1),
(154, '', 'alde.erfajrin.syabana-2017@fh.unair.ac.id', '', '', 1, 1),
(155, '', 'mahfyra.alsabella.hamyda-2017@fh.unair.ac.id', '', '', 1, 1),
(156, '', 'azhari.maulana.noegroho-2017@fh.unair.ac.id', '', '', 1, 1),
(157, '', 'danial.akta.futaki-2017@fh.unair.ac.id', '', '', 1, 1),
(158, 'Abita Aiko Miyata', 'abita.aiko.miyata-2017@fh.unair.ac.id', '$2y$10$.uDwGUbewRwCljIVVYjFIuQVt1TCh7eCFhknP.8H/r2seJW/0q4TC', '', 0, 1),
(159, 'Daniel Marihot Tambunan', 'daniel.marihot.tambunan-2017@fh.unair.ac.id', '$2y$10$Q5H3etSSc1.4U.Z3nOsBA.dplzcEwSclBs1OV/hDACp3d3.4uRuS6', '5fe2b2459be9b.jpg', 1, 1),
(160, '', 'hana.dewi.putri-2017@fh.unair.ac.id', '', '', 1, 1),
(161, '', 'ken.bagus.setya-2017@fh.unair.ac.id', '', '', 1, 1),
(162, '', 'm.rizky.fadhlullah-2017@fh.unair.ac.id', '', '', 1, 1),
(163, '', 'fariez.luhur.prihastama-2017@fh.unair.ac.id', '', '', 1, 1),
(164, 'Fadli Hakim Arisyi', 'fadli.hakim.arisyi-2017@fh.unair.ac.id', '$2y$10$AEhFL7jLsngbSbPD30IfdeKeBk7lrJ8CZsufgwqJt6T4vZDE0pgPG', '5fe2ae8dbc14b.jpeg', 1, 1),
(165, '', 'kartika.budiarti-2017@fh.unair.ac.id', '', '', 1, 1),
(166, 'Zaiematuzzahra M', 'zaiematuzzahra.munasib-2017@fh.unair.ac.id', '$2y$10$ewpbCoVffMTNX.YFW5SguefHmSKJfdhAF3WzDsd9quqJB1zX2SSgK', '', 1, 1),
(167, '', 'gracia.ravina.moselle-2017@fh.unair.ac.id', '', '', 1, 1),
(168, '', 'm.krisna.rio.pradana-2017@fh.unair.ac.id', '', '', 1, 1),
(169, 'Trechsna Ali Ramadhani', 'trechsna.ali.ramadhani-2017@fh.unair.ac.id', '$2y$10$oZ7pInNh6QUWmFJiuS8afutiPbPZy9D2E2jMCj6fVEH1eo23K5Edy', '', 1, 1),
(170, 'Musa', 'musa.khonifan-2017@fh.unair.ac.id', '$2y$10$nqxEW1LW4tWiEaR9G9X5M.SgfLUBCDbCsmZR86/rbt.1QEkwMJ4eW', '5fe2ae7ab72bf.jpg', 1, 1),
(171, '', 'rheza.satya.wibowo-2017@fh.unair.ac.id', '', '', 1, 1),
(172, '', 'mohammad.taufik-2017@fh.unair.ac.id', '', '', 1, 1),
(173, '', 'muhammad.harits.anwar-2017@fh.unair.ac.id', '', '', 1, 1),
(174, '', 'adnan.usman.yasin-2017@fh.unair.ac.id', '', '', 1, 1),
(175, '', 'annida.aqiila.putri-2017@fh.unair.ac.id', '', '', 1, 1),
(176, '', 'fachrian.ilham.fauzi-2017@fh.unair.ac.id', '', '', 1, 1),
(177, '', 'afif.fathin.muhtadi-2017@fh.unair.ac.id', '', '', 1, 1),
(178, '', 'dhimas.elham.maulana-2017@fh.unair.ac.id', '', '', 1, 1),
(179, 'Ika Syafitri', 'ika.syafitri-2017@fh.unair.ac.id', '$2y$10$/X5OemtHFFmB97LvfiEoyezGkt/Bb1lDAWxQIpjLaJYouKh9KWVga', '', 1, 1),
(180, '', 'cornelia.olivia.lumowa-2017@fh.unair.ac.id', '', '', 1, 1),
(181, '', 'okky.daru.mubarok-2017@fh.unair.ac.id', '', '', 1, 1),
(182, 'Vanya ', 'vanya.oryza.safira-2017@fh.unair.ac.id', '$2y$10$vYyjmLd9/RTvqDrg3MJmBOkyLzVRoFuHiUDnki.J6.S2X9WEUyzt2', '5fe2a916145f1.jpg', 0, 1),
(183, '', 'talitha.belvarini.can-2017@fh.unair.ac.id', '', '', 1, 1),
(184, '', 'bisma.krishna.hernanda-2017@fh.unair.ac.id', '', '', 1, 1),
(185, '', 'sugeng.andrean-2017@fh.unair.ac.id', '', '', 1, 1),
(186, 'Cahya Agmelya Sayu Nilam MG', 'cahya.agmelya.sayu-2017@fh.unair.ac.id', '$2y$10$pTU6dEGziHsS8vSAtpmOaOkXSwNa4Bkos3POaYytEt8eHdBN6NPpO', '', 1, 1),
(187, '', 'rizky.fernanda-2017@fh.unair.ac.id', '', '', 1, 1),
(188, '', 'dimas.eriangga.putranto-2017@fh.unair.ac.id', '', '', 1, 1),
(189, '', 'karina.ardelia.nanda-2017@fh.unair.ac.id', '', '', 1, 1),
(190, '', 'salsabila.yuharnita-2017@fh.unair.ac.id', '', '', 1, 1),
(191, '', 'debrita.yanieta.santoso-2017@fh.unair.ac.id', '', '', 1, 1),
(192, 'Amira Hasna Nabila', 'amira.hasna.nabila-2017@fh.unair.ac.id', '$2y$10$2jskC0fcx63yP7tttUjVOui2jwGoUYs3H7BeuV3qcXaEvFL75dhj.', '', 1, 1),
(193, '', 'nalini.widyantoro-2017@fh.unair.ac.id', '', '', 1, 1),
(194, '', 'nadya.farahdiba.noviandri-2017@fh.unair.ac.id', '', '', 1, 1),
(195, '', 'rohman.hidayad-2017@fh.unair.ac.id', '', '', 1, 1),
(196, '', 'nabila.safira.augusta-2017@fh.unair.ac.id', '', '', 1, 1),
(197, '', 'irene.angelita.rugian-2017@fh.unair.ac.id', '', '', 1, 1),
(198, '', 'haras.christy.monica-2017@fh.unair.ac.id', '', '', 1, 1),
(199, 'Izzah Khalif Raihan Abidin', 'izzah.khalif.raihan-2017@fh.unair.ac.id', '$2y$10$w4/w.eEIy1xtn1GGc6ZJ6.jlG0bLEN2Rb96tV6LGIJjdq1NvYncRu', '5fe2a1524585c.jpg', 1, 1),
(200, '', 'muhammad.firstano.taqwim-2017@fh.unair.ac.id', '', '', 1, 1),
(201, '', 'adelia.putri.marina-2017@fh.unair.ac.id', '', '', 1, 1),
(202, 'Christin Lauren N', 'christin.lauren.natasya-2017@fh.unair.ac.id', '$2y$10$ai9fqsddFsvlkePcElJMt.W4mSyLx0OMAQ.qd5x9k6jugmA3lzVfO', '', 1, 1),
(203, '', 'khalid.ibnu.nazar-2017@fh.unair.ac.id', '', '', 1, 1),
(204, '', 'reza.fachry.kesuma-2017@fh.unair.ac.id', '', '', 1, 1),
(205, 'Desy Ramadhani Pratini', 'desy.ramadhani.pratini-2017@fh.unair.ac.id', '$2y$10$OWJmwIIheTxHI.oKVKYiGO7.r3/xVMgXAEIUfq4IZ4Wux1QrwdwRq', '5fe2be4226070.jpeg', 1, 1),
(206, '', 'yuniatri.fara.rahmania-2017@fh.unair.ac.id', '', '', 1, 1),
(207, 'Ranesya Maharani Alkemsky', 'ranesya.maharani.alkemsky-2017@fh.unair.ac.id', '$2y$10$bLD4wZjBqmYbjPtzJJf/4OVbNmba13DlbwWfG/7o0VUL4zg19LfuK', '5fe2afdabc947.jpeg', 0, 1),
(208, 'Rizky Hadiwidjayanti', 'rizky.hadiwidjayanti-2017@fh.unair.ac.id', '$2y$10$RR71Qx5zabl4tl/8D21eheOr0ml1P6J8sAeqEpnvTE0OXX8J7VN7.', '', 1, 1),
(209, '', 'fikri.chan.permana-2017@fh.unair.ac.id', '', '', 1, 1),
(210, '', 'david.parlinggoman.sinaga-2017@fh.unair.ac.id', '', '', 1, 1),
(211, '', 'novita.cahyani.harjono-2017@fh.unair.ac.id', '', '', 1, 1),
(212, '', 'yudistia.tedy.firmansyah-2017@fh.unair.ac.id', '', '', 1, 1),
(213, '', 'ghozi.naufal.qois-2017@fh.unair.ac.id', '', '', 1, 1),
(214, 'Achmad Fariz Gunawan', 'achmad.fariz.gunawan-2017@fh.unair.ac.id', '$2y$10$lJhTfQYuAU.PncSpzX48POgbPowK1779NHg.X2ahoDQKJXO3mxloe', '5fe2bb606a6ad.JPG', 1, 1),
(215, 'Komari Aldiansyah', 'komari.aldiansyah-2017@fh.unair.ac.id', '$2y$10$C7osZdlWJnqi1TLDgep3lu8bMtFNkrdhWOfobAPT2sBCAfJKCsrr2', '5fe2b907d002e.jpg', 1, 1),
(216, 'Enrico Silangen', 'enrico.benedictus.silangen-2017@fh.unair.ac.id', '$2y$10$RLDSKu5f/XT/hZVICLDsM.6eAJ.glBHbDflm2CUDvTWhi2EhCH0ni', '5fe2a16353169.jpg', 1, 1),
(217, '', 'melati.ayu.pusparani-2017@fh.unair.ac.id', '', '', 1, 1),
(218, '', 'guntur.aris.prabowo-2017@fh.unair.ac.id', '', '', 1, 1),
(219, '', 'andika.dian.tetuko-2017@fh.unair.ac.id', '', '', 1, 1),
(220, '', 'syahril.gunawan-2017@fh.unair.ac.id', '', '', 1, 1),
(221, '', 'muhammad.rizki.suwanto-2017@fh.unair.ac.id', '', '', 1, 1),
(222, 'Sultan Herlambang Yoga Pratama', 'sultan.herlambang.yoga-2017@fh.unair.ac.id', '$2y$10$GLfFdGmmWRj6W8pE65ri0Os1uMq6WknNS4EVxPUwkUPa88.A30MnK', '5fe2b1e040992.jpg', 1, 1),
(223, 'Hervina Shintya Afanda', 'hervina.intya.afanda-2017@fh.unair.ac.id', '$2y$10$f/dso7Amc6OXhQOYUg9PzO4/f7V9k6nsBmswy/HjaOU2dLyU.Hd8q', '5fe2b2b2f0fe3.jpg', 1, 1),
(224, 'Candra Rizal Sabili ', 'can.rizal.sabili-2017@fh.unair.ac.id', '$2y$10$./0AJt7Oz3QsD0K2GiSFh.8yy3w2K2hRdWajt/YLqFcXcyySspIrG', '5fe2b23055194.jpg', 0, 1),
(225, '', 'cahya.ekky.desta-2017@fh.unair.ac.id', '', '', 1, 1),
(226, 'Himas Ivan Ar Rasyied', 'himas.ivan.ar-2017@fh.unair.ac.id', '$2y$10$sGSxtdvAqkmPdShXtYhMaeJ3.aontx3GhZWWlZzcaium1VyhmvYIq', '5fe2a5670f2ac.jpg', 1, 1),
(227, '', 'audi.naura.dhaneswara-2017@fh.unair.ac.id', '', '', 1, 1),
(228, '', 'della.safira.radi-2017@fh.unair.ac.id', '', '', 1, 1),
(229, '', 'mentari.ananda.suharto-2017@fh.unair.ac.id', '', '', 1, 1),
(230, 'Dimas Hikari Achmad', 'dimas.hikari.achmad-2017@fh.unair.ac.id', '$2y$10$Jez5LAy3Cn8BRFM0rRrWruewut5/NFx9ETi6BNvgF5yq.QAECCerG', '5fe2a2e72ac3e.jpg', 1, 1),
(231, 'Vikran Fasyadhiyaksa Putra Yuniar', 'vikran.fasyadhiyaksa.putra-2017@fh.unair.ac.id', '$2y$10$jMAM.8zrXcNjtscZSL.gwOeHV70p1PZfw4jjlVFny9/TW9rYqmFXm', '5fe29287dfc27.jpeg', 1, 1),
(232, '', 'fildza.mahira-2017@fh.unair.ac.id', '', '', 1, 1),
(233, '', 'duhita.pramesi.tyaskinasih-2017@fh.unair.ac.id', '', '', 1, 1),
(234, '', 'adinda.setyaning.utami-2017@fh.unair.ac.id', '', '', 1, 1),
(235, '', 'evan.samuel.grigorius-2017@fh.unair.ac.id', '', '', 1, 1),
(236, '', 'shafinaz.rania.rachmat-2017@fh.unair.ac.id', '', '', 1, 1),
(237, '', 'ramadhan.aufar.lazarus-2017@fh.unair.ac.id', '', '', 1, 1),
(238, 'Andrean Gregorius ', 'andrean.gregorius.pandapotan-2017@fh.unair.ac.id', '$2y$10$N9TtWBcaa14lGBVKRECJteUH97oLVqUvrxqrGoURB4AtLvactgB2S', '5fe2beb1a0b6f.jpg', 1, 1),
(239, '', 'annisa.amalia.rahmadianti-2017@fh.unair.ac.id', '', '', 1, 1),
(240, '', 'salsabila.laili.zahra-2017@fh.unair.ac.id', '', '', 1, 1),
(241, '', 'indah.permatasari.kosuma-2017@fh.unair.ac.id', '', '', 1, 1),
(242, '', 'salsabilla.ofia-2017@fh.unair.ac.id', '', '', 1, 1),
(243, '', 'silvia.divi.salsabillah-2017@fh.unair.ac.id', '', '', 1, 1),
(244, '', 'abiyyu.hilmi.pradana-2017@fh.unair.ac.id', '', '', 1, 1),
(245, '', 'sylvana.aninditha.maharany-2017@fh.unair.ac.id', '', '', 1, 1),
(246, 'Mohamad Nur Kholiq', 'mohamad.nur.kholiq-2017@fh.unair.ac.id', '$2y$10$gw18rbbIeTuffZtujKojju6j0xII.czZirLBPMdZhJeEcxMUJA04m', '5fe29d0829f72.jpg', 1, 1),
(247, 'Yunanda Husnul Pratami', 'yunanda.husnul.pratami-2017@fh.unair.ac.id', '$2y$10$b6QegZBcBeUa.5DYbbR74uNJNnriAvHfkUY.JtFxCOnKiJxWyCQ/.', '', 1, 1),
(248, '', 'fakhruddin.alghiffari-2017@fh.unair.ac.id', '', '', 1, 1),
(249, 'Ananda cindy', 'ananda.cindy-2017@fh.unair.ac.id', '$2y$10$nrpxfX7YmbmwIjLMa4.51et0tA5uV9hd92eLgLBeBomsCtR9F/f6S', '5fe2aeb28f927.jpeg', 1, 1),
(250, '', 'syahnaz-2017@fh.unair.ac.id', '', '', 1, 1),
(251, '', 'dimas.erlando.ramadhany-2017@fh.unair.ac.id', '', '', 1, 1),
(252, '', 'dafiq.nuansa.arifano-2017@fh.unair.ac.id', '', '', 1, 1),
(253, 'ENUDIO APRILIAN UTOYO', 'enudio.aprilian.utoyo-2017@fh.unair.ac.id', '$2y$10$fnbFDRBDVZhlx60c6u944OFGn.AeRq2Ul3VFe1WkkKuSbAC1bWvVm', '5fe2b359d0c26.jpg', 1, 1),
(254, '', 'julienna.hartono-2017@fh.unair.ac.id', '', '', 1, 1),
(255, '', 'muhammad.maulana.zaki-2017@fh.unair.ac.id', '', '', 1, 1),
(256, '', 'kartika.prabawati-2017@fh.unair.ac.id', '', '', 1, 1),
(257, '', 'mohammad.alif.ramadhani-2017@fh.unair.ac.id', '', '', 1, 1),
(258, '', 'taris.luthfansyah-2017@fh.unair.ac.id', '', '', 1, 1),
(259, '', 'lavinia.aviera-2017@fh.unair.ac.id', '', '', 1, 1),
(260, '', 'noviannisa.luthfi.pribadini-2017@fh.unair.ac.id', '', '', 1, 1),
(261, 'Alvian Dharmawan', 'alvian.dharmawan-2017@fh.unair.ac.id', '$2y$10$vaJPRcYuXDN4aLBkJ4/KkegL.EYjOiAAy0P8gPySW4MwfChGbScTm', '5fe2a7bad9fa7.jpeg', 1, 1),
(262, '', 'muhammad.fardi.sofari-2017@fh.unair.ac.id', '', '', 1, 1),
(263, '', 'desdiar.zahnas.romauda-2017@fh.unair.ac.id', '', '', 1, 1),
(264, '', 'ahmad.zaky.mubarok-2017@fh.unair.ac.id', '', '', 1, 1),
(265, 'Julianda Rosyadi', 'julianda.rosyadi-2017@fh.unair.ac.id', '$2y$10$lf7qXonkOmZSqdlInyy4qemGnxwmFI25DG7uouBcpWzJ4J5L9dpAW', '', 1, 1),
(266, '', 'priyo.arief.wicaksono-2017@fh.unair.ac.id', '', '', 1, 1),
(267, '', 'rajamartirka-2017@fh.unair.ac.id', '', '', 1, 1),
(268, '', 'satrio.budi.suroso-2017@fh.unair.ac.id', '', '', 1, 1),
(269, '', 'aldo.rahmandana-2017@fh.unair.ac.id', '', '', 1, 1),
(270, '', 'gerald.vivaldi.wardhana-2017@fh.unair.ac.id', '', '', 1, 1),
(271, '', 'zulfa.zahara.imtiyaz-2017@fh.unair.ac.id', '', '', 1, 1),
(272, '', 'i.putu.setya.agung-2017@fh.unair.ac.id', '', '', 1, 1),
(273, '', 'akbar.rizky.pratama-2017@fh.unair.ac.id', '', '', 1, 1),
(274, '', 'nabillah.fitria.nugraha-2017@fh.unair.ac.id', '', '', 1, 1),
(275, '', 'lisa.nadya.afifah-2017@fh.unair.ac.id', '', '', 1, 1),
(276, '', 'rafinsyah.adhimulya.himawan-2017@fh.unair.ac.id', '', '', 1, 1),
(277, '', 'dhimam.zidny.siradj-2017@fh.unair.ac.id', '', '', 1, 1),
(278, 'nabila sara faninza', 'nabila.sara.faninza-2017@fh.unair.ac.id', '$2y$10$T5cgPYiDFMp3sPrr2HixB.T.RezftypRzyAgwofFCj36q6XWD7Zxm', '5fe2a3da6a172.jpg', 1, 1),
(279, '', 'qowi.dzulfarhad-2017@fh.unair.ac.id', '', '', 1, 1),
(280, '', 'royan.dawud.hadji-2017@fh.unair.ac.id', '', '', 1, 1),
(281, '', 'andika.prakoso.marsekal-2017@fh.unair.ac.id', '', '', 1, 1),
(282, '', 'mohammad.diska.prananda-2017@fh.unair.ac.id', '', '', 1, 1),
(283, '', 'belinda.dwi.tamara-2017@fh.unair.ac.id', '', '', 1, 1),
(284, '', 'farah.diba-2017@fh.unair.ac.id', '', '', 1, 1),
(285, '', 'aries.saifullah-2017@fh.unair.ac.id', '', '', 1, 1),
(286, '031711133217', 'rida.aristawati-2017@fh.unair.ac.id', '$2y$10$EKD/gMCh5ykt9P3rA48ykejT3gsp5ZlQWeJ6H5lex1wUvA9zavXd2', '5fe2abed5d0c5.jpeg', 1, 1),
(287, '', 'salsabila.yasmin-2017@fh.unair.ac.id', '', '', 1, 1),
(288, '', 'desya.annisa.anandita-2017@fh.unair.ac.id', '', '', 1, 1),
(289, '', 'cut.sara.devariza-2017@fh.unair.ac.id', '', '', 1, 1),
(290, 'Irfan Marzuqi Ridla Putra ', 'irfan.marzuqi.ridla-2017@fh.unair.ac.id', '$2y$10$IwTLTXcUHHvtpnCIMzr6NO4A5HO0VKnH1vdyzSR2f8iiGvaPTUDaa', '5fe2b2653cc9c.jpg', 0, 1),
(291, '', 'nabilla.fitra.larasati-2017@fh.unair.ac.id', '', '', 1, 1),
(292, 'Alicia Juanita', 'alicia.juanita-2017@fh.unair.ac.id', '$2y$10$/0n2.dtmhzsHVKuuF5XYQemedo5JkVpLM/4KXhzhYImpVoq8.w.ne', '5fe2bde06c210.jpg', 1, 1),
(293, 'Valerieo Ezra Hutagalung', 'valerieo.ezra.hutagalung-2017@fh.unair.ac.id', '$2y$10$STKfZibxnWPbJuCKizuj7.r2S/h4Tl/SyYsXBezfedMvQU5/BfnDq', '', 0, 1),
(294, '', 'septya.yuriko.kaeng-2017@fh.unair.ac.id', '', '', 1, 1),
(295, '', 'muhammad.risky.oktavian-2017@fh.unair.ac.id', '', '', 1, 1),
(296, '', 'rizaldi.tri.pamungkas-2017@fh.unair.ac.id', '', '', 1, 1),
(297, '', 'salsabila.annisa.nursaputri-2017@fh.unair.ac.id', '', '', 1, 1),
(298, '', 'kristophorus.gerin.noven-2017@fh.unair.ac.id', '', '', 1, 1),
(299, 'Adia Misqa I R', 'adia.misqa.imtiyaz-2017@fh.unair.ac.id', '$2y$10$6ZP7GOuLbbRbVLFmZKJp3OS/YC4bpRZ2a5dOw4mzpKOKZXxDA1dBO', '5fe29e11013de.jpg', 1, 1),
(300, '', 'rachmadifa.alin-2017@fh.unair.ac.id', '', '', 1, 1),
(301, '', 'faizin.achmad.sumhudi-2017@fh.unair.ac.id', '', '', 1, 1),
(302, '', 'rebecca.mariana.angelina-2017@fh.unair.ac.id', '', '', 1, 1),
(303, '', 'agung.jaya.kusuma-2017@fh.unair.ac.id', '', '', 1, 1),
(304, '', 'nabila.maraya.farenia-2017@fh.unair.ac.id', '', '', 1, 1),
(305, '', 'zhafira.zeta-2017@fh.unair.ac.id', '', '', 1, 1),
(306, '', 'fariz.seiff-2017@fh.unair.ac.id', '', '', 1, 1),
(307, '', 'ainaya.nadine-2017@fh.unair.ac.id', '', '', 1, 1),
(308, '', 'rinzana.nuranggraeni-2017@fh.unair.ac.id', '', '', 1, 1),
(309, '', 'thesalonica.inta-2017@fh.unair.ac.id', '', '', 1, 1),
(310, '', 'anneta.cornelia.budianto-2018@fh.unair.ac.id', '', '', 1, 1),
(311, 'CLARISA TALIA', 'maria.clarisa.talia-2018@fh.unair.ac.id', '$2y$10$SpW9S8OEWAF/CA9wU/bWZ.jJjwTUo7VviD7H1T6venSRkfoZ.UNV2', '', 1, 1),
(312, '', 'zulfa.karin.sampurna-2018@fh.unair.ac.id', '', '', 1, 1),
(313, 'Shafira Monica Hartono', 'shafira.monica.hartono-2018@fh.unair.ac.id', '$2y$10$zhsT7FqTPzzTjSDibgr.Weh66Fhl103VN8W8QGCtQ/mKuwLYjyJlC', '', 1, 1),
(314, '', 'rasya.elvetta.tsany-2018@fh.unair.ac.id', '', '', 1, 1),
(315, '', 'renhard.ananda.aditama-2018@fh.unair.ac.id', '', '', 1, 1),
(316, '', 'firnanda.arifatul.cahyani-2018@fh.unair.ac.id', '', '', 1, 1),
(317, 'Sabrina Indrawati Putri', 'sabrina.in.wati-2018@fh.unair.ac.id', '$2y$10$fyqK8aOLmnU/VkHcqfhd3u6wQJI4bWwH09DLjrXuLLVhz2b6lOdh.', '', 1, 1),
(318, '', 'qonaaha.noor.maajid-2018@fh.unair.ac.id', '', '', 1, 1),
(319, 'Bagus Satya Wardana', 'bagus.satya.wardana-2018@fh.unair.ac.id', '$2y$10$x.d883IIg97HtFSLOB3KgO4wJ8EAU71LuRr7Ol63aldtdexZqsCym', '5fe2be14deec8.jpeg', 1, 1),
(320, '', 'kurnia.fajar.suryani-2018@fh.unair.ac.id', '', '', 1, 1),
(321, '', 'noering.ratu.fatheha-2018@fh.unair.ac.id', '', '', 1, 1),
(322, 'Lucky Diamond Tuansa', 'lucky.diamond.tuansa-2018@fh.unair.ac.id', '$2y$10$aUEdFi8O2hDSNzYFks8QBOq/GKYNO5v13Kf3B6jPJ2dxwR98xj5P.', '5fe2ae7df2859.jpg', 1, 1),
(323, 'faza nurul masyita ', 'faza.nurul.masyita-2018@fh.unair.ac.id', '$2y$10$p0RnqFsHBIPdAht.33Ux5uZeUBuR5ubwH.XEwjSS3hw5JLxpfqdyG', '5fe29e5f658ac.PNG', 1, 1),
(324, 'Dinda Ajeng Puspanita', 'dinda.ajeng.puspanita-2018@fh.unair.ac.id', '$2y$10$aDDfgESOnm1W16RO8i9CP.58iNNo4LFLqF49NFt3o0iGnEdHMWH3a', '', 1, 1),
(325, 'Farhan Adin', 'farhan.adin.nugroho-2018@fh.unair.ac.id', '$2y$10$vRpdr.1.tTrpzaRfquPRI.lWcDT8r3UocTshYhhxAJZM89zIkUKRy', '5fe2b98ee3607.jpg', 1, 1),
(326, '', 'annisaa.azzahra-2018@fh.unair.ac.id', '', '', 1, 1),
(327, 'nadilla mayang chahyani', 'nadilla.mayang.chahyani-2018@fh.unair.ac.id', '$2y$10$wMpg3PAooLC8U5g5pGF68.t6qMNkNmhYDuZ68aHHjJoW2n6rXnzPG', '5fe2bb41a18be.jpeg', 1, 1),
(328, '', 'arivigo.pranata-2018@fh.unair.ac.id', '', '', 1, 1),
(329, '', 'intan.apriyanti.mansur-2018@fh.unair.ac.id', '', '', 1, 1),
(330, 'Muhammad Rizqullah Dany Putranto', 'muhammad.rizqullah.dany-2018@fh.unair.ac.id', '$2y$10$DQjxPlbQn.sws8z5jMspEOqL1RJi.U9kkKO8KPSQXplVCe7G/MpO2', '', 1, 1),
(331, 'fauzan akhmad dzaki', 'fauzan.akhmad.dzaki-2018@fh.unair.ac.id', '$2y$10$yNrihfa0Wg/1XduJMTQbAucDTWTXMozrt.tPd09pZjZjfilnJtIEm', '5fe2bcd5a521c.jpg', 1, 1),
(332, 'M. Fadhil Shidqi', 'm.fadhil.idqi-2018@fh.unair.ac.id', '$2y$10$zC2vKWDCXB8PfoLAuav9ZOPIUSpMDqti4IHAFU4Jr16E46V54Gs9G', '5fe29c0c8b7b0.jpg', 1, 1),
(333, 'Erlangga Yudha', 'erlangga.yudha.prasetya-2018@fh.unair.ac.id', '$2y$10$v3GcnY2ueQmef.cfC0pMVuYe5gIFhRDoFSDsyuweY7yksCKCTUAby', '5fe2b98aa08d6.jpeg', 1, 1),
(334, '', 'sonia-2018@fh.unair.ac.id', '', '', 1, 1),
(335, 'Nadya Eka Amalia Al\'Azza', 'nadya.eka.amalia-2018@fh.unair.ac.id', '$2y$10$NZJTEwhoU0O4TJiN8DxIDu060us7mKQKAT/ufuAb3Za9zQCJzcCMa', '5fe2b28bb4ef4.jpeg', 0, 1),
(336, '', 'fitrizki.dwi.nanda-2018@fh.unair.ac.id', '', '', 1, 1),
(337, '', 'adriel.timothy.herdito-2018@fh.unair.ac.id', '', '', 1, 1),
(338, 'Moch Rachmat Prawira Yudha Putra', 'moch.rachmat.prawira-2018@fh.unair.ac.id', '$2y$10$MG.ltFNQ7ehzArblsAauluKcUc7N5KEeLoS0G4hejdB5AQAVV/PAW', '5fe27e4578a8d.jpg', 1, 1),
(339, 'Rifqi ihyaul haq nusa', 'rifqi.ihyaul.haq-2018@fh.unair.ac.id', '$2y$10$9U0k7gV9h9TEZsolYVp1IOsDiSZ.gtcNSnOilIQR025zJSSq8E0SC', '5fe298a1c36e9.jpg', 1, 1),
(340, '', 'sindhu.dwi.admojo-2018@fh.unair.ac.id', '', '', 1, 1),
(341, 'Muhammad Ilham Mahrudin Zamzam', 'muhammad.ilham.mahrudin-2018@fh.unair.ac.id', '$2y$10$J.RUM1f7yacuyB6RuR17f.ZLCIoEeeWGfhEcziLFxQg3lTBb7Arqe', '5fe29a1f5fe79.jpeg', 1, 1),
(342, 'inas.syadza.wafikhoh-2018@fh.unair.ac.id', 'inas.syadza.wafikhoh-2018@fh.unair.ac.id', '$2y$10$PCO6P.m7XhzaLgZp.h0z7OG.m0DyalHWb038cBDfZlpXNlTInkRYe', '5fe28cc6bc281.jpg', 1, 1),
(343, '', 'made.sinta.syaharani-2018@fh.unair.ac.id', '', '', 1, 1),
(344, 'fahriza nadiastari', 'fahriza.nadiastari-2018@fh.unair.ac.id', '$2y$10$hj5RlV.XiyfA4/Vzd31St.Of.CQP/hH7E0RGLuqCbjMdEgC7kH9sK', '5fe2b6b89335c.jpg', 1, 1),
(345, 'Evan Joshel Tumanggor', 'evan.joshel.tumanggor-2018@fh.unair.ac.id', '$2y$10$8HtKIzfM.CEJDXnDEt5NLOCBj3OQTvSd7XBRQdfZ4mBVpBU.UEclS', '5fe2bc8c5ca38.jpg', 1, 1),
(346, '', 'dionisius.surya.ernawan-2018@fh.unair.ac.id', '', '', 1, 1),
(347, '', 'dimas.wibisono-2018@fh.unair.ac.id', '', '', 1, 1),
(348, '', 'farani.nazwa.chairunisa-2018@fh.unair.ac.id', '', '', 1, 1),
(349, 'Sanjaya Daffa Ramadhan Putra', 'sanjaya.daffa.ramadhan-2018@fh.unair.ac.id', '$2y$10$F1XCSnOBHapXXWxIo6MSluEFwb0zE5Ys6Wsiw8E7ZKoKbtZxJeoxm', '5fe29c9a70bbb.jpg', 1, 1),
(350, '', 'zalfa.attiyah.faradiba-2018@fh.unair.ac.id', '', '', 1, 1),
(351, '', 'angga.yuristian-2018@fh.unair.ac.id', '', '', 1, 1),
(352, '', 'samuel.triston-2018@fh.unair.ac.id', '', '', 1, 1),
(353, 'Sigmawati Widyaningrum', 'sigmawati.widyaningrum-2018@fh.unair.ac.id', '$2y$10$Hb8V4lJlyC4uHt89QWmK0.cOsxEGnQsz2/uZLY4R9ni0YbF9DmX4e', '5fe2aab131beb.jpg', 1, 1),
(354, 'Inez Nurina Adzani', 'inez.nurina.adzani-2018@fh.unair.ac.id', '$2y$10$8f/xtNJizaTy5DXqXDHIZ.7cVx/ub6Mq0J6mOF6CNPsbPQOaQNkTO', '5fe2bb3f9bbba.jpg', 1, 1),
(355, 'Luckysia hendyansyah', 'luckysia.hendyansyah-2018@fh.unair.ac.id', '$2y$10$whd5.olifs7ajrGfJtrQn.mLQm0L1xrCnDK3tGxFOgaC/ldars3gO', '5fe2a6708e67f.jpg', 1, 1),
(356, 'Gunawan', 'gunawan-2018@fh.unair.ac.id', '$2y$10$hoPhCj9CfTAKqJe0pBBUyur3XTu2WpXAG10lislpd.tvGOQjRl8nq', '5fe2a75c58c0a.jpg', 1, 1),
(357, '', 'amelia.ayu.nurvita-2018@fh.unair.ac.id', '', '', 1, 1),
(358, 'NABIIL IKBAAR MAULANA', 'nabiil.ikbaar.maulana-2018@fh.unair.ac.id', '$2y$10$DQWiH59En0N8d2JJaDbGcOwojP202nDueb8tP7pZ5smor2y3y.pBu', '5fe2922faf098.jpg', 1, 1),
(359, '', 'katherine.abidea.salim-2018@fh.unair.ac.id', '', '', 1, 1),
(360, 'Kinan Kalam Khalifa', 'kinan.kalam.khalifa-2018@fh.unair.ac.id', '$2y$10$q2eBQDfrtVtmG5lWirjs/O9fn9cD.mkeXJaAcqCU0YkyhWkNo16uu', '', 1, 1),
(361, 'Noor Eva Rahma', 'noor.eva.rahma-2018@fh.unair.ac.id', '$2y$10$w8y5CdSB7BvtUptSNqzerugZio6R0ANYghszFSKumT/RIAGMH0Sle', '5fe29f3f68c3b.jpeg', 1, 1),
(362, '', 'viena.andhani.riswari-2018@fh.unair.ac.id', '', '', 1, 1),
(363, 'Naufandiary Bachtiar Ramzy', 'naufandiary.bachtiar.ramzy-2018@fh.unair.ac.id', '$2y$10$cAJveOLQveEq5m1hrJm8Tex1MooLY0qF3Tbc2T5TQQ4pFPvhDR/hW', '5fe29b0fb7166.jpeg', 1, 1),
(364, '', 'ezra.tambunan-2018@fh.unair.ac.id', '', '', 1, 1),
(365, '', 'inas.audah-2018@fh.unair.ac.id', '', '', 1, 1),
(366, '', 'amirah.zalfa.arindya-2018@fh.unair.ac.id', '', '', 1, 1),
(367, '', 'yosua.putra.iskandar-2018@fh.unair.ac.id', '', '', 1, 1),
(368, 'Helmy Sujiarto Haryo Bismo', 'helmy.sujiarto.haryo-2018@fh.unair.ac.id', '$2y$10$tj/orJmrIqhPhkJdcYNO9.4cIl3xH4w16pdzDbaG3jOTWi1v3u6U.', '5fe2b16237c15.jpeg', 0, 1),
(369, 'Nadhilah Alifia Maharani', 'nadhilah.alifia.maharani-2018@fh.unair.ac.id', '$2y$10$6xmwDRfbu4zRX9V6Chu45.FwU.BGnWwv0O3.Dx7lPntG4SxvxoFqa', '5fe2c3a1dcd81.jpg', 1, 1),
(370, 'Ramma Setyasuryantoro', 'ramma.setyasuryantoro-2018@fh.unair.ac.id', '$2y$10$WHIQJ5pLOt4G3fS1a.Nfq.dxNtTYY0HoVb.I7J4WADrtyegoZiX5C', '5fe2bb6cc0d43.jpeg', 1, 1),
(371, 'Ardan ardian syah', 'ardan.ardian.syah-2018@fh.unair.ac.id', '$2y$10$Ef7vuRe2/AU9sxHAHYbLCuWGzFZSaOhmvsEdZEjOo18p80Oc3qCki', '5fe2b1f84ad97.jpg', 0, 1),
(372, 'Christopher Wongsonegoro', 'christopher.wongsonegoro-2018@fh.unair.ac.id', '$2y$10$R6KW5l7yuPKb.dowIkCQu.chhHtXlJV8AEaxTNeWmR/W7KDx/6R52', '5fe2c151e0ac4.jpg', 1, 1),
(373, '', 'reza.utami.wahono-2018@fh.unair.ac.id', '', '', 1, 1),
(374, 'Cahya putri arieza', 'cahaya.putri.arieza-2018@fh.unair.ac.id', '$2y$10$BjEPxLa2RFVJR8qXOnPkC.MF2YA3rq2Z32M4XmDPrxzXJ6P.K4/s.', '5fe2820ead35c.jpeg', 1, 1),
(375, 'Wahdianan Albary ', 'wahdianan.al.bary-2018@fh.unair.ac.id', '$2y$10$fWI2ybVTjpP1/2RJafyDvOj5yK5DyOX9wMLu9F2uty9hArMm7IMMK', '5fe2b9f2117b0.jpg', 1, 1),
(376, '', 'felice.natania.safira-2018@fh.unair.ac.id', '', '', 1, 1),
(377, '', 'sirih.zubaidah.takliminatun-2018@fh.unair.ac.id', '', '', 1, 1),
(378, 'Andika Risqi Irvansyah', 'andika.risqi.vansyah-2018@fh.unair.ac.id', '$2y$10$u9tTwVB/FO.DICEVZUTcr.SJbNYuaxfuWAOXyYJ6wWckyZFon2Cq6', '5fe28f9f40e97.jpg', 1, 1),
(379, '', 'gisca.nur.assyafira-2018@fh.unair.ac.id', '', '', 1, 1),
(380, '', 'nouratama.anugerah.nandyani-2018@fh.unair.ac.id', '', '', 1, 1),
(381, 'Delfira Rachmawati', 'delfira.rachmawati-2018@fh.unair.ac.id', '$2y$10$F9dw5mlTvtzFMlgLnkKg0.xC3AJHHbU0cNrWDhWBbqFL50FkxpYQe', '5fe2a087f106c.jpeg', 1, 1),
(382, '', 'nabila.aulia.rizki-2018@fh.unair.ac.id', '', '', 1, 1),
(383, '', 'nola.alfiona.kumala-2018@fh.unair.ac.id', '', '', 1, 1),
(384, '', 'khoirunnisa.putri.harnika-2018@fh.unair.ac.id', '', '', 1, 1),
(385, 'ERVINA DITA HARNIKA PUTRI', 'ervina.dita.harnika-2018@fh.unair.ac.id', '$2y$10$zSLNOpn4iwzw/HXfzpb52.S2682JuseUs2KiJuYJtQGUWV7M2TpBC', '5fe2bf92643d6.jpg', 1, 1),
(386, 'Millenia Jihan Febriana', 'millenia.jihan.febriana-2018@fh.unair.ac.id', '$2y$10$ykRsOaQ9HpdlAITV2eLZter1pxeIMZFNSXgfSU8g9nQ1RxOP3qqfi', '5fe2c2ba471f6.jpeg', 1, 1),
(387, '031811133022', 'virda.wildan.syah-2018@fh.unair.ac.id', '$2y$10$YSTOndoDBtPpXE.QEa.EM.sCFTnAGGcHJDxM5aeOx5Xm/yFxOQqJS', '5fe2af43ec3c6.jpg', 1, 1),
(388, 'Muchamad Bagus Gatri Mahardika', 'muchamad.bagus.gatri-2018@fh.unair.ac.id', '$2y$10$qWNjrywK9Sc6Za.5ISPBJOG6eEBGftxt1WTsZl52kcA6Dwo.QNjha', '5fe2a91c5b141.jpg', 1, 1),
(389, 'Bayu Andre Ariotomo Pangaribuan', 'bayu.andre.ariotomo-2018@fh.unair.ac.id', '$2y$10$p7fHb8pba3bvBsTbawdWG./ApwfvzS7OwMt0DsNPNcfD0gBITrYje', '5fe2893238c5f.jpg', 1, 1),
(390, '', 'indah.novianti-2018@fh.unair.ac.id', '', '', 1, 1),
(391, '', 'hasan-2018@fh.unair.ac.id', '', '', 1, 1),
(392, '', 'vini.alifia.widiati-2018@fh.unair.ac.id', '', '', 1, 1),
(393, '', 'joshua.bonar-2018@fh.unair.ac.id', '', '', 1, 1),
(394, '', 'kamilia.mumtazza.putri-2018@fh.unair.ac.id', '', '', 1, 1),
(395, '', 'yanuar.suryadini-2018@fh.unair.ac.id', '', '', 1, 1),
(396, 'Soegih Rasyad Sriwidyandiyo', 'soegih.rasyad.sriwidyandiyo-2018@fh.unair.ac.id', '$2y$10$//TpqBor5n6MfchpnuPIP.Ai.c1CmapFPddtFMyPjZRIFoLY0sPqm', '5fe29a71a429e.jpg', 1, 1),
(397, 'Cresentia Zakia Ramdani ', 'cresentia.zakia.ramdani-2018@fh.unair.ac.id', '$2y$10$zjxBM8vANKUXsx/C0Wphnu.HOGtwR1cXczZ9kg/Q7XcHgPVril5xK', '5fe2bc2036150.jpg', 1, 1),
(398, 'Rofadan Mina Arsyada', 'rofadan.mina.arsyada-2018@fh.unair.ac.id', '$2y$10$Dq5keJaUchXzUqA2fRcos.t413Xxn9eCBN9ClNjgT6J3qY1TM/VEi', '5fe2bc10d4c10.jpg', 1, 1),
(399, '', 'yohanes.rafael.samosir-2018@fh.unair.ac.id', '', '', 1, 1),
(400, '', 'thabita.kurnia.putri-2018@fh.unair.ac.id', '', '', 1, 1),
(401, 'Aldika Cahya Narendra', 'aldika.cahya.naren-2018@fh.unair.ac.id', '$2y$10$AaGoTHNhwUeIsYB.QNxGA.VRfrmZrxIYANGe3dYbN7/jx7H.Bf29u', '5fe2b02c1bf5e.jpg', 1, 1),
(402, 'Arinni Dewi Ambarningrum', 'arinni.dewi.ambarningrum-2018@fh.unair.ac.id', '$2y$10$KW78Z6vsua74i5JCuoJWGuHcy1aR5jsFzCKHN./7UIvfjEJ5OuBc.', '5fe2bb7f5533f.jpg', 1, 1),
(403, '', 'igfara.yustika.sintadewi-2018@fh.unair.ac.id', '', '', 1, 1),
(404, '', 'aulia.dwi.ramadhanti-2018@fh.unair.ac.id', '', '', 1, 1),
(405, 'Dinda Putri L', 'dinda.putri.laksinta-2018@fh.unair.ac.id', '$2y$10$WB.DfGvp5vge4.D6sjbFTubhJWmVJ.08DQoHABMHhWmBmCaNW7uGm', '5fe2aca57f5ee.jpeg', 1, 1),
(406, 'Marsa Maghfirah Zahrah', 'marsa.maghfirah.zahrah-2018@fh.unair.ac.id', '$2y$10$3y8nI0VXdQenYNEVc9OFIe4K637p.RhEmesupef5NeeWvKOSq/N6y', '5fe28a17783ba.jpg', 1, 1),
(407, '', 'mahesa.panji.suropati-2018@fh.unair.ac.id', '', '', 1, 1),
(408, '', 'nadia.kamilah.malfadeskya-2018@fh.unair.ac.id', '', '', 1, 1),
(409, 'Rizal Kurniawan', 'rizal.kurniawan-2018@fh.unair.ac.id', '$2y$10$C17k3zfy8bSFaeIkEydm.ui03S1amxXmDuesgRcqhcFN6FFZXb8jG', '5fe2c0f013393.jpg', 1, 1),
(410, '', 'muhammad.rifky.vizzardhy-2018@fh.unair.ac.id', '', '', 1, 1),
(411, '', 'muhammad.naufalurridho.f-2018@fh.unair.ac.id', '', '', 1, 1),
(412, '', 'daniel.glori.dias-2018@fh.unair.ac.id', '', '', 1, 1),
(413, '', 'afina.luthfi.tsaniya-2018@fh.unair.ac.id', '', '', 1, 1),
(414, '', 'dio.arsylan.ade-2018@fh.unair.ac.id', '', '', 1, 1),
(415, '', 'swesty.medhilia.puteri-2018@fh.unair.ac.id', '', '', 1, 1),
(416, '', 'resita.kesumawardani-2018@fh.unair.ac.id', '', '', 1, 1),
(417, 'Jasmine Putri Sabillah', 'jasmine.putri.sabillah-2018@fh.unair.ac.id', '$2y$10$oWCIB6TuyofsrM5ieNlxfu0pdoAUC5cirTvDGDcHXLXffS2.MgOFu', '', 1, 1),
(418, '', 'ida.nur.azizah-2018@fh.unair.ac.id', '', '', 1, 1),
(419, '', 'jihan.nahdah.rachmahdani-2018@fh.unair.ac.id', '', '', 1, 1),
(420, '', 'hatfina.amajida-2018@fh.unair.ac.id', '', '', 1, 1),
(421, 'Putra Ahnaf Faadihilah', 'putra.ahnaf.faadihilah-2018@fh.unair.ac.id', '$2y$10$5qdQMSNDnGlfJ.YEJNhnTOJqrW.tnPntxduGNpv35dc0.wuYa7aoa', '', 1, 1),
(422, 'Farah Tania Nurulizzaty', 'farah.tania.nurulizzaty-2018@fh.unair.ac.id', '$2y$10$r1sj9CmQnYbrKxvB4BUZfe6b7skrMuvn1UQQapsmCSZqVPzPc//qu', '5fe2a5425e01a.jpeg', 1, 1),
(423, '', 'avan.oktabrian.buchori-2018@fh.unair.ac.id', '', '', 1, 1),
(424, 'mochammad geraldieanandra', 'mochammad.geraldieanan-2018@fh.unair.ac.id', '$2y$10$/emQefsovpjuQ7cjQqj8aepQidpEChJyT4AG8Kdg5S2IpAmFaAPHK', '5fe299b8519e2.jpeg', 1, 1),
(425, 'Fernanda Nadhif', 'fernanda.nadhif-2018@fh.unair.ac.id', '$2y$10$Hz8H1H.aOaUbFga/QDrOmuPBFoyhQbfxsgN23uRRRhI/gTUA2Zrfq', '5fe29818b6a48.jpeg', 1, 1),
(426, '', 'moh.maulana.dafa-2018@fh.unair.ac.id', '', '', 1, 1),
(427, '', 'syafirah.khansa.aribah-2018@fh.unair.ac.id', '', '', 1, 1),
(428, '', 'raissa.putri.rafin-2018@fh.unair.ac.id', '', '', 1, 1),
(429, '', 'puteri.ayu.lestari-2018@fh.unair.ac.id', '', '', 1, 1),
(430, '', 'andi.achmad.putranto-2018@fh.unair.ac.id', '', '', 1, 1),
(431, 'Dhinda Norlita Febriola', 'dhinda.norlita.febriola-2018@fh.unair.ac.id', '$2y$10$W2QAjuaKla8hwisW9Oyf6eWDmv735iJYQxzdrFWc6/qnkX3KLqtu.', '5fe2b33fc5145.jpg', 1, 1),
(432, 'Arief Cholid Garamah', 'arief.cholid.garamah-2018@fh.unair.ac.id', '$2y$10$L5Ajy3pzQPOuA1UsIXpU1Om8pFd7gFXJ2tZJhaoN1bY.cO8o27/96', '', 1, 1),
(433, '', 'auliya.cistaraja.javier-2018@fh.unair.ac.id', '', '', 1, 1),
(434, 'CHRISTIAN KENNY GUNAWAN', 'christian.kenny.gunawan-2018@fh.unair.ac.id', '$2y$10$vCN7AH8cyyxpo1GZWfppHOqw/3jcZ9Xskqr1qdB7BdWsyq1r5Cz46', '5fe2ae2271367.jpg', 1, 1),
(435, '', 'enditianto.abimanyu-2018@fh.unair.ac.id', '', '', 1, 1),
(436, '', 'adam.wildan.mubarak-2018@fh.unair.ac.id', '', '', 1, 1),
(437, '', 'trischa.galuh.krishnasanti-2018@fh.unair.ac.id', '', '', 1, 1),
(438, 'Mayang Hatika', 'mayang.hatika-2018@fh.unair.ac.id', '$2y$10$zH6DbxhaJcWH.UJQWAfwAuJ8BlsIvlOyHo9EwecCFerhGvCiG8OZe', '5fe2c3850505c.jpeg', 1, 1),
(439, 'Normandyarsa Rahman', 'normandyarsa.rahman-2018@fh.unair.ac.id', '$2y$10$3QH52XGGFFBey2tmNNMwO.6dah000PWbWx7fBBtUorHWqkEBpZnpC', '5fe2bada0082a.jpg', 1, 1),
(440, 'Samuel Calvin Hasiando Sinaga', 'samuel.calvin.hasiando-2018@fh.unair.ac.id', '$2y$10$ao7HomeDwwrrLo7Od6Gjpuc1bcS9Lb2YtJgEDEZVnknKibCpumxSi', '5fe2a409390be.jpg', 1, 1),
(441, 'rizky.ihza.priatamaja-2018@fh.unair.ac.id', 'rizky.ihza.priatmaja-2018@fh.unair.ac.id', '$2y$10$ADj7kg/aXsA29i4ZURBfXOgXDTbeX9Sn.Cq2SXV1K99b1TyLLp08y', '5fe2a2c5d7f02.jpeg', 1, 1),
(442, '', 'aszahra.sri.nugraheni-2018@fh.unair.ac.id', '', '', 1, 1),
(443, '', 'hafidah.nur.epsteinnia-2018@fh.unair.ac.id', '', '', 1, 1),
(444, '', 'quinta.nabila.xeonita-2018@fh.unair.ac.id', '', '', 1, 1),
(445, '', 'nabilah.khansa.aribah-2018@fh.unair.ac.id', '', '', 1, 1),
(446, '', 'rahmat.dwi.agafi-2018@fh.unair.ac.id', '', '', 1, 1),
(447, '', 'dimas.tri.sunu-2018@fh.unair.ac.id', '', '', 1, 1),
(448, 'ahmad dhandy kurnia', 'ahmad.dhandy.kurnia-2018@fh.unair.ac.id', '$2y$10$I1WRMWea3xwoWcU6OOO3CuShcx1xKUVKWB4/dNyoeWJ6.KpxM9Qwy', '5fe2a82ecd998.jpg', 1, 1),
(449, 'Felia Ramadhanty Waluyo', 'felia.ramadhanty.waluyo-2018@fh.unair.ac.id', '$2y$10$ZItQ516oJc8IFMCiashqUOQNYZUb.ktd4bMp26iKN.iVw9tQVFsuK', '5fe2c08190c91.jpg', 1, 1),
(450, '', 'ardhiani.chrisnia.nugraheni-2018@fh.unair.ac.id', '', '', 1, 1),
(451, 'Rafly Rachmananda Daffani', 'rafly.rachmananda.daffani-2018@fh.unair.ac.id', '$2y$10$I9Higkz/6DpoHjz5zoBHNuCMKKSocTZkeKwmkd8mqphJXJ5vpHb5W', '5fe29ee5c72a8.jpg', 1, 1),
(452, '', 'raquel.millenia.ramadhan-2018@fh.unair.ac.id', '', '', 1, 1),
(453, '', 'nur.ichsan.wira-2018@fh.unair.ac.id', '', '', 1, 1),
(454, '', 'rafi.adiyatma.wibawa-2018@fh.unair.ac.id', '', '', 1, 1),
(455, '', 'shafira.putri.kusumaningayu-2018@fh.unair.ac.id', '', '', 1, 1),
(456, 'Muhammad Arungga Bastarsyah', 'muhammad.arungga.bastarsyah-2018@fh.unair.ac.id', '$2y$10$euVkU1Jh7GO1.WoDrBOeV.6Pon7A5UBfZy9wfYaIyQWYXOxlw3i0O', '', 1, 1),
(457, '', 'annisa.regita.cahyani-2018@fh.unair.ac.id', '', '', 1, 1),
(458, '', 'ardhana.christian.noventri-2018@fh.unair.ac.id', '', '', 1, 1),
(459, '', 'gede.dimas.bayu-2018@fh.unair.ac.id', '', '', 1, 1),
(460, '', 'dina.amini-2018@fh.unair.ac.id', '', '', 1, 1),
(461, 'Namira Stalina Izandra', 'namira.alina.izan-2018@fh.unair.ac.id', '$2y$10$Rl1iPtXlZdxAcwG.jWuFaeaJ6HVe0y5uS5NIXIMWMVGiqMTRqvSXW', '5fe2af8ed68ad.jpg', 1, 1),
(462, 'Bima Angela', 'bima.angela-2018@fh.unair.ac.id', '$2y$10$beQkfR0QVezjkkeJfEo1vuZcxM6pnmEot21t4QXrlrLe5uWKakdzq', '5fe2a8fc06dc5.jpeg', 1, 1),
(463, '', 'istikhomah-2018@fh.unair.ac.id', '', '', 1, 1),
(464, '', 'alfinda.putri.nur-2018@fh.unair.ac.id', '', '', 1, 1),
(465, 'Revy Danuartha', 'revy.danuartha-2018@fh.unair.ac.id', '$2y$10$krOwHvfdyV5F.jQcGP9wfe9A7JqdEZ1tqC1wBhKM7fCvWzcxgtNhO', '5fe2a7c461e6a.jpeg', 1, 1),
(466, '', 'sinta.ratvitia.herlisah-2018@fh.unair.ac.id', '', '', 1, 1),
(467, '', 'kadek.anda.gangga-2018@fh.unair.ac.id', '', '', 1, 1),
(468, '', 'bryan.axel.susanto-2018@fh.unair.ac.id', '', '', 1, 1),
(469, '', 'viga.qonita.ulinuha-2018@fh.unair.ac.id', '', '', 1, 1),
(470, 'M Rahmandio Novan Pratama', 'm.rahmandio.novan.pratama-2018@fh.unair.ac.id', '$2y$10$MgbkC4KbQkbdfvlPEM3efu0LQPaYC0Uo1oHx4/SznpZ./NzdLI2am', '5fe2a486f0211.jpg', 1, 1),
(471, '', 'sherin.nadya-2018@fh.unair.ac.id', '', '', 1, 1),
(472, 'Patricia Inge Felany', 'patricia.inge.felany-2018@fh.unair.ac.id', '$2y$10$vyZWAWvuS4oGOO3yw9O5V.xY4qQNWoeByCYjGRJC6vigGqODmfsG2', '5fe2aaf8cf7ca.jpg', 1, 1),
(473, '', 'muhammad.ramzy.subakti-2018@fh.unair.ac.id', '', '', 1, 1),
(474, '', 'retno.hadiningtyas-2018@fh.unair.ac.id', '', '', 1, 1),
(475, '', 'maverick.gilang.pranyoto-2018@fh.unair.ac.id', '', '', 1, 1),
(476, 'Nabiyla Nadhir', 'nabiyla.nadhir-2018@fh.unair.ac.id', '$2y$10$GpVWY3F0cBnnmQuyejkp6eir/84ec4JjSAdbB47UciwbAC6Rz1E2i', '5fe2bc93dbd84.JPG', 1, 1),
(477, '', 'athalia.salsabila.ramadhani-2018@fh.unair.ac.id', '', '', 1, 1),
(478, '', 'nataya.afa.ghaziya-2018@fh.unair.ac.id', '', '', 1, 1),
(479, '', 'dinda.pranata.tri-2018@fh.unair.ac.id', '', '', 1, 1),
(480, '', 'farid.fan.siddik-2018@fh.unair.ac.id', '', '', 1, 1),
(481, '', 'alifiana.tanasya.widiyanti-2018@fh.unair.ac.id', '', '', 1, 1),
(482, 'Wahyu W. Kurniawan', 'wahyu.waullilamri.kurniawan-2018@fh.unair.ac.id', '$2y$10$K1r/VBr2vgV0sHmTCF5uMO2iD/3y0cr1AM9q0TUblXJds8LsT47MK', '5fe29fcbc9cb2.jpeg', 1, 1),
(483, '', 'nur.indah.apriani-2018@fh.unair.ac.id', '', '', 1, 1),
(484, '', 'hamdani.ilham-2018@fh.unair.ac.id', '', '', 1, 1),
(485, '', 'fikri.akbar-2018@fh.unair.ac.id', '', '', 1, 1),
(486, '', 'dia.aisa.amelda-2018@fh.unair.ac.id', '', '', 1, 1),
(487, '', 'tazkia.nanini-2018@fh.unair.ac.id', '', '', 1, 1),
(488, '', 'astrid.aurelia.windiputri-2018@fh.unair.ac.id', '', '', 1, 1),
(489, 'Gd Arya Prameswara', 'gd.arya.prameswara-2018@fh.unair.ac.id', '$2y$10$1qBjQEA33.Wj/3qdL9hXtuuZbkLgKT.yMpea8fbjoItLVAUX9s5oK', '5fe2a8d332a56.jpg', 1, 1),
(490, '', 'donald.hamonangan.siregar-2018@fh.unair.ac.id', '', '', 1, 1),
(491, 'Alfin Ramadhani Maulana', 'alfin.ramadhani.maulana-2018@fh.unair.ac.id', '$2y$10$tYnAotE5B4ZoseRJ9.f1huksfX.si1yAhyfyEvrAUsOTx2JeZPYbe', '5fe2b7837b0e7.jpg', 1, 1),
(492, 'John Sampe', 'john.roberto.sampe-2018@fh.unair.ac.id', '$2y$10$/41zA1qSN18CXgulmtOOu.kmERRHrZ9LBxqTdOhrf7S6bmXs2xAfC', '5fe2c4ede7f76.jpg', 1, 1),
(493, '', 'kensita.aurora.hartono-2018@fh.unair.ac.id', '', '', 1, 1),
(494, '', 'yoshe.agatha.patricia-2018@fh.unair.ac.id', '', '', 1, 1),
(495, '', 'anggia.rettrisunz.p.i.m.panjaitan-2018@fh.unair.ac.id', '', '', 1, 1),
(496, '', 'ganesha.amrina.wijaya-2018@fh.unair.ac.id', '', '', 1, 1),
(497, '', 'yolanda.hosana-2018@fh.unair.ac.id', '', '', 1, 1),
(498, '', 'josi.edward.lakburlawal-2018@fh.unair.ac.id', '', '', 1, 1),
(499, 'Aditya Beriyan Gusti', 'aditya.beriyan.gusti-2018@fh.unair.ac.id', '$2y$10$.jmLIe1ZmBqJn8p.zX8j7OzEMwEsYUDgTeiZFdVEurQ6fo6cxW8xq', '5fe2baa768712.jpg', 1, 1),
(500, 'Alya Azalia Permata Sari', 'alya.azalia.permata-2018@fh.unair.ac.id', '$2y$10$ygtIbXKkA4S4hiH0gCfGYusn14h58Jy1PB45Rid6Wv4f/Coo4CGBK', '5fe2bfd68348b.jpeg', 1, 1),
(501, 'Bima Satriojati', 'bima.satriojati-2018@fh.unair.ac.id', '$2y$10$cRvihe9t1VOJEISqLVhRTunPHOGIQMVGjUVEyHzguNSqenpSpj7tG', '5fe2adb89f61c.jpg', 1, 1),
(502, 'Hasbi I Maulana', 'hasbi.ilman.maulana-2018@fh.unair.ac.id', '$2y$10$IJwSkfvNHtVcEVmXR2E2IOXVvYcczk3st90cl.yRZh/F40NzegkBi', '5fe2afd526c20.jpeg', 1, 1),
(503, '', 'muhammad.hafidz.rafiansyah-2018@fh.unair.ac.id', '', '', 1, 1),
(504, '', 'steven.jonathan.suhardi-2018@fh.unair.ac.id', '', '', 1, 1),
(505, '031811133095', 'kurnia.widianto-2018@fh.unair.ac.id', '$2y$10$8gCTRhNJsqvMAXo6TMaswue2qwTYzsz2e.rxoABT/7hF8OxxzrmQm', '5fe2b221dfa7b.jpg', 0, 1),
(506, 'Pamus Sukma Yudana', 'pamus.sukma.yudana-2018@fh.unair.ac.id', '$2y$10$oYVSpqpZxt7LvKnFPFxvEe0Kim7eMZ/131oIwxiBSWVieIdjeq/cm', '5fe2acd8c9c4f.jpg', 1, 1),
(507, 'Dzaka Ananda Hidayat', 'dzaka.ananda.hidayat-2018@fh.unair.ac.id', '$2y$10$yBdsAnpA1UhIInztW4wy6OAWKNOSll3pgrdRU4PYw7Ucl.Rqr4sM6', '5fe2b3de46505.jpg', 1, 1),
(508, 'Antonio Armando Ramadhani', 'antonio.armando.ramadhani-2018@fh.unair.ac.id', '$2y$10$Lrp4MiQePjm2yVysqM/l/OZEiPstqsBqxC2Ay3qLkBdAesAoayLh.', '5fe2bb709e662.jpg', 1, 1),
(509, '', 'aldi.nakita.firdaus-2018@fh.unair.ac.id', '', '', 1, 1),
(510, 'Khofifah Nura Adila', 'khofifah.nura.adila-2018@fh.unair.ac.id', '$2y$10$ZApzwrPN4sQGsATPMg4AzuaBDomUcR/HfLMAmbavJHHunQIN7Sylm', '', 1, 1),
(511, 'Givana Adhytia Firananda', 'givana.adhytia.firananda-2018@fh.unair.ac.id', '$2y$10$0ifcL3sR6t.dWxHlEFuBeOq44Yj9QUUMYiv1ED/dQ33AsUv4LznHO', '5fe2c2b46176c.jpeg', 1, 1),
(512, '', 'raden.maheswira.rifki-2018@fh.unair.ac.id', '', '', 1, 1),
(513, 'Rheynena Suryo Brahmandari', 'rheynena.suryo.brahmandari-2018@fh.unair.ac.id', '$2y$10$X3Ot8P.O/1NNPlKpLSI2QOBYGjKgl/eJ5F4UjR7T.aol6TSJPU37K', '5fe2c1ace2505.jpg', 1, 1),
(514, '', 'adila.yulistia-2018@fh.unair.ac.id', '', '', 1, 1),
(515, '', 'raissa.farahani.ramadhan-2018@fh.unair.ac.id', '', '', 1, 1),
(516, 'Nydia Anamika', 'nydia.anamika-2018@fh.unair.ac.id', '$2y$10$8fm4oXiom.hdMITAMkduQ.wtjhciUD90FbRuewldaYb9H2fb/gbQ6', '', 1, 1),
(517, '', 'nandani.bayu.prasanti-2018@fh.unair.ac.id', '', '', 1, 1),
(518, 'Abdullah Haikal Muhammad', 'abdullah.haikal.muhammad-2018@fh.unair.ac.id', '$2y$10$/F3cPYGqut8H/r6OObfDYehyst2nIrzQJpRJiwdZNgNDThJ4HMdcS', '5fe2ab4ed5faa.jpg', 1, 1),
(519, '', 'farah.fadhila.amany-2018@fh.unair.ac.id', '', '', 1, 1),
(520, 'dwiky maulana akbar', 'dwiky.maulana.akbar-2018@fh.unair.ac.id', '$2y$10$Qc5oj6a.59wj4POdqn7pJugA5WtEFNVxw0K.XmqSAdRhcS1.hW7YO', '5fe2aeebd7992.jpg', 1, 1),
(521, 'Tia De Sangkai', 'tia.de.sangkai-2018@fh.unair.ac.id', '$2y$10$lpewFM3u.ZhfOv81igcXzOSX46GB4KcEbpeX7De2qdO4KWZspe5Uu', '5fe2c49563cd9.jpg', 1, 1),
(522, '', 'simon.kharisma.jonathan-2018@fh.unair.ac.id', '', '', 1, 1),
(523, '', 'nadya.hasya.fadlih-2018@fh.unair.ac.id', '', '', 1, 1),
(524, '', 'iddo.noor.ramadhan-2018@fh.unair.ac.id', '', '', 1, 1),
(525, '', 'muhamad.zikri.ebrahimi-2018@fh.unair.ac.id', '', '', 1, 1),
(526, '', 'alvin.limy-2018@fh.unair.ac.id', '', '', 1, 1),
(527, 'Dita Elvia Kusuma Putri', 'dita.elvia.kusuma-2018@fh.unair.ac.id', '$2y$10$HtFYTy1DLMR/pHveZw.0yOPir5T6y1bA2HcrxccmosRZCedegESk6', '5fe2ae8786241.jpeg', 1, 1),
(528, 'Umi Masnur Adniyah', 'umi.masnur.adniyah-2018@fh.unair.ac.id', '$2y$10$ibuqh3Agx8bv8gG73PHBnec0yyPE2WwcuX5X4GxmKcdL3XIESRrUK', '5fe2a08cc7b80.jpg', 1, 1);
INSERT INTO `voter` (`voter_id`, `name`, `email`, `password`, `attachment`, `send_status`, `is_active`) VALUES
(529, 'Nisrina Rahma Berlianna', 'nisrina.rahma.berlianna-2018@fh.unair.ac.id', '$2y$10$ZojgB7ZYbuMP16hCubCgjeWXnG5mqbpdMMSgP0WGfPMH2Im7dOlXa', '', 1, 1),
(530, '', 'nadiva.aura.aisyah-2018@fh.unair.ac.id', '', '', 1, 1),
(531, 'Claudette Adelia', 'claudette.adelia-2018@fh.unair.ac.id', '$2y$10$oX7XlO3sIHiW.nUP/8CtEenoKpSFbbt52DE9p3359w00Nqy61PZYW', '5fe2a70e9ae10.jpg', 1, 1),
(532, 'Diajeng woro andini', 'diajeng.woro.andini-2018@fh.unair.ac.id', '$2y$10$eQO9/2dw7g77.50bRU2bU.aKa3emRdePNXt0b.LN7jcatZx7pRL9K', '5fe2aff9e26b8.jpg', 0, 1),
(533, '', 'dinta.febriawanti-2018@fh.unair.ac.id', '', '', 1, 1),
(534, 'Deddy Kusuma Wardana', 'deddy.kusuma.wardana-2018@fh.unair.ac.id', '$2y$10$p1mvi29336RvdipcFyYZm.Gd1rtTNGu5Px6MJ1vJ6vU/G/VEvqZLi', '5fe2bd0013a22.jpeg', 1, 1),
(535, 'Dhea selfiana putri', 'dhea.selfiana.putri-2018@fh.unair.ac.id', '$2y$10$JvIZbI7C8Cn9a0k/04mgauiUouLwehgFpX26EtJkc.a8CnOTiCLxm', '5fe2b625d495b.jpg', 1, 1),
(536, '', 'nanda.dwi.ivanka-2018@fh.unair.ac.id', '', '', 1, 1),
(537, 'Ayu Sasmita', 'ayu.sasmita-2018@fh.unair.ac.id', '$2y$10$NKINpJyxCctGZXrWsHZKeeYKhefDf2QQLsDuc.Sp7uLvybP/I559a', '5fe2986ad5f9d.jpg', 1, 1),
(538, '', 'urai.ainun.nafis-2018@fh.unair.ac.id', '', '', 1, 1),
(539, 'zati rizqi muhammad', 'zati.rizqi.muhammad-2018@fh.unair.ac.id', '$2y$10$.5rTVzpZlxvVsrIQqpJF9./4voQu5uK7s5imwwQXlsI99/mbGb.pG', '5fe29f7d4c0d5.jpg', 1, 1),
(540, 'Vira Ayu Aprilia', 'vira.ayu.aprilia-2018@fh.unair.ac.id', '$2y$10$Ix8D8P.Vtujvh4zOXn1Ate6c.y29gEYXcJ9bH4SNPQazBoSS8EBTi', '5fe2bfaed1d93.jpg', 1, 1),
(541, 'Nanda Alif Prasedella Putra', 'nanda.alif.prasedella-2018@fh.unair.ac.id', '$2y$10$3kR2AEpZ/x6TJ.f2uQNgG.Dj8WokY53AgtCCXkP9G/960FALtMC9m', '5fe2abd1616f2.jpg', 1, 1),
(542, '', 'anggi.audina.ayu-2018@fh.unair.ac.id', '', '', 1, 1),
(543, 'Muhammad Dradjat Kusumaningrat', 'muhammad.djat.kusumaningrat-2018@fh.unair.ac.id', '$2y$10$r0IGIQp1c5twfWZdLty/vuHGvLyoQafFddmjRmf./Nuc38XDBZuEy', '5fe2b09402acc.jpg', 0, 1),
(544, 'Arinie Sherlita C', 'arinie.erlita.cholis-2018@fh.unair.ac.id', '$2y$10$nasYIc6W6z5.HAwz4IJs3uNQdqll1zmTGvAMBxq4Yl9Vhwt5vZwbi', '5fe2b31380745.jpg', 0, 1),
(545, '', 'asmanada.khairrunnissa.wibowo-2018@fh.unair.ac.id', '', '', 1, 1),
(546, 'Hilda Rizma Amalia', 'hilda.rizma.amalia-2018@fh.unair.ac.id', '$2y$10$GumsCCjwn/2PDRZ7ZsFXMO7m3q1BfUmd7HlvIli2fgUjOgqroTvny', '5fe2a5f327029.JPG', 1, 1),
(547, '', 'rosi.ambaretha-2018@fh.unair.ac.id', '', '', 1, 1),
(548, '', 'dyah.tantri.lingga-2018@fh.unair.ac.id', '', '', 1, 1),
(549, '', 'melenia.fitri.nur-2018@fh.unair.ac.id', '', '', 1, 1),
(550, '', 'baiq.elma.purnamawadita-2019@fh.unair.ac.id', '', '', 1, 1),
(551, 'Rahajeng Dzakiyya Ikbar', 'rahajeng.dzakiyya.ikbar-2019@fh.unair.ac.id', '$2y$10$GD9tVkZnpVFlNuq62fjAAu3G2msfjdIS82NOqfEd6aeXcfgxJdNpe', '', 1, 1),
(552, 'Yohanes Adryan Lamury Hadjon', 'yohanes.adryan.lamury-2019@fh.unair.ac.id', '$2y$10$pSr4Fyuw3kG5DPknJzWViOkgLyBx8DwHRZtZCo3LkEbmdYam2CDFq', '5fe2ab89d6b1f.jpg', 1, 1),
(553, '', 'yuarini.dini.hidayah-2019@fh.unair.ac.id', '', '', 1, 1),
(554, '', 'nenes.renata-2019@fh.unair.ac.id', '', '', 1, 1),
(555, '', 'suci.maharani-2019@fh.unair.ac.id', '', '', 1, 1),
(556, '', 'nur.endah.puspitasari-2019@fh.unair.ac.id', '', '', 1, 1),
(557, 'Avika Shinta Nurfadila', 'avika.inta.nurfadila-2019@fh.unair.ac.id', '$2y$10$yEti.Hk8x3HpXO86rZMx4e1OLVb/HAIaTHaFL0meFgPahp0noFuym', '5fe2a56ae99f9.JPG', 1, 1),
(558, '', 'feri.kurniawan-2019@fh.unair.ac.id', '', '', 1, 1),
(559, '', 'elsa.ardhilia.putri-2019@fh.unair.ac.id', '', '', 1, 1),
(560, '', 'tiara.astri.nordianti-2019@fh.unair.ac.id', '', '', 1, 1),
(561, '', 'intan.amalia.putri-2019@fh.unair.ac.id', '', '', 1, 1),
(562, 'Isyraf Rizqi Athaillah', 'isyraf.rizqi.athaillah-2019@fh.unair.ac.id', '$2y$10$XjR0CQ.rXBzoM9s5ET3Cu.hd4SAWZrX8OkEQUH/ubtvr/v6ND42Lq', '5fe2ac6a1bdb9.jpg', 1, 1),
(563, 'Fera Firnanda', 'fera.firnanda-2019@fh.unair.ac.id', '$2y$10$iglxok8vBCK7N8i7zWIwMOQQCLj/ZEGINnlNw/0WyGBIerEWnS4QG', '5fe2ae15b09d2.jpg', 1, 1),
(564, 'Nindy Ramenda Putri', 'nindy.ramenda.putri-2019@fh.unair.ac.id', '$2y$10$u10FTYnxsPDGRVaz8xNpseLeFa7PEkXi8OTFbRIGiGsdYS7i25wCu', '5fe2a384aba41.jpg', 1, 1),
(565, 'Adimas Kembarari Mukti', 'adimas.kembarari.mukti-2019@fh.unair.ac.id', '$2y$10$H4AT9QJT0lkRmEdqPITPzeAWL3I6f98FQQ/N6YzKDrKyCiRX.ag2O', '5fe2b1fc5dafc.jpg', 0, 1),
(566, 'Adelya Iskak Putri Anggraini', 'adelya.iskak.putri-2019@fh.unair.ac.id', '$2y$10$NZT6TAegRoGNQOD9nl5uL.QAueI8EwKzGQxu/Q4Bssb4BaUNMLoiq', '5fe2b3a3e19f5.jpg', 0, 1),
(567, '', 'muhamad.yovi-2019@fh.unair.ac.id', '', '', 1, 1),
(568, '', 'pamela.putri.koraag-2019@fh.unair.ac.id', '', '', 1, 1),
(569, '', 'dian.alodia.diva-2019@fh.unair.ac.id', '', '', 1, 1),
(570, 'Sheilla Aurell Zhafirah', 'sheilla.aurell.zhafirah-2019@fh.unair.ac.id', '$2y$10$.Cg6ocbgP6t.SwxQYIyDvuh1x7xSArXZPPSqG2hRQG7VwPMCrp7NW', '5fe2c3180b815.jpg', 1, 1),
(571, '', 'seftiyani.rizka.suatan-2019@fh.unair.ac.id', '', '', 1, 1),
(572, '', 'jennifer.moniq.sutanto-2019@fh.unair.ac.id', '', '', 1, 1),
(573, 'siti nurul fadhilla', 'siti.nurul.fadhilla-2019@fh.unair.ac.id', '$2y$10$C1hSEdpvaI7/xDyN0iG8b.Q.Ioh7tkyhG9fS2lYnq.Sv8vk1ULB32', '5fe2ad824f1b6.jpg', 1, 1),
(574, 'Fransiska Yulia Rahmadtika Santoso', 'fransiska.yulia.rahmadtika-2019@fh.unair.ac.id', '$2y$10$oJvYxY.L19DCt3Sbbj.aberm0Dh0N61HsoSozQski4TKjIPJsEYaa', '5fe2bb48b0a4e.jpg', 1, 1),
(575, '', 'ursula.paramitha.ramadini-2019@fh.unair.ac.id', '', '', 1, 1),
(576, 'Iqbal Umar Effendi', 'iqbal.umar.effendi-2019@fh.unair.ac.id', '$2y$10$6tJTcON0LFqCTMmTvW2vQeyCTmuJcZp.AZwGfIEVOHAJnI5UKaT0K', '5fe29af083bca.jpeg', 1, 1),
(577, '', 'dio.faizal.lobby-2019@fh.unair.ac.id', '', '', 1, 1),
(578, '', 'khansa.kamilah.mahdiyani-2019@fh.unair.ac.id', '', '', 1, 1),
(579, 'selvia ananda tri avista ', 'selvia.ananda.tri-2019@fh.unair.ac.id', '$2y$10$/Xp9ylikltnQBm9YGGE.pOpuxVHFFUXW/J6jOclHW6yZrr7ej6rc2', '5fe2bd47bc173.jpeg', 1, 1),
(580, 'Lucke Putri Anjani', 'lucke.putri.anjani-2019@fh.unair.ac.id', '$2y$10$D2IN.URtgVnd7fJMILiyfuFbDwJJeBJvV9QmQrEPR4x7IogGE7a8O', '5fe29e6c95ff5.jpg', 1, 1),
(581, 'Zanuba Rachmawati Utomo', 'zanuba.rachmawati.utomo-2019@fh.unair.ac.id', '$2y$10$M.1tOpnBuZj2dNF816XKzeHtNuoGV8HSJGaW3hls9HzOPMfirHspi', '5fe28c1a82e1c.jpeg', 1, 1),
(582, 'Fanni amara putri', 'fanni.amara.putri-2019@fh.unair.ac.id', '$2y$10$poyrGzi1XH6Sjz6c5Hm2QuiDGjzW18izPQaO95svqwhZhlg3ZOgCW', '5fe2a4a2e2cbf.jpg', 1, 1),
(583, 'St. Maryam Syafarina', 'st.maryam.syafarina-2019@fh.unair.ac.id', '$2y$10$o3F7744RSrRCabZ4D9JbAOm6WUYMOSBTGxVeoVvd93cAAfHoL.bSa', '5fe2bc90c472e.jpg', 1, 1),
(584, 'Venska Salsabila Labaika', 'venska.salsabila.labaika-2019@fh.unair.ac.id', '$2y$10$iJ3KIfiRaxtLHwoq5coNRep.hKzJbp7e72iTxjkZoW74JqoZfmr3q', '5fe298ed6cf78.jpg', 1, 1),
(585, 'Laras Dwi Oktavia Fad\'lilah', 'laras.dwi.oktavia-2019@fh.unair.ac.id', '$2y$10$8/6rH6KTOKFrAHNt/ahTMuLwud7OHeAqpkUqJY5UBbAcSWcF6MOhS', '5fe2bb49d22ec.jpg', 1, 1),
(586, '', 'dimas.arya.wiratamma-2019@fh.unair.ac.id', '', '', 1, 1),
(587, 'zenith ikhsan ariqi', 'zenith.ikhsan.ariqi-2019@fh.unair.ac.id', '$2y$10$PaHk7LqcIqldxB.Ys2/2iuGc/MYSVyHOHMj9.J2LZJDV21I/xSF4y', '5fe2ab38bae44.jpg', 1, 1),
(588, 'Mirani Sucisia Dewi', 'mirani.sucisia.dewi-2019@fh.unair.ac.id', '$2y$10$lFnqRt5ifDJEv0mbKT3Z4.rXTvCxsTXIT9CQ1uHAf2yjGcvtYwZWa', '5fe2a552f07dc.jpg', 1, 1),
(589, 'Jimly Ashiddiqy', 'jimly.ashiddiqy-2019@fh.unair.ac.id', '$2y$10$2RLZZXeXlJcVEGmHk1dsSeT9H2lxkxZd16Jr06Ki638XrjrhvabNm', '5fe2b250ea56c.jpeg', 0, 1),
(590, '', 'nabila.jasmine.ardyanto-2019@fh.unair.ac.id', '', '', 1, 1),
(591, '', 'delvino.aldy.djiwandono-2019@fh.unair.ac.id', '', '', 1, 1),
(592, 'FIRANTI ROHADATUL AISY', 'firanti.rohadatul.aisy-2019@fh.unair.ac.id', '$2y$10$BToEkx6DR5IH0mznoIeh5.ThET8x0xbQfPGJ3F6z9I7fEq9zl/.Fe', '5fe2b44d99f75.jpg', 1, 1),
(593, '', 'fithrotul.ainiah-2019@fh.unair.ac.id', '', '', 1, 1),
(594, 'Azzahra Nabila Nurfirdaus', 'azzahra.nabila.nurfirdaus-2019@fh.unair.ac.id', '$2y$10$RRLpl.VbKg4zNqGQ7inVn.UF7tJEi2eQtpL4GZ5pctOj3iD6pKJti', '', 1, 1),
(595, 'M. Adib Akmal Hamdi ', 'm.adib.akmal.hamdi-2019@fh.unair.ac.id', '$2y$10$KyH8NJ1.wsAC1nXZqeLk8uVPeBh18HEgGZrkiLeNZfdSccTU0n1lO', '', 1, 1),
(596, 'Dean Rizqullah Risdaryanto', 'dean.rizqullah.risdaryanto-2019@fh.unair.ac.id', '$2y$10$FNb0lgFLlfAIUrBDFzzF3OiS/KElo2Qog2bfVC6oll2z1V96ZBd4K', '5fe2b4d8da188.jpg', 0, 1),
(597, '', 'alfi.sarifah.malau-2019@fh.unair.ac.id', '', '', 1, 1),
(598, 'Muhammad Haikal Ghiffari', 'muhammad.haikal.ghiffari-2019@fh.unair.ac.id', '$2y$10$48YBVh1ptowBzk/akRlBmeZ/TJE805CyjA0Sx4cTcuHLtNcxS1fIa', '5fe29e214092e.jpeg', 1, 1),
(599, '', 'felicia.tanalina.ylma-2019@fh.unair.ac.id', '', '', 1, 1),
(600, '', 'laila.maghfira.andaretna-2019@fh.unair.ac.id', '', '', 1, 1),
(601, 'Ardani Raihan Utomo', 'ardani.raihan.utomo-2019@fh.unair.ac.id', '$2y$10$zAoj4kgsVqLCYDJE2zGOUeEbZC3JxTrIDFHZStRh.nC2i27APntUi', '5fe2954d747f2.jpg', 1, 1),
(602, '', 'jalu.adinata-2019@fh.unair.ac.id', '', '', 1, 1),
(603, 'Rateh kusumaningseh', 'rateh.kusumaningseh-2019@fh.unair.ac.id', '$2y$10$VsjG8geqWDoTY4ys1sN42.J1w8a4wjPgu9Bjt7ehq7zcIe19l3PB6', '5fe2bd23ae82c.jpg', 1, 1),
(604, 'Nurul Zavira', 'nurul.zavira-2019@fh.unair.ac.id', '$2y$10$sUqWxbWWAXoEcQ.SW2x2Tedc90PFcS8NfuXxKYScQ2.BVlk4ayGwW', '5fe2a26d33b69.jpeg', 1, 1),
(605, '', 'eghilia.heavy.mourita-2019@fh.unair.ac.id', '', '', 1, 1),
(606, '', 'yulia.wulansari-2019@fh.unair.ac.id', '', '', 1, 1),
(607, 'Kirana Pandu Larashatie', 'kirana.pandu.larashatie-2019@fh.unair.ac.id', '$2y$10$VeUEtH83rHBdqfUioFT4xua7VkqupYRhxW4DGDqYRxIEvU//NNkMq', '5fe2c507c8d67.jpg', 1, 1),
(608, '', 'moch.fakhrul.hadjid-2019@fh.unair.ac.id', '', '', 1, 1),
(609, 'Nadila Azzahra Putri', 'nadila.azzahra.putri-2019@fh.unair.ac.id', '$2y$10$.ECNDE7gHaWpUdXGC9Otju0G64O697Im7bUF7usNdpSXTepJqUoWG', '5fe2bb40697ce.jpg', 1, 1),
(610, '', 'sayyidah.annuril.laily-2019@fh.unair.ac.id', '', '', 1, 1),
(611, 'Avany Mahmudah', 'avany.mahmudah-2019@fh.unair.ac.id', '$2y$10$YZo7Fe0pGN/FBHkWlLplV.GjFmpNAyOWBHSee4any.jYTXDCZYL6i', '', 1, 1),
(612, 'Tessa Ardhia Maheswari', 'tessa.ardhia.maheswari-2019@fh.unair.ac.id', '$2y$10$ZXrLIfm2BNYjJWRa2Jn.2em/RP5yw5JYcemrUIIGjQfB3uKbdTyKe', '', 1, 1),
(613, 'Cindy Tatia Amallia', 'cindy.tatia.amallia-2019@fh.unair.ac.id', '$2y$10$TTYDcHYYt9DKC7xONpI/GuJZe9Amhfq0YFu5etoIfYCQJagTqSv3q', '5fe2bd2422f9c.jpg', 1, 1),
(614, 'zefanya', 'zefanya.julietha.lalopua-2019@fh.unair.ac.id', '$2y$10$iHmBDPq5bAhvLLUkfjvAueaP42kZc1ZufmfXK5znDPI3sEuQQT9dO', '5fe2bde88ecb4.jpg', 1, 1),
(615, 'Anna Maria Herpuspaningtyas', 'anna.maria.herpuspaningtyas-2019@fh.unair.ac.id', '$2y$10$Q.VUnMS4IXRfAtpIE5.6XOoSncKNNtKLIXRXSUxN2q6liqE8cE9RS', '5fe2b795113a6.jpeg', 1, 1),
(616, '', 'tahnia-2019@fh.unair.ac.id', '', '', 1, 1),
(617, 'Lailatul Komaria', 'lailatul.komaria-2019@fh.unair.ac.id', '$2y$10$wQCyCWI0vTAvuBhtB4068uyZvYIKYBgPYpVIR3rVkIjwGpnVL9pNe', '', 1, 1),
(618, '', 'anessa.nurfadilla.subagio-2019@fh.unair.ac.id', '', '', 1, 1),
(619, 'Ali Mannagalli', 'ali.mannagalli-2019@fh.unair.ac.id', '$2y$10$nibKgb7oxeXExOMMB2tFc.DKZvOQFdXaALDS6nlxTyyp9dbzC2CiW', '5fe2b7e4d2380.jpg', 1, 1),
(620, 'Gilar Andika Maulana', 'gilar.andika.maulana-2019@fh.unair.ac.id', '$2y$10$EKPh24JlK21wPeTVXklDVuZ8GZjBVgLusWO.UBJBQju5t64g/ffzG', '5fe28a582a638.jpg', 1, 1),
(621, '', 'zulfitrah-2019@fh.unair.ac.id', '', '', 1, 1),
(622, '', 'safirila.asri.wijayati-2019@fh.unair.ac.id', '', '', 1, 1),
(623, 'Ariel Ciptadi Darmawan', 'ariel.ciptadi.darmawan-2019@fh.unair.ac.id', '$2y$10$BKVXFJ42N.ga2QPFgZXAFOCnwoB5WG3QXbX2C8F0agf/2j8zKKERC', '5fe2c3b29392b.jpg', 1, 1),
(624, '', 'ridho.budaya.septarianto-2019@fh.unair.ac.id', '', '', 1, 1),
(625, '', 'alifya.syifa.argya-2019@fh.unair.ac.id', '', '', 1, 1),
(626, 'Humaditya Pradigta Abdi', 'humaditya.pradigta.abdi-2019@fh.unair.ac.id', '$2y$10$zOFIMDnevrSDAD7.4dBqFOM99SmBdS5FV5ZA.PVXaylaXY.jcalQa', '5fe2ae0c4cf0a.jpg', 1, 1),
(627, 'Muhammad Faisal Hilmi Gunawan', 'muhammad.faisal.hilmi-2019@fh.unair.ac.id', '$2y$10$1XSIcSN1jD2fm8q1blpkQOrddBO8/Dote0gc8YlcZlek6zUW/fUhG', '5fe2aed560bf4.jpg', 1, 1),
(628, 'ALFIAN ARDIANSYAH', 'alfian.ardiansyah-2019@fh.unair.ac.id', '$2y$10$RfuxSyS3ipYHWPHtHfaUHOiK9YBc1rjRz2niYO/MJ1M3mnyRuHuu6', '5fe2be1eef22f.jpeg', 1, 1),
(629, 'rucha abe', 'rucha.abe.yuliniar-2019@fh.unair.ac.id', '$2y$10$R6WxLIESkWvSx2ghWvtD.OLTGT8DMxCsA191KU/3aFBqJWoRSwuTO', '5fe2b33616e45.jpg', 0, 1),
(630, '', 'devana.oktari-2019@fh.unair.ac.id', '', '', 1, 1),
(631, '', 'i.gede.dharma.mahen-2019@fh.unair.ac.id', '', '', 1, 1),
(632, '', 'lisa.dwi.andini-2019@fh.unair.ac.id', '', '', 1, 1),
(633, '', 'atiyyah.fitriyah-2019@fh.unair.ac.id', '', '', 1, 1),
(634, '', 'gusti.aditya.mahesa-2019@fh.unair.ac.id', '', '', 1, 1),
(635, 'Mohammad miroj ardyansyah', 'mohammad.miroj.ardyansyah-2019@fh.unair.ac.id', '$2y$10$LQGzLv0g9LIzm0ozJtjc9epmXWXeFKx3GLtiP92rZQsFyIcjLZA3y', '5fe2bb58449c6.jpeg', 1, 1),
(636, 'Saddam Alwan Sakti Mahindra', 'saddam.alwan.sakti-2019@fh.unair.ac.id', '$2y$10$3XApiiueyhHNh2Zd/kjuQOPFI/XIBS1lNFIBBfeCjWvU0f2sBjup6', '5fe2c202d09bf.jpeg', 1, 1),
(637, '', 'adnan.kashogi-2019@fh.unair.ac.id', '', '', 1, 1),
(638, '', 'regi.leonardus.nathanael-2019@fh.unair.ac.id', '', '', 1, 1),
(639, '', 'talia.alfirna.maulida-2019@fh.unair.ac.id', '', '', 1, 1),
(640, 'Viranissa Shafa Adira', 'viranissa.afa.adira-2019@fh.unair.ac.id', '$2y$10$yHTXxbUtulUfmRB5DfY49Osn4uECDclx1ffe8SL0g0w6cskDd2x/i', '5fe2aee7bc9e8.jpg', 1, 1),
(641, '', 'saffana.azzahra-2019@fh.unair.ac.id', '', '', 1, 1),
(642, 'Hanna Rosyidah', 'hanna.rosyidah-2019@fh.unair.ac.id', '$2y$10$Fqaf8ROo8LaW0b0WY3C5o.8ppTbfvJRLgIrmd.Tew4JpKXbQ9UNEi', '5fe2b628821d3.jpeg', 1, 1),
(643, 'Gaby Mallinda', 'gaby.mallinda.nena-2019@fh.unair.ac.id', '$2y$10$6q06mtwt0JDIvVMr5UPnLuSmh.hl47eYzeU0aXSpgcJma4b0FPw1m', '5fe2bbdb57c7d.jpg', 1, 1),
(644, 'Wella Mareta Nanda', 'wella.mareta.nanda-2019@fh.unair.ac.id', '$2y$10$BOt6FI8Qn6mtuDNggoTkYub1sJ90uL8oxfoOt/CoXFDZlryujZr9y', '5fe2c4670101b.jpeg', 1, 1),
(645, '', 'alrizka.putra.kusuma-2019@fh.unair.ac.id', '', '', 1, 1),
(646, 'Ivan Maulana Pratama ', 'ivan.maulana.pratama-2019@fh.unair.ac.id', '$2y$10$..OBSY9zRcB/eWH/aogFGuZqbz51ymGfG84VBBDFpJcB35fQj/A2C', '5fe2b2eb443f3.jpg', 1, 1),
(647, '', 'aurel.muhammad.abdi-2019@fh.unair.ac.id', '', '', 1, 1),
(648, 'Rachma Firdayanti', 'rachma.firdayanti-2019@fh.unair.ac.id', '$2y$10$Ry4anM1pOHaSFnPSjhFx3epIbquFPoRf2t2D6w0pGhmAjbfnDeRVm', '', 1, 1),
(649, '', 'ghea.aurellia-2019@fh.unair.ac.id', '', '', 1, 1),
(650, 'Rizky Maulana Hakim', 'rizky.maulana.hakim-2019@fh.unair.ac.id', '$2y$10$7AbNzNGqR/wEUg9/W36lC.zx0cuOZbNPcIPd.Wrls0lC9FJzUqIkq', '5fe29ea54091f.jpg', 1, 1),
(651, '', 'balqis.nabilah.yeni-2019@fh.unair.ac.id', '', '', 1, 1),
(652, 'monik reswara', 'monika.reswara.kartika-2019@fh.unair.ac.id', '$2y$10$y7PPHGNs2V8YCNUAHqIgtOE1k7x1a73aaolgW7WV6OpzvIF/J8NDq', '', 1, 1),
(653, 'Boby Brillian Ilham Pangestu', 'boby.brillian.ilham-2019@fh.unair.ac.id', '$2y$10$uXNL1cUTYLv.5BM7EPJAYegIFvoKiyVlujQ9nPMvXVkLjdmFjqFeO', '5fe297e0c24bc.jpg', 1, 1),
(654, '', 'alviani.mutiara.sari-2019@fh.unair.ac.id', '', '', 1, 1),
(655, '', 'alya.ariani.putri-2019@fh.unair.ac.id', '', '', 1, 1),
(656, '', 'arlitasya.ramadhani.sutanto-2019@fh.unair.ac.id', '', '', 1, 1),
(657, '', 'wirayati.nurjana.pangulu-2019@fh.unair.ac.id', '', '', 1, 1),
(658, 'Muhammad Shokhikhul Islam', 'muhammad.okhikhul.islam-2019@fh.unair.ac.id', '$2y$10$Hz/hYUf8P0yW8pwcfQ.13uO3rckLqfq7DL36AumZjXnn2jW20opPm', '5fe2a0fdc2521.jpg', 1, 1),
(659, 'Saddam Saragih', 'saddam.saragih-2019@fh.unair.ac.id', '$2y$10$GHD.iNYOKTU884L96LZgKuZ1A/AAOBDlH6PNhcCDvBnolKlQNptOy', '5fe2ad4ee7abf.jpeg', 1, 1),
(660, 'Galih Chandra Dewi', 'galih.chan.dewi-2019@fh.unair.ac.id', '$2y$10$7cvECT4UEk5D3wsKuxuVpeK7WX3qaTtF5YmgAnFqQQrTlsi9g7G6q', '5fe2c3b6b7d48.jpg', 1, 1),
(661, 'Ardhan Bismamukti Mashury', 'ardhan.bismamukti.mashury-2019@fh.unair.ac.id', '$2y$10$M0Z2JLIIvIq7fBziY1MQ3.gUsQxIUygQ/SstQIpLgWcN/pbt9GlFW', '5fe2995bdfeac.jpg', 1, 1),
(662, '', 'muhammad.falah.dawanis-2019@fh.unair.ac.id', '', '', 1, 1),
(663, '', 'jazilah.astiti-2019@fh.unair.ac.id', '', '', 1, 1),
(664, '', 'mazaya.aumy.khairana-2019@fh.unair.ac.id', '', '', 1, 1),
(665, 'Bisma ainul yakin', 'bisma.ainul.yakin-2019@fh.unair.ac.id', '$2y$10$aq1yYPkz6hcTSYkSGqbuPOvdOADJmLVCJ11Fz/efTVSN3TdY169Nu', '5fe297d54a596.jpg', 1, 1),
(666, '', 'robertus.derivio.sartono-2019@fh.unair.ac.id', '', '', 1, 1),
(667, 'Aldiansyah pratama', 'aldiansyah.pratama-2019@fh.unair.ac.id', '$2y$10$0t9IpI1XY/wkU7wDsnuGBeekbx1lEO5tIMOCwfgs3DZO4Dl06Irka', '5fe2a6d7ea518.jpg', 1, 1),
(668, '', 'bayu.satya.ndharma-2019@fh.unair.ac.id', '', '', 1, 1),
(669, 'James Faizal Budiono', 'james.faizal.budiono-2019@fh.unair.ac.id', '$2y$10$4a6m4fmsSVVxrYdSTpG5L.F5dPWz4Qjdd2dkCnoN9QlntI4Qxka72', '5fe2c093b2547.jpg', 1, 1),
(670, '', 'betsy.prajna.paramita-2019@fh.unair.ac.id', '', '', 1, 1),
(671, '', 'santika.devani.zabitha-2019@fh.unair.ac.id', '', '', 1, 1),
(672, '', 'juan.safero.rianda-2019@fh.unair.ac.id', '', '', 1, 1),
(673, '', 'gabriella.ma.monica-2019@fh.unair.ac.id', '', '', 1, 1),
(674, '', 'adna.farras.sahasika-2019@fh.unair.ac.id', '', '', 1, 1),
(675, 'novania aulia rahma', 'novania.aulia.rahma-2019@fh.unair.ac.id', '$2y$10$PezhI7AJJinKEKRuEUM7TOvJ.vjFuf8b.ceK4y5Ki296w3RwO./f.', '5fe2b8c6baf26.jpeg', 1, 1),
(676, '', 'muhammad.wildan.kahfi-2019@fh.unair.ac.id', '', '', 1, 1),
(677, '', 'helena.amadea.loudia-2019@fh.unair.ac.id', '', '', 1, 1),
(678, '', 'dea.safira.setiono-2019@fh.unair.ac.id', '', '', 1, 1),
(679, 'zaizafun lathifah', 'zaizafun.lathifah-2019@fh.unair.ac.id', '$2y$10$fxkiDst9Q15aYXjgQnjZmeOsAtdnWgzeI12jaGRCK4ShtrrC2eQTC', '', 1, 1),
(680, '031911133157', 'irana.alya.raihanah-2019@fh.unair.ac.id', '$2y$10$FENW0.FrpI06hphDAE/Twuil.Caz7tELC7hIDYtNDZZ80jFZakWI2', '5fe2ad7c8162e.JPG', 1, 1),
(681, 'Hilmy Rumi Rahman', 'hilmy.rumi.rahman-2019@fh.unair.ac.id', '$2y$10$VEw7v6sFLemqJLOHo3xFOuRMlDrSdCKnKyj0JJpDjJx/yUFWw6rnG', '5fe2b0d41e673.jpeg', 1, 1),
(682, 'Liza Nurhalizah', 'liza.nurhalizah-2019@fh.unair.ac.id', '$2y$10$ghLo.b2sgK7BbuMQ1z/fRO4qay.etSnSpwi3DI85utspcTs8CVvE2', '5fe2c3e07ff1e.JPG', 1, 1),
(683, '', 'laurentius.kevin.christian-2019@fh.unair.ac.id', '', '', 1, 1),
(684, '', 'theo.jornada.natanael-2019@fh.unair.ac.id', '', '', 1, 1),
(685, 'Muhammad Yulian Rizki', 'muhammad.yulian.rizki-2019@fh.unair.ac.id', '$2y$10$P63zvS48.6FJEVMqurO.suKhD89ATq8.cSw/v0iDTm/HSzXKbsKQ.', '5fe2b280be729.jpg', 1, 1),
(686, 'Rayfa Camelia Parameswari', 'rayfa.camelia.parameswari-2019@fh.unair.ac.id', '$2y$10$A6e65kPDpYZi/KNYF617fuC9ZnfFHaVgl3xj3TzJ5564McSEhzUlq', '5fe2bef3781ad.jpeg', 1, 1),
(687, '', 'shafa.salsabilla.agrijustitia-2019@fh.unair.ac.id', '', '', 1, 1),
(688, 'Ika Putri Rahayu', 'ika.putri.rahayu-2019@fh.unair.ac.id', '$2y$10$Ws7jAu2yC8P3fg4kNGkDqOM/cCjEAgaWqnAEKQFJmamt2KvePXrJC', '5fe2a7f37a7a2.jpg', 1, 1),
(689, 'Nunung Widiyanti', 'nunung.widiyanti-2019@fh.unair.ac.id', '$2y$10$YlxTyc3GfdKSRNkCqZ4XAu/nstodCUtMrlx8ujI9HE4NRshd0Sfr6', '5fe2c1949ec14.jpg', 1, 1),
(690, 'Zulfan Hendika Ardi Firmansah', 'zulfan.hendika.ardi-2019@fh.unair.ac.id', '$2y$10$urInW4XC8iaTW/73GeGRQuzuj3NKgxv2avaJGkvC48vymx3x1pQeK', '5fe2b52ebd556.jpg', 1, 1),
(691, 'Cantika Anugerahanani', 'cantika.anugerahanani-2019@fh.unair.ac.id', '$2y$10$SLAFy8RnSjdRGIqWSO4HtuW0bBCk6sU798N.ZeVf.LKAUlHcIaTNS', '5fe2c13866b0f.jpg', 1, 1),
(692, '', 'azmil.muftakhor-2019@fh.unair.ac.id', '', '', 1, 1),
(693, 'udiyani shafira putri', 'udiyani.afira.putri-2019@fh.unair.ac.id', '$2y$10$F5pg0HVX9hOaFVzrOEPv9OI2Mdd8idqvNMIJfEHRSfgrohni/ZMaG', '5fe2c2d36091c.jpg', 1, 1),
(694, 'Aji Setyo Mukti', 'aji.setyo.mukti-2019@fh.unair.ac.id', '$2y$10$cwpNn0wZaj8j20vN.3YiSe.eh02npNw2YO.jKY4nbGmAvDS7FNUxC', '5fe29c38df4a0.jpeg', 1, 1),
(695, '', 'mohamad.renaldi-2019@fh.unair.ac.id', '', '', 1, 1),
(696, '', 'hidayatul.sabrina-2019@fh.unair.ac.id', '', '', 1, 1),
(697, 'Andini Mei Cahya', 'andini.mei.cahya-2019@fh.unair.ac.id', '$2y$10$//BfI4Czc65qNV19vVIEkeX13bLmneKXT3iwVt.w5qNPStTBgDokS', '', 1, 1),
(698, 'Fikkrie Firman Ardiansyah', 'fikkrie.firman.ardiansyah-2019@fh.unair.ac.id', '$2y$10$DF.Ijhi2E5MTPkrxHrQcQu8Z10B5rdDbOKaF7uWFjy6tkUrLkb8Mm', '5fe29abdd3e01.jpg', 1, 1),
(699, '', 'muhammad.rafi.satya-2019@fh.unair.ac.id', '', '', 1, 1),
(700, 'Iqlimma Shafa Eylisa Yudha', 'iqlimma.afa.eylisa-2019@fh.unair.ac.id', '$2y$10$6ckPndT7chU8HlJTiBuGQOvXS4biqOc1bXU.PneLLc1HXMNmz/9Pq', '5fe29bce9b792.jpeg', 1, 1),
(701, 'Pradnya Wicaksana', 'pradnya.wicaksana-2019@fh.unair.ac.id', '$2y$10$Q9EQpIjMWtsjv4pnz6pZs.ncSAHM8LuITnoOOCwh2.m1rXxyiOGk.', '5fe29bc252f4d.jpg', 1, 1),
(702, 'Joshuagiorgio', 'joshua.giorgio.chan-2019@fh.unair.ac.id', '$2y$10$jd32fgWkiEKxJmDQNp8VC.d2wpQH7nr7UNqpu0lQnAzi8FItaaZWO', '5fe2b139d1d6a.jpg', 1, 1),
(703, '', 'alex.wijaya-2019@fh.unair.ac.id', '', '', 1, 1),
(704, 'Syahrul Ramadhan', 'syahrul.ramadhan-2019@fh.unair.ac.id', '$2y$10$B5I4gtueT/NAwv.GXx.S7.lojzZzdn5KeAT1C8V4VGynUQqVVdZYK', '5fe2a44f90fc3.jpg', 1, 1),
(705, '', 'putu.sandhya.wiradharma-2019@fh.unair.ac.id', '', '', 1, 1),
(706, '', 'rahadyan.fajar.harris-2019@fh.unair.ac.id', '', '', 1, 1),
(707, 'Intan Rivinia Putri', 'intan.rivinia.putri-2019@fh.unair.ac.id', '$2y$10$S0Fx8xC13g7sWxPI5rzMtO.XRyYAlE1nOgbQhl8l/ED4G7Qcoe7IC', '5fe2a3c825498.jpg', 1, 1),
(708, '', 'surya.harya.nugraha-2019@fh.unair.ac.id', '', '', 1, 1),
(709, 'Bagus Nugroho', 'bagus.nugroho-2019@fh.unair.ac.id', '$2y$10$eIzSz6vfOzizl1VMsKYHdOvdiDvEq.fg0fBL9r4xpuVAezCHcMnTG', '5fe2ac23cff06.jpg', 1, 1),
(710, 'Priscilla Mathilda H', 'priscilla.mathilda.hanami-2019@fh.unair.ac.id', '$2y$10$tF2ANiPZKXleyxiopSD6D.Gdpk96TUPCquJcHdx99EeDKRvvJxbb.', '5fe2ab83ed116.jpg', 1, 1),
(711, '', 'muhammad.fariz.adhyaksa-2019@fh.unair.ac.id', '', '', 1, 1),
(712, '', 'thessarca.az.zahra-2019@fh.unair.ac.id', '', '', 1, 1),
(713, '', 'axel.cross-2019@fh.unair.ac.id', '', '', 1, 1),
(714, 'Hamdan Alif Darmawan', 'hamdan.alif.darmawan-2019@fh.unair.ac.id', '$2y$10$DOe7zJZwzU1hyXdNhql.Uu8FmhDI3KUjoNGkRD.S0LZQXmnBkNQk2', '5fe2b822bda30.jpg', 1, 1),
(715, '', 'michael.christian.budianto-2019@fh.unair.ac.id', '', '', 1, 1),
(716, 'Anissa Mitasyasqia', 'anissa.mitasyasqia-2019@fh.unair.ac.id', '$2y$10$IklvlilqCO.6KUH8qTG0ke/wTVGIMgFsb0UILCNi0IaYLVz4GVLwy', '5fe2bef60d52c.jpeg', 1, 1),
(717, '', 'anita.maharani.tanusaputri-2019@fh.unair.ac.id', '', '', 1, 1),
(718, 'Rahardian Satya Mandala Putra', 'rahardian.satya.mandala-2019@fh.unair.ac.id', '$2y$10$eCOgHT5qwINCKLe0Sw4VY.B.ZvMA7icleX2/GbiyE1ymHOiJ74z5K', '5fe2b80ff2851.jpeg', 1, 1),
(719, 'Dinda Ayu Ramadhani', 'dinda.ayu.ramadhani-2019@fh.unair.ac.id', '$2y$10$IQlBJ2Qb1xm9VCiK7ocaOeZDCQwe5M8a/is9JQOs7V8/OGQPMIYpa', '5fe2c167b451b.jpg', 1, 1),
(720, '', 'dinda.chomariyah.putri-2019@fh.unair.ac.id', '', '', 1, 1),
(721, '', 'indira.fe.winadine-2019@fh.unair.ac.id', '', '', 1, 1),
(722, 'Agfar Achwandy', 'agfar.achwandy-2019@fh.unair.ac.id', '$2y$10$wKIEj66BBwZNWWUz1taGeO.lxOf3nFYU26xZ7C4TJgH40h4TnYVna', '5fe2b97c43bc1.jpg', 1, 1),
(723, '', 'i.gusti.ngurah.anantha-2019@fh.unair.ac.id', '', '', 1, 1),
(724, '', 'faizal.dwi.hanada-2019@fh.unair.ac.id', '', '', 1, 1),
(725, '', 'rayhan.adhi.pradana-2019@fh.unair.ac.id', '', '', 1, 1),
(726, '', 'desak.ayu.gangga-2019@fh.unair.ac.id', '', '', 1, 1),
(727, '', 'evander-2019@fh.unair.ac.id', '', '', 1, 1),
(728, '', 'azalia.devina.tiffara-2019@fh.unair.ac.id', '', '', 1, 1),
(729, '', 'muhammad.yusuf.sufandy-2019@fh.unair.ac.id', '', '', 1, 1),
(730, '', 'putri.athaya.hen-2019@fh.unair.ac.id', '', '', 1, 1),
(731, '', 'stefania.arshanty.felicia-2019@fh.unair.ac.id', '', '', 1, 1),
(732, '', 'amira.fadia.taquela-2019@fh.unair.ac.id', '', '', 1, 1),
(733, '', 'muhammad.aqil.kamaluddin-2019@fh.unair.ac.id', '', '', 1, 1),
(734, '', 'muhammad.aufa.zaidan-2019@fh.unair.ac.id', '', '', 1, 1),
(735, '', 'nurasyifah.khoirala-2019@fh.unair.ac.id', '', '', 1, 1),
(736, '', 'fadhila.dheanisa-2019@fh.unair.ac.id', '', '', 1, 1),
(737, '', 'mochammad.rifqi.anam-2019@fh.unair.ac.id', '', '', 1, 1),
(738, '', 'amanda.deta.agustinita-2019@fh.unair.ac.id', '', '', 1, 1),
(739, '', 'durratul.hikmah.benga-2019@fh.unair.ac.id', '', '', 1, 1),
(740, '', 'anggraelito.rahmanda.putra-2019@fh.unair.ac.id', '', '', 1, 1),
(741, '', 'sintia.na.dianis-2019@fh.unair.ac.id', '', '', 1, 1),
(742, '', 'sabrina.permata.sari-2019@fh.unair.ac.id', '', '', 1, 1),
(743, '', 'athyra.elmilla.nur-2019@fh.unair.ac.id', '', '', 1, 1),
(744, 'Hilmy Asis Syafruddin ', 'hilmy.asis.syafruddin-2019@fh.unair.ac.id', '$2y$10$f/0ZCg/9JUcWCoqFD9husOZaBVkb0o73zqDwhWpeNQWs3wIibJyW6', '5fe2b9bae438d.jpg', 1, 1),
(745, 'Muhamad Agev Dzulfikar', 'muhamad.agev.dzulfikar-2019@fh.unair.ac.id', '$2y$10$HscUXQKi9rxbTDLW/K6MauEyGvVy7hH8BVXPdcW.u5.lPuYXXDSJO', '5fe2bcd9b9afc.jpg', 1, 1),
(746, 'Faya Maritza Dahayu Anggani', 'faya.maritza.dahayu-2019@fh.unair.ac.id', '$2y$10$HqVtQ8VPrhg2HZJpsXEWteOpUBabdbPoB2l.AVAM6gyz2V7cOqGWi', '5fe2be4e2110c.jpeg', 1, 1),
(747, '', 'qanita.indira.justine-2019@fh.unair.ac.id', '', '', 1, 1),
(748, '', 'dinda.ayu.alfiana-2019@fh.unair.ac.id', '', '', 1, 1),
(749, 'Muhammad Al-Fariez Dyas', 'muhammad.alfariez.dyas-2019@fh.unair.ac.id', '$2y$10$DoWVd5rQKs9cEKSGzBQnuer4FE.pnortYcmx9bhnjcUdAGk9Hq3l2', '5fe2be8798bc1.jpg', 1, 1),
(750, '', 'angeline.kolopaking-2019@fh.unair.ac.id', '', '', 1, 1),
(751, 'Thania Ayu Viasmaary', 'thania.ayu.viasmaary-2019@fh.unair.ac.id', '$2y$10$25Im0uwY2EhWNhWwwDws6e71RYdwNKSSTnPiXcr1zQ7m9nuND07.m', '5fe292e896846.JPG', 1, 1),
(752, '', 'wanda.farda.wahdini-2019@fh.unair.ac.id', '', '', 1, 1),
(753, '', 'muhammad.reza.awan-2019@fh.unair.ac.id', '', '', 1, 1),
(754, '', 'stefanus.bagas.adi-2019@fh.unair.ac.id', '', '', 1, 1),
(755, 'Krisna Mukti Adi Wibowo', 'krisna.mukti.adi-2019@fh.unair.ac.id', '$2y$10$.DFaIzGYkBdUMGah71Q0tO70pXJQNx/1kIejZ78aUHmPqwZGq1bUe', '5fe29b6e15269.jpeg', 1, 1),
(756, '', 'rafika.izzatur.rahman-2019@fh.unair.ac.id', '', '', 1, 1),
(757, '', 'viena.yustia.adriani-2019@fh.unair.ac.id', '', '', 1, 1),
(758, '', 'celfilia.devi.ayuningtyas-2019@fh.unair.ac.id', '', '', 1, 1),
(759, '', 'patricia.yessy.davina-2019@fh.unair.ac.id', '', '', 1, 1),
(760, '', 'muhammad.rafli.rifki-2019@fh.unair.ac.id', '', '', 1, 1),
(761, '', 'bernard.nicholas.singarimbun-2019@fh.unair.ac.id', '', '', 1, 1),
(762, '', 'nadhil.putra.fadianto-2019@fh.unair.ac.id', '', '', 1, 1),
(763, 'Nada Sophia', 'nada.sophia-2019@fh.unair.ac.id', '$2y$10$EYmnzXk5xP6mRTqde4Q83eJ/X9lhWXWT3dg2LO.38tCO7f9MYvUXO', '', 1, 1),
(764, 'Rafli Fathurrahman', 'rafli.fathurrahman-2019@fh.unair.ac.id', '$2y$10$fPNBKXPHqeK45i5eIbGhfO9VTwpvIFjqS8f72SPfGMjzEitW//PK.', '5fe2bf508ea84.jpg', 1, 1),
(765, 'Muhammad Nabil Barasyid', 'muhammad.nabil.barasyid-2019@fh.unair.ac.id', '$2y$10$k4enfN7uA41nGN0g84w2qOrqfWVfDUN5ganLEFjKIG.xZCsZBrcEu', '5fe2bdc9d5122.jpg', 1, 1),
(766, '', 'yusa.rahman.sanjani-2019@fh.unair.ac.id', '', '', 1, 1),
(767, 'Mario Febrianto Sukoto', 'mario.febrianto.sukoto-2019@fh.unair.ac.id', '$2y$10$XseP5jNI.hizQQVjDJimx.fHfC978jDyoRw/QiyGefCkys96GhYQ2', '5fe293cfb1ab8.jpg', 1, 1),
(768, 'Latifatur Rokhmah Adhami', 'latifatur.rokhmah.adhami-2019@fh.unair.ac.id', '$2y$10$wbUH6lOIvMrw8mn1SEwLfeF4BYvbPqeBA5skcvWJWg/f1z1YlqSQ6', '5fe2a70f1910b.jpeg', 1, 1),
(769, 'AMILIYA HANDAYANI', 'amiliya.handayani-2019@fh.unair.ac.id', '$2y$10$NiAF7VPi12v2RWrrKQzyheKMxkHG5OYIPABt.vkIOC7RcUVUgLBpm', '5fe2becce4a51.jpg', 1, 1),
(770, 'Rahadian Bino', 'rahadian.bino.wardanu-2019@fh.unair.ac.id', '$2y$10$ItbigtyWAPnO5OpxXcTFmOOqti7fMSAFfbq7Ak1sYbBBX7/JxqOva', '5fe28b78d77f7.jpeg', 1, 1),
(771, '', 'samuel.yobel.christian-2019@fh.unair.ac.id', '', '', 1, 1),
(772, 'Raymond Jonathan', 'raymond.jonathan-2019@fh.unair.ac.id', '$2y$10$Xs3YE2CLzQbjTuJuy9rVROfTR6lyFbRmME6Ex3P/6goF4kSdi9c7a', '', 1, 1),
(773, '', 'raditya.puji.wicaksana-2019@fh.unair.ac.id', '', '', 1, 1),
(774, '', 'harven.filippo.taufik-2019@fh.unair.ac.id', '', '', 1, 1),
(775, '', 'aulia.nabila.rachman-2019@fh.unair.ac.id', '', '', 1, 1),
(776, '', 'maria.mardhotillah.masleham-2019@fh.unair.ac.id', '', '', 1, 1),
(777, '', 'naya.aulia.zulfa-2019@fh.unair.ac.id', '', '', 1, 1),
(778, 'Monza R Harissa', 'monza.riviero.harissa-2019@fh.unair.ac.id', '$2y$10$jQ8A3yAspuRs5VRfnLmrDeatg726FBk4jPTkBRw1ZpHDTVmGn.OOW', '5fe29e0a51750.jpg', 1, 1),
(779, 'Albertus Redy Gunadi', 'albertus.redy.gunadi-2019@fh.unair.ac.id', '$2y$10$Vz6MhlNIDi2bLsM/3rxpeudFLBc6llOapOCFwuWORkIBB9p5B7AKS', '5fe2c1fb4272e.jpg', 1, 1),
(780, 'Muhammad Almer Putera Arnapi', 'muhammad.almer.putera-2019@fh.unair.ac.id', '$2y$10$NqFsRcNieSX/REPCKZWaO.bOotKpYcF.UrgPJr4ftC3Y5y5oY/6om', '5fe2aadab28b0.jpg', 1, 1),
(781, '', 'esperanza.antonia.fransiska-2019@fh.unair.ac.id', '', '', 1, 1),
(782, 'Ariel Emilio Susilo', 'ariel.emilio.susilo-2019@fh.unair.ac.id', '$2y$10$Ed7Vn6lHqIsTIyWp00z9ze5oV0L66oondsr17399ZgLC354XmnKpu', '5fe2aea5b3f99.jpg', 1, 1),
(783, '', 'muhamad.ridho-2019@fh.unair.ac.id', '', '', 1, 1),
(784, '', 'jesslyn.ephanie-2019@fh.unair.ac.id', '', '', 1, 1),
(785, 'MOHAMAD RAMDHANI SATRIAWAN', 'mohamad.ramdhani.satriawan-2019@fh.unair.ac.id', '$2y$10$ktKic/Yklm2HNolVV57vcOXuHW18i19Dye5RcAqLN.X2EVRy1wyUm', '5fe2ac8c80607.jpg', 1, 1),
(786, '', 'kresna.murti.aron-2019@fh.unair.ac.id', '', '', 1, 1),
(787, '', 'kevinanda.putra.imantaka-2019@fh.unair.ac.id', '', '', 1, 1),
(788, '', 'istianah-2019@fh.unair.ac.id', '', '', 1, 1),
(789, '', 'muhammad.rioviano-2019@fh.unair.ac.id', '', '', 1, 1),
(790, 'terra afandaniarto', 'terra.afandaniarto-2019@fh.unair.ac.id', '$2y$10$wXJYG.Drbdnm7fLWsr4sb./dEKbENuXQdfV1BkAGRuY1f3rlObmda', '5fe2a6c9e9fcb.JPG', 1, 1),
(791, 'Annisa Aqielah Harris', 'annisa.aqielah.harris-2019@fh.unair.ac.id', '$2y$10$7UPodiP3uavjvcquKb5bgucXV94c7aCUZWhVk0am2fGGhQDHpRkj6', '5fe2bffe8187f.png', 1, 1),
(792, 'rayyan mustofa bawazir', 'rayyan.bawazir-2019@fh.unair.ac.id', '$2y$10$aG1ZvymeOJheYjvmxXU3i..mCz8d8r0klkGRW/G3W1I0KrIeyn7jG', '5fe29c2780972.jpeg', 1, 1),
(793, '', 'ellysa.qatrunnada-2019@fh.unair.ac.id', '', '', 1, 1),
(794, '', 'dara.legitayu-2019@fh.unair.ac.id', '', '', 1, 1),
(795, '', 'apriska.widiangela-2019@fh.unair.ac.id', '', '', 1, 1),
(796, '', 'maximilianus.putra.in-2019@fh.unair.ac.id', '', '', 1, 1),
(797, '', 'vina.rahmadhani-2019@fh.unair.ac.id', '', '', 1, 1),
(798, '', 'nanda.alifia.widyadhana-2019@fh.unair.ac.id', '', '', 1, 1),
(799, '', 'alfina.azzarah.bella-2019@fh.unair.ac.id', '', '', 1, 1),
(800, 'Dwi Alfira Erisca Cintiya', 'dwi.alfira.erisca-2019@fh.unair.ac.id', '$2y$10$vdF9uBto6WWiN6fdNbupYuDJGxq9jjJPF8vIGQpF1/pTkawBcxpiK', '5fe2a8e8cfff2.jpg', 1, 1),
(801, '', 'yesenia.kalila.aji-2019@fh.unair.ac.id', '', '', 1, 1),
(802, '', 'desi.fitri.rahayu-2019@fh.unair.ac.id', '', '', 1, 1),
(803, '', 'sellyana.narita.ratih-2019@fh.unair.ac.id', '', '', 1, 1),
(804, '', 'fajar.dwi.ramadhany-2019@fh.unair.ac.id', '', '', 1, 1),
(805, '', 'kurnia.damayanti-2019@fh.unair.ac.id', '', '', 1, 1),
(806, 'Gerry Arthadi', 'gerry.arthadi-2019@fh.unair.ac.id', '$2y$10$cqVEKoGqaEf9XFODp3RHdeBw0cQdKyOx6USl1392yykpn6qZQY/qS', '', 1, 1),
(807, '', 'nakita.millenia.putri-2019@fh.unair.ac.id', '', '', 1, 1),
(808, 'Azzahra Mazaya Khalisah', 'azzahra.mazaya.khalisah-2020@fh.unair.ac.id', '$2y$10$MFyYLrWtlZdcnbPH0edRgOuBBlWnZf/YG0utV/xi1G18U8GvIaMt2', '5fe2b7454f606.jpg', 1, 1),
(809, '', 'justisia.aura.najwa-2020@fh.unair.ac.id', '', '', 1, 1),
(810, 'alexander dharma kusuma', 'alexander.dharma.kusuma-2020@fh.unair.ac.id', '$2y$10$DtEg2FvoTQawqtUMYuMR9uKVbnlh39xQHSpYDBDRU2yz3rVwpU70C', '5fe2b5001ce3a.jpeg', 1, 1),
(811, 'Nicolas Rafael Kreshna Mukti', 'nicolas.rafael.kreshna-2020@fh.unair.ac.id', '$2y$10$jJDpn9zw07ihcBHWzoTtKef7ik9vC.Kp/Avph6vbJBcZJzCViL/p6', '', 1, 1),
(812, 'Adila Nur Fitri Dijanto', 'adila.nur.fitri-2020@fh.unair.ac.id', '$2y$10$5KczSPwcJ8DCT6l8QT4zX.IvSMs0X9.vohynatXOa9jJOyiWbOCai', '5fe2b760bf4b2.jpeg', 1, 1),
(813, '', 'gillbert.rayhan-2020@fh.unair.ac.id', '', '', 1, 1),
(814, '', 'marzyadiva.camila.mashudi-2020@fh.unair.ac.id', '', '', 1, 1),
(815, '', 'diva.kelfinta.rayyan-2020@fh.unair.ac.id', '', '', 1, 1),
(816, '', 'raina.atha.syahida-2020@fh.unair.ac.id', '', '', 1, 1),
(817, '', 'cynthia.rosalina-2020@fh.unair.ac.id', '', '', 1, 1),
(818, 'Erlen Kusuma Emilia', 'erlen.kusuma.emilia-2020@fh.unair.ac.id', '$2y$10$TKfIBpvJcEEhvEj2WjsWB.Sw.SdMuuInt3aR0N1af5goF/RG2TMWi', '5fe2b421d37ff.png', 1, 1),
(819, '', 'dian.rizki.retno-2020@fh.unair.ac.id', '', '', 1, 1),
(820, '', 'sarah.fitriani.widodo-2020@fh.unair.ac.id', '', '', 1, 1),
(821, 'Mitha Nur Aini', 'mitha.nur.aini-2020@fh.unair.ac.id', '$2y$10$3eS4MT.TQu5MUO5ngbFoKuY2h/GHMHf7V5q1ewWTLR4mc2B2wCw5.', '5fe29e519ca4c.jpg', 1, 1),
(822, '', 'fitrillah.i.hi.subur-2020@fh.unair.ac.id', '', '', 1, 1),
(823, '', 'tazkia.sahria.aulia-2020@fh.unair.ac.id', '', '', 1, 1),
(824, 'Annida Fadilla Fikri', 'annida.fadilla.fikri-2020@fh.unair.ac.id', '$2y$10$MIlL8jySzrNtbUE9LRfvhOxIE20XzoLW3SX6Nlcktlqvvq6kkT9/C', '', 1, 1),
(825, 'Elita Kumalasari', 'elita.kumalasari-2020@fh.unair.ac.id', '$2y$10$o0TeU//cdLXpERMRRFsefOfhv5UpT8hVRRNfUO9cDn1GCxOjWmbQi', '', 1, 1),
(826, '', 'felicia.angela.prasetyo-2020@fh.unair.ac.id', '', '', 1, 1),
(827, 'Talita Diva', 'talita.diva.jacinda-2020@fh.unair.ac.id', '$2y$10$NuzFMUN830l2hrwj.eF6GeOv1W3nLK1qis5vHDIA6TsWqhQJghfnC', '5fe2afbf87cb8.jpg', 1, 1),
(828, '', 'hilvia.faradika.sasmi-2020@fh.unair.ac.id', '', '', 1, 1),
(829, '', 'putri.fahrani.fatah-2020@fh.unair.ac.id', '', '', 1, 1),
(830, '', 'abetalita.can.tri-2020@fh.unair.ac.id', '', '', 1, 1),
(831, '', 'ananda.mustika.prameswari-2020@fh.unair.ac.id', '', '', 1, 1),
(832, 'Marwa Wardatul Charo\'', 'marwa.wardatul.chamro-2020@fh.unair.ac.id', '$2y$10$oBGneYyCZBvg6Pscy.8NJOgAKUURmTwcIYI0rhd06js/zYQ6Frdwa', '5fe2a6c594ae6.jpg', 1, 1),
(833, '', 'zulfa.nabila.qonita-2020@fh.unair.ac.id', '', '', 1, 1),
(834, '', 'emeralda.calista.azaria-2020@fh.unair.ac.id', '', '', 1, 1),
(835, 'Fransisca Stella T. Puspitasari ', 'fransisca.ella.tri-2020@fh.unair.ac.id', '$2y$10$U.97ENtYdfA6c707QH269.QpxPnsTMTTnqgGkmH8ZKoGPBmKF/d4.', '5fe293ea87c57.jpeg', 1, 1),
(836, 'Arya Alfiansyah', 'arya.alfiansyah-2020@fh.unair.ac.id', '$2y$10$tgkfM1ZDvV2LuMJiCN7P0ugThvG5rmP/LncfXywU.BqQxSThrRhg.', '5fe29720a361c.jpg', 1, 1),
(837, '', 'firda.mauliyana-2020@fh.unair.ac.id', '', '', 1, 1),
(838, '', 'sari.asih.sejati-2020@fh.unair.ac.id', '', '', 1, 1),
(839, '', 'putu.angelika.berlyanta-2020@fh.unair.ac.id', '', '', 1, 1),
(840, 'muhammad ichsan sani', 'muhammad.ichsan.sani-2020@fh.unair.ac.id', '$2y$10$2ngaSOyN3UK4T85CiUHgDu9XCWGW8xixcKnIqdUQpo7.tnd6HwXC.', '', 1, 1),
(841, 'Ahmad Ajaya Abdi', 'ahmad.ajaya.abdi-2020@fh.unair.ac.id', '$2y$10$EANLxvPA7DPj267PxO91EuSnitO5oxLsg0x0UGMBh3XoC6Y4KaCi2', '', 1, 1),
(842, '', 'jonathan.brillian.santoso-2020@fh.unair.ac.id', '', '', 1, 1),
(843, 'Muhammad dafa bayu putra', 'muhammad.dafa.bayu-2020@fh.unair.ac.id', '$2y$10$U86d4kBSldeanq.ws9E7xe7RCsA0okFJmzBvv5z0eOs22X6HDutTy', '5fe2aa12a505e.jpg', 1, 1),
(844, 'Bagus Raditya Parakitri', 'bagus.raditya.parakitri-2020@fh.unair.ac.id', '$2y$10$t8LR15B6XvAfL7G4L45ce.rI.ILSx6F25LvC6aZMhxCfGpyvRxfsC', '', 1, 1),
(845, '', 'inni.maratus.soleha-2020@fh.unair.ac.id', '', '', 1, 1),
(846, '', 'herpandu.hadiwibowo-2020@fh.unair.ac.id', '', '', 1, 1),
(847, '', 'arya.raditya.tjahjono-2020@fh.unair.ac.id', '', '', 1, 1),
(848, '', 'jean.arya.putra-2020@fh.unair.ac.id', '', '', 1, 1),
(849, '', 'gisela.keyla.mathea-2020@fh.unair.ac.id', '', '', 1, 1),
(850, '', 'auralia.rizki.putri-2020@fh.unair.ac.id', '', '', 1, 1),
(851, 'Muhammad Ihsan Kamil', 'muhammad.ihsan.kamil-2020@fh.unair.ac.id', '$2y$10$mOtqRsq6wgUUxu1/tQsB2uKp1Is3VkctxiVVG5J9EmucEnUPuPrAK', '', 1, 1),
(852, 'M Bimo Prakoso', 'm.bimo.prakoso-2020@fh.unair.ac.id', '$2y$10$wlkLUEg2Ya6YfoORDLsCkeHU.rB9LvYXtzrXsrcipWxFSuJru4Lie', '5fe2bef4950c8.JPG', 1, 1),
(853, '', 'melva.emely.laurentius-2020@fh.unair.ac.id', '', '', 1, 1),
(854, 'Muhammad Khalifiar Daffa', 'muhammad.khalifiar.daffa-2020@fh.unair.ac.id', '$2y$10$EGhfEJ8PqWeDymBg/j3SzO1JF9.Yc2JRCIMWhmW4xeBXHQK2S94cm', '5fe2a4d8804a2.jpg', 1, 1),
(855, '', 'bagas.defriatmoko-2020@fh.unair.ac.id', '', '', 1, 1),
(856, '', 'vian.maulana-2020@fh.unair.ac.id', '', '', 1, 1),
(857, '', 'nadhira.afa.mediarti-2020@fh.unair.ac.id', '', '', 1, 1),
(858, '', 'muhammad.rizky.rinaldi-2020@fh.unair.ac.id', '', '', 1, 1),
(859, '', 'arnetalia.ardhiya.azzahro-2020@fh.unair.ac.id', '', '', 1, 1),
(860, 'daniel tobing', 'daniel.giovanni.pandapotan-2020@fh.unair.ac.id', '$2y$10$xKMCZDwI9E..dq0/TzoWMuYca9FGOp0Ukt52LfupBcFWJHTAxjuki', '5fe2c14636bfa.jpg', 1, 1),
(861, '', 'priyanka.marsha.almeyra-2020@fh.unair.ac.id', '', '', 1, 1),
(862, 'Shafira Rachma Thalya', 'shafira.rachma.thalya-2020@fh.unair.ac.id', '$2y$10$UXaDSumRgaFjrWM.G.7sJOu6JxPbRMib0IJ7tVoduv/Lwl2/i6vxG', '5fe2be5d99009.jpeg', 1, 1),
(863, '', 'farhan.pramoda.adhyasta-2020@fh.unair.ac.id', '', '', 1, 1),
(864, 'Nugra Alayya Wahab', 'nugra.alayya.wahab-2020@fh.unair.ac.id', '$2y$10$QbSCrOp14bHiJkVR449xfeVjULJMOfWqTak3WRfKm76ALhbWYFahu', '5fe299671f899.jpeg', 1, 1),
(865, 'Nabil Arijala Survito Alham', 'nabil.arijala.survito-2020@fh.unair.ac.id', '$2y$10$IOq.bRUWyaaQbJ6B/nWtjOExjwIkiTzIOMELqAakzfv9I.L0jWciC', '5fe2947543440.jpg', 1, 1),
(866, '', 'salsabila.florean.callista-2020@fh.unair.ac.id', '', '', 1, 1),
(867, 'Filbert Jonathan', 'filbert.jonathan-2020@fh.unair.ac.id', '$2y$10$5hGBYybYjywcnMLNfwxrAuFKMVIGG0kCiWwdYDiH0AaT0/f2rj9Oy', '5fe296e847992.jpg', 1, 1),
(868, '', 'mochamad.bintang.maulana-2020@fh.unair.ac.id', '', '', 1, 1),
(869, 'Ivan Ferdinand Alifi', 'ivan.ferdinand.alifi-2020@fh.unair.ac.id', '$2y$10$53Tyj8nqq9Qum9gIK.XviuUjpNFQiEn.6SUW3RAdkVyvslz/Xc/cy', '', 1, 1),
(870, 'Fhaizal Paundra Adji ', 'fhaizal.paun.adji-2020@fh.unair.ac.id', '$2y$10$Qf/mUefYJku9JbQ/Lu7hWe9WD0sBbhdZVDWES69PvTN7ixlpr5Pfi', '', 1, 1),
(871, '', 'kania.maharani-2020@fh.unair.ac.id', '', '', 1, 1),
(872, '', 'alexius.samuel.sitanggang-2020@fh.unair.ac.id', '', '', 1, 1),
(873, '', 'kirani.bararah-2020@fh.unair.ac.id', '', '', 1, 1),
(874, 'virly diva', 'virly.diva.sophia-2020@fh.unair.ac.id', '$2y$10$s1ttqXklS37Twf/FWRUYgOZqylH5GuUalJ530GzNHk5m742w30CEe', '', 1, 1),
(875, '', 'rindang.syafaat-2020@fh.unair.ac.id', '', '', 1, 1),
(876, '', 'ladecia.safa.alika-2020@fh.unair.ac.id', '', '', 1, 1),
(877, '', 'savina.aleena.nureen-2020@fh.unair.ac.id', '', '', 1, 1),
(878, '', 'nizar.naren.danu-2020@fh.unair.ac.id', '', '', 1, 1),
(879, '', 'divani.dichita.khalish-2020@fh.unair.ac.id', '', '', 1, 1),
(880, 'AUDREY PUTRI RAMADHANI', 'audrey.putri.ramadhani-2020@fh.unair.ac.id', '$2y$10$lvK6YQRpeBKiPSmT9bKY8u8NTtTKnxBwL/DfiCS2/oqb8FCTA.gOS', '5fe2b87a7028c.jpg', 1, 1),
(881, '', 'ayesha.putri.maharani-2020@fh.unair.ac.id', '', '', 1, 1),
(882, '', 'muhammad.cyril.setiawan-2020@fh.unair.ac.id', '', '', 1, 1),
(883, 'Tasya Syafira Putri Setya Alamsyah', 'tasya.syafira.putri-2020@fh.unair.ac.id', '$2y$10$iywVZm8cBBI5SQeMOJw0Rek/29adYvUMSrO.JHEMh8SHBccESmbh2', '', 1, 1),
(884, '', 'muhammad.alif.fahrizal-2020@fh.unair.ac.id', '', '', 1, 1),
(885, '', 'nabilah.nurmasitha-2020@fh.unair.ac.id', '', '', 1, 1),
(886, 'Maulana Beryl Amrullah', 'maulana.beryl.amrullah-2020@fh.unair.ac.id', '$2y$10$UG.Qd8nvpsd6qZpCr64EQ.LfWeo4cruPNHT9mvfY62uzKG4lkLWya', '5fe2bd0754ff3.jpg', 1, 1),
(887, '', 'aditya.yusuf.rizyaldi-2020@fh.unair.ac.id', '', '', 1, 1),
(888, '', 'raditya.rahagi.giovedi-2020@fh.unair.ac.id', '', '', 1, 1),
(889, 'Althof Bakiel Anra', 'althof.bakiel.anra-2020@fh.unair.ac.id', '$2y$10$P.RW9kyHBO57sthjGwJQTeYc4Dyy6D5VTUHvf9hvZFksF85VlzVGy', '5fe29a93142ad.jpg', 1, 1),
(890, '', 'fairuz.nasywa.dien-2020@fh.unair.ac.id', '', '', 1, 1),
(891, '', 'nurmalika.syamsani.husnatullah-2020@fh.unair.ac.id', '', '', 1, 1),
(892, 'shabrina ramadhani', 'shabrina.ramadhani.sugianto-2020@fh.unair.ac.id', '$2y$10$MpyKsLA7PlUtlYCYvcGNY.MGXBqW9/ciBJxgCpRP7MlQTwUXC76wy', '5fe298a7ce253.jpg', 1, 1),
(893, '', 'fatimah.farhania-2020@fh.unair.ac.id', '', '', 1, 1),
(894, '', 'evanadya.izzah.nurrahma-2020@fh.unair.ac.id', '', '', 1, 1),
(895, '', 'fifta.alviani.annas-2020@fh.unair.ac.id', '', '', 1, 1),
(896, 'Felix Timothy', 'felix.timothy-2020@fh.unair.ac.id', '$2y$10$M4OtMHlYpzb6WzEoqKabJuk92otAhZ2jI0OwhE4CwAWwh8.NpgeWi', '', 1, 1),
(897, 'Gammazaki Wahyudi', 'gammazaki.wahyudi-2020@fh.unair.ac.id', '$2y$10$1ht3sKFlfLUNdrzOI2ySpeW1sbhunz6.8lxoSUK62/p90CSJngelm', '5fe2a3ccd977c.jpg', 1, 1),
(898, 'Salwa Putri Hermawan', 'salwa.putri.hermawan-2020@fh.unair.ac.id', '$2y$10$1XSHe7IAmjpUf5XyxOzZnOx7aX124P8JdMGO1I2C1yvlzZxfkLdUm', '', 1, 1),
(899, '', 'alya.dwiputri.raniah-2020@fh.unair.ac.id', '', '', 1, 1),
(900, 'Mikayla Darmawan', 'mikayla.darmawan-2020@fh.unair.ac.id', '$2y$10$GaEECN9M9.Ad0G1O/pzqoeWa7UVXIqI956ewhub1u39w6L/PxSmW2', '', 1, 1),
(901, '', 'amrullah.ulul.albab-2020@fh.unair.ac.id', '', '', 1, 1),
(902, 'Dimas Brahmana Senapati', 'dimas.brahmana.senapati-2020@fh.unair.ac.id', '$2y$10$EJY/FKU.rud.melVDMYKZ.F.o87F1VmZvQu5KfYH41x3FjPx0knJW', '5fe2b727bdd62.jpg', 1, 1),
(903, '', 'kevin.garin.wardhana-2020@fh.unair.ac.id', '', '', 1, 1),
(904, '', 'alif.firdausi.iansyah-2020@fh.unair.ac.id', '', '', 1, 1),
(905, 'Syarif Ibrahim Robbany ', 'syarif.ibrahim.robbany-2020@fh.unair.ac.id', '$2y$10$UkfACZI2Z9zSBLZvRBxcSeiokse8JU.w5.smI.IBYyvXYOGysLkKO', '5fe295d960bf0.jpeg', 1, 1),
(906, 'Ramtina Achmad Solaiman', 'ramtina.achmad.solaiman-2020@fh.unair.ac.id', '$2y$10$VmP1su6RqlvirrPcuy7SVetOwaAC4/0zgVaadPO7HUQl3iLtvg8za', '5fe29af38eee9.jpg', 1, 1),
(907, '', 'nathania.oktaviarini-2020@fh.unair.ac.id', '', '', 1, 1),
(908, '', 'nandira.ayu.nur-2020@fh.unair.ac.id', '', '', 1, 1),
(909, 'Dimas Brahamana Senapati', 'adinda.putri.sabrina-2020@fh.unair.ac.id', '$2y$10$rjeKEF9qE/Id7PJjIB95VO0NhZa6mMrkZ8A00sE9LQvJeCe/51ABq', '5fe29c1c263be.jpg', 1, 1),
(910, 'Dhamar Jagad Gautama', 'dhamar.jagad.gautama-2020@fh.unair.ac.id', '$2y$10$cwdfvjAarqmt4NP4bIVKQOL6TohBVUxSxqLNe.lBiUPlI0hlJK/Hm', '', 1, 1),
(911, 'Justisia Syahbani Alkahfi', 'justisia.syahbani.alkahfi-2020@fh.unair.ac.id', '$2y$10$khzSrqbTKkHEnDFJOrbQZu6S4dH83EDHIvaOrR1vC/9OupoVx1UNa', '', 1, 1),
(912, '', 'afifah.nuraini-2020@fh.unair.ac.id', '', '', 1, 1),
(913, 'Poppy Hairunnisa', 'poppy.hairunnisa-2020@fh.unair.ac.id', '$2y$10$3ZEcFavPT2IJLB/omiG8rO.NYFEXPy4Q/HKEBjfoKk9qHSdDnNvbK', '5fe27bb35c527.jpg', 1, 1),
(914, 'Angeline Irene Santoso', 'angeline.ene.santoso-2020@fh.unair.ac.id', '$2y$10$3yp.EmrnKoyBCG7ekbPgHOhDhrcmK7CivAgO3wIO63HvHM8T3/nPe', '5fe2c29f765a7.jpg', 1, 1),
(915, '', 'dinar.laksmi.murti-2020@fh.unair.ac.id', '', '', 1, 1),
(916, '', 'daariin.khaalishah-2020@fh.unair.ac.id', '', '', 1, 1),
(917, 'Muftihatun Nurul Jannah', 'muftihatun.nurul.jannah-2020@fh.unair.ac.id', '$2y$10$xu7xyyW1Axq4SAc8P5Mk8uE0HiS/MFBW7nwvjYApfNXb2g/I.vbmO', '5fe2c48044b91.jpg', 1, 1),
(918, '', 'natasha.caecilia.lisanggraeni-2020@fh.unair.ac.id', '', '', 1, 1),
(919, 'Maulana Rahmadi Surya', 'maulana.rahmadi.surya-2020@fh.unair.ac.id', '$2y$10$i0LrMrp8kQg2dZtT/f.kPevvBNJ0X02Pj1Tq81iagLmW3rBunW1Fm', '5fe2b833ad148.jpeg', 1, 1),
(920, 'Amilah Fadhlina', 'amilah.fadhlina-2020@fh.unair.ac.id', '$2y$10$HE6GmWR3M66s0ZhO5lemeOKUgpgrMsHh7jbvgKvQVLAnMRD3a3Qra', '5fe2c02c30143.jpg', 1, 1),
(921, '', 'bhisma.dewanata-2020@fh.unair.ac.id', '', '', 1, 1),
(922, '', 'rifky.miftahul.achmad-2020@fh.unair.ac.id', '', '', 1, 1),
(923, '', 'triangga.satria.wicaksana-2020@fh.unair.ac.id', '', '', 1, 1),
(924, '', 'aflah.alwy.imas-2020@fh.unair.ac.id', '', '', 1, 1),
(925, '', 'ardo.alkautsar-2020@fh.unair.ac.id', '', '', 1, 1),
(926, '', 'shania.vivi.armylia-2020@fh.unair.ac.id', '', '', 1, 1),
(927, '032011133013', 'haikal.abrar-2020@fh.unair.ac.id', '$2y$10$46ZnPkwqXzXW3TOhpnXWiuD5rB2eE2yxpmQhpsYYlWM589F7HL13G', '5fe2c3b0bb995.jpeg', 1, 1),
(928, 'Bintang Ramadhani Widyainsani', 'muhammad.chaikal.ichwanul-2020@fh.unair.ac.id', '$2y$10$bxNQ0HK3KvNo9EB4CzbmK.aicoqWnQ8jP0YAPmVlhA.Rg2yjeZs5W', '5fe2c37d5767c.jpeg', 1, 1),
(929, '', 'andreas.ane.de-2020@fh.unair.ac.id', '', '', 1, 1),
(930, '', 'madu.sekar.tanjung-2020@fh.unair.ac.id', '', '', 1, 1),
(931, '', 'indri.adelia.putri-2020@fh.unair.ac.id', '', '', 1, 1),
(932, '', 'dinda.wardhani.ianto-2020@fh.unair.ac.id', '', '', 1, 1),
(933, '', 'ali.muhammad.rafsanjani-2020@fh.unair.ac.id', '', '', 1, 1),
(934, '', 'chaterina.deliananda.yusriza-2020@fh.unair.ac.id', '', '', 1, 1),
(935, '', 'tri.hanani-2020@fh.unair.ac.id', '', '', 1, 1),
(936, '', 'ahmad.ishom.khalimi-2020@fh.unair.ac.id', '', '', 1, 1),
(937, '', 'diana.wulan.ningrum-2020@fh.unair.ac.id', '', '', 1, 1),
(938, '', 'rismarcel.aurel.putri-2020@fh.unair.ac.id', '', '', 1, 1),
(939, '', 'diah.ayu.wulandari-2020@fh.unair.ac.id', '', '', 1, 1),
(940, '', 'shelsa.widya.suarista-2020@fh.unair.ac.id', '', '', 1, 1),
(941, 'Thifal Anjani', 'thifal.anjani-2020@fh.unair.ac.id', '$2y$10$pX8fiEciXIzYu.ppnS3gjuqhw.U6YoiySVngJN6DCqW44MVEV5yYi', '5fe2be74f0d3f.jpg', 1, 1),
(942, 'RAGIL ADE DWI SAPUTRA', 'ragil.ade.dwi-2020@fh.unair.ac.id', '$2y$10$lhhpfe9lAEYzkNyIUpTL0OKX.q.gF1E1awhRIyUqjXQVVz53/8aBO', '', 1, 1),
(943, '', 'shinta.laura.federova-2020@fh.unair.ac.id', '', '', 1, 1),
(944, 'Aulia Rahma Sari', 'aulia.rahma.sari-2020@fh.unair.ac.id', '$2y$10$H/eeha5J0W/euqhHjSz3OOClMZHWygmAwJG2sMREzIkSBDzxNmqri', '', 1, 1),
(945, '', 'kharisma.putri.wardani-2020@fh.unair.ac.id', '', '', 1, 1),
(946, '', 'vida.octrikasari.erianto-2020@fh.unair.ac.id', '', '', 1, 1),
(947, '', 'istifahani.nuril.fatiha-2020@fh.unair.ac.id', '', '', 1, 1),
(948, 'Candra Aditya Kurniawan', 'can.aditya.kurniawan-2020@fh.unair.ac.id', '$2y$10$ZH8LFMWEMcm/JRhuKc/IpOzwaCCIXsNXBo2xwW8HlbXSVByfocsFa', '5fe2a2eb77f29.jpg', 1, 1),
(949, 'Diaz Ilyasa Indrawan', 'diaz.ilyasa.in-2020@fh.unair.ac.id', '$2y$10$B32DOMXEvNnapYCyuITlr.Q3wQhZRDMgmr/AVly3y0SO6QNkctRu.', '5fe2b8237e321.jpg', 1, 1),
(950, '', 'sherlina.devina-2020@fh.unair.ac.id', '', '', 1, 1),
(951, 'Maullana Tegar Bagaskara', 'maullana.tegar.bagaskara-2020@fh.unair.ac.id', '$2y$10$Blb/1qq8H47C1E6LA0RW0.CjjSCUgk.iTphTZ9uGT3De76EsP6zM2', '5fe2bdf194e61.jpg', 1, 1),
(952, '', 'michelle.adela.handoko-2020@fh.unair.ac.id', '', '', 1, 1),
(953, 'Hapsari Prisca Sugianto', 'hapsari.prisca.sugianto-2020@fh.unair.ac.id', '$2y$10$IpOPaFTpgRY/EpUn2vm8SuPtllrJOlACv98/q554Ys5cG7gWF9wdq', '5fe2adc680f62.jpg', 1, 1),
(954, 'Muhammad Syaifulloh', 'muhammad.syaifulloh-2020@fh.unair.ac.id', '$2y$10$ayDxycgsjU1lajekolA7/eI5P7QUOyiZVvvbX9mngzt6RWvF4fEvO', '', 1, 1),
(955, '', 'nadia.balqis.azzahra-2020@fh.unair.ac.id', '', '', 1, 1),
(956, 'hio rangga prakosa ', 'hio.rangga.prakosa-2020@fh.unair.ac.id', '$2y$10$7Xd8osqbJ12LG9GKq51eruzGYr08/0WecuaCW7CxeNWnuIHEcKAgS', '', 1, 1),
(957, '', 'safira.aulia.pramudita-2020@fh.unair.ac.id', '', '', 1, 1),
(958, '', 'alicia.afa.azzahra-2020@fh.unair.ac.id', '', '', 1, 1),
(959, 'Kornelia Tiovanni', 'kornelia.tiovanni-2020@fh.unair.ac.id', '$2y$10$jA/ny6oUkI/wC.amNwe35.SYFTPZITjkQN34Mhg4UsttUVjKhBBjm', '', 1, 1),
(960, '', 'daveyan.athiyyah.bambang-2020@fh.unair.ac.id', '', '', 1, 1),
(961, '', 'elang.bagas.darmawan-2020@fh.unair.ac.id', '', '', 1, 1),
(962, '', 'emmanuella.hotasi.jedidiah-2020@fh.unair.ac.id', '', '', 1, 1),
(963, 'Daffa\' Deta Prawira', 'daffa.deta.prawira-2020@fh.unair.ac.id', '$2y$10$/4ggm5u54iY.4ZHgxYpkYeOxLdYh5VtQIbFqlpKBfQDzeVEX81xVq', '5fe29ab9c64dc.jpeg', 1, 1),
(964, 'Davina Jasmine Reisha Irawan', 'davina.jasmine.reisha-2020@fh.unair.ac.id', '$2y$10$6tts7zJSACJleqPO92MIHuteUp5sTWrMluHvu0Xz2DpwlMmcO4d2e', '5fe2b8bfe23d3.jpeg', 1, 1),
(965, 'Jobel Eron Simorangkir', 'jobel.eron.simorangkir-2020@fh.unair.ac.id', '$2y$10$DvCt3zaij6Cxc8WSujE0H.Cr7op1DO9Bw6ND2esSsgYIi8Eih72rS', '5fe2a2dedd9cd.jpg', 1, 1),
(966, '', 'adhitya.rasyid.nugroho-2020@fh.unair.ac.id', '', '', 1, 1),
(967, 'Amirah Putri Sasikirana', 'amirah.putri.sasikirana-2020@fh.unair.ac.id', '$2y$10$8107fQmkv8fHJ4aMwnvxjebsbpzNYoLOJ.CN4G5CHVrkFWH/dzaAy', '', 1, 1),
(968, '', 'dewi.yugi.arti-2020@fh.unair.ac.id', '', '', 1, 1),
(969, 'Satrio Budhi Aristo', 'satrio.budhi.aristo-2020@fh.unair.ac.id', '$2y$10$FmhaTzPthCKbUzUU/mwGC.RGZrJ7yPglfQMrVM9aLURDevBZyaB4i', '', 1, 1),
(970, 'Yustisia Tri Esthi Eka Putri', 'yustisia.tri.esthi-2020@fh.unair.ac.id', '$2y$10$4Uuo9tahoU48C2V63vB6jexBECgEvygu4Yd0WZgkMeAyxzZiox9UO', '5fe2c0027a6ac.jpg', 1, 1),
(971, '', 'aisyah.nathania.harnindhita-2020@fh.unair.ac.id', '', '', 1, 1),
(972, '', 'rizky.fadhil.raivan-2020@fh.unair.ac.id', '', '', 1, 1),
(973, '', 'kalila.nashwa.ludmila-2020@fh.unair.ac.id', '', '', 1, 1),
(974, '', 'devinia.cahya.pranisarinda-2020@fh.unair.ac.id', '', '', 1, 1),
(975, '', 'dzaky.haidar.mumtaz-2020@fh.unair.ac.id', '', '', 1, 1),
(976, 'Anggito bagas abimanyu', 'anggito.bagas.abimanyu-2020@fh.unair.ac.id', '$2y$10$SxhLBpQbQl3q9qsF.6wm.ewUZniMZKhZIYOwEJyoqlXCl6/Gju.Va', '5fe2a90ca89ed.jpg', 1, 1),
(977, '', 'moch.ali.fikri-2020@fh.unair.ac.id', '', '', 1, 1),
(978, 'pradita riz priyanti', 'pradita.riz.priyanti-2020@fh.unair.ac.id', '$2y$10$0/e.6nzqV80JWuRa6VfNzuQRtQA7dNjjhy0IzYV3Z88Fc3kHubEvS', '5fe2a8a1889ab.JPG', 1, 1),
(979, 'helen golden', 'helen.golden-2020@fh.unair.ac.id', '$2y$10$gpOSipwhiGcGPpdGgom9BO0drSEewCVE5Gub/Op3XozJJtq8NREQi', '5fe2be43c7fdc.png', 1, 1),
(980, '', 'samuel.andersen.baladika-2020@fh.unair.ac.id', '', '', 1, 1),
(981, 'Alexander', 'alexander-2020@fh.unair.ac.id', '$2y$10$Jari62xUnsvCM3GCLTN7xeAo/dvXxKjXwlWUj.GsMYJfFJ7WBMFE.', '5fe2c091dfa80.jpg', 1, 1),
(982, '', 'erika.rahmawati-2020@fh.unair.ac.id', '', '', 1, 1),
(983, 'Kukuh Ari Firmansyah', 'kukuh.ari.firmansyah-2020@fh.unair.ac.id', '$2y$10$VD3.q08HbPYs.BIGzXjWUOnFfsjsnDr238uLyjBN5ZnxOCHpz/s5m', '5fe2ba79154d6.jpg', 1, 1),
(984, '', 'saidah.basham-2020@fh.unair.ac.id', '', '', 1, 1),
(985, 'Danu Kristian Ira Widodo', 'danu.kristian.a.widodo-2020@fh.unair.ac.id', '$2y$10$Llv0ot4rXvRsRRh0ac6SiutsScooL2.kHXgFWj5inrmlufi4JIaKm', '5fe2c22a34518.jpg', 1, 1),
(986, '', 'muhammad.pandu.mulya-2020@fh.unair.ac.id', '', '', 1, 1),
(987, 'muhamad raffi maulana', 'muhamad.raffi.maulana-2020@fh.unair.ac.id', '$2y$10$5Tlg3Oi2oprZ/yM6J7KtFO.cMAnHadduR4gO56q/1qEmXgxW1VM5a', '5fe2c27a21ee1.jpeg', 1, 1),
(988, 'Anasthasia Thania Wibisono Puteri', 'anasthasia.thania.wibisono-2020@fh.unair.ac.id', '$2y$10$aMkq6yI2fLmx8V.0of6t6e23TNUZN0XJKo2P8sHNzXbZ33DLhOt8W', '5fe2a20c7363e.jpg', 1, 1),
(989, '', 'diva.salasa.anastasia-2020@fh.unair.ac.id', '', '', 1, 1),
(990, '', 'gabrielle.darda.wisnu-2020@fh.unair.ac.id', '', '', 1, 1),
(991, '', 'hisyam.fadhlirrahman-2020@fh.unair.ac.id', '', '', 1, 1),
(992, '', 'alyssa.febyana.maharani-2020@fh.unair.ac.id', '', '', 1, 1),
(993, '', 'ratu.jagad.qoriatul-2020@fh.unair.ac.id', '', '', 1, 1),
(994, 'Cindy Puuja Devi', 'cindy.puuja.devi-2020@fh.unair.ac.id', '$2y$10$MOvHtBRzuvSLkIKOqr8WyuI4EW4BlZnmqokNoYTRNyPZ4a10lhONG', '', 1, 1),
(995, '', 'julya.putri.setyawan-2020@fh.unair.ac.id', '', '', 1, 1),
(996, '', 'safira.inayah.in-2020@fh.unair.ac.id', '', '', 1, 1);
INSERT INTO `voter` (`voter_id`, `name`, `email`, `password`, `attachment`, `send_status`, `is_active`) VALUES
(997, 'Eduardus Robert', 'eduardus.robert.arminanto-2020@fh.unair.ac.id', '$2y$10$sZe49g5bGL30RkbbFSui4eekvb9GQYMmb9TgWuU2n9GuazTGMXqZK', '', 1, 1),
(998, '', 'syelma.vinita.anjanie-2020@fh.unair.ac.id', '', '', 1, 1),
(999, '', 'tessana.pridia.paramitha-2020@fh.unair.ac.id', '', '', 1, 1),
(1000, '', 'farah.qatifa.elzahra-2020@fh.unair.ac.id', '', '', 1, 1),
(1001, 'Ivana Zahra Robby', 'ivana.zahra.robby-2020@fh.unair.ac.id', '$2y$10$60poKzFZprXCL9xc3PduKuckUNn00x6lvZEwr7XmWnfMl5N005yr6', '', 1, 1),
(1002, '', 'alifia.nuril.bais-2020@fh.unair.ac.id', '', '', 1, 1),
(1003, '', 'alfina.anam.damayanti-2020@fh.unair.ac.id', '', '', 1, 1),
(1004, '', 'regina.resentia-2020@fh.unair.ac.id', '', '', 1, 1),
(1005, '', 'putri.kirana-2020@fh.unair.ac.id', '', '', 1, 1),
(1006, '', 'dita.putri.valerin-2020@fh.unair.ac.id', '', '', 1, 1),
(1007, 'Rahmadani Rahman', 'rahmadani.rahman-2020@fh.unair.ac.id', '$2y$10$kZ/VcIDqUP1c9TdxaHJSI.z/tcdwj/Q3CPdhBHtmaZaLB.nEZoc.G', '5fe2b0e36bbbd.jpg', 1, 1),
(1008, 'Ahmad devano denandra ', 'ahmad.devano.denan-2020@fh.unair.ac.id', '$2y$10$qDI0fTwj/PiFBLA.Kxe9ZOkMRkcT6Sdzn23..E3UFbNtutvY/fb.u', '5fe2a20c09e15.jpg', 1, 1),
(1009, '', 'gracia.naomi.eirene-2020@fh.unair.ac.id', '', '', 1, 1),
(1010, '', 'berlianityaputri.ramadhanty.choirunnisa-2020@fh.unair.ac.id', '', '', 1, 1),
(1011, '', 'imam.adhi.wibowo-2020@fh.unair.ac.id', '', '', 1, 1),
(1012, '', 'danish.putra.dandi-2020@fh.unair.ac.id', '', '', 1, 1),
(1013, '', 'kresna.jaya.wicaksana-2020@fh.unair.ac.id', '', '', 1, 1),
(1014, '', 'muhammad.fahmi.syahril-2020@fh.unair.ac.id', '', '', 1, 1),
(1015, 'Dorothy Ranteallo', 'dorothy.ranteallo-2020@fh.unair.ac.id', '$2y$10$B8jncqebIOrcgjkh0m5fSOY8d4f//gyX1IgK3XKxtyYJ5eqwh/vVy', '5fe2b62ea8fcd.jpeg', 1, 1),
(1016, '', 'princetta.nadja.braka-2020@fh.unair.ac.id', '', '', 1, 1),
(1017, 'Radzan Galih', 'radzan.galih-2020@fh.unair.ac.id', '$2y$10$YzGkPIB1nwbuplwkvGMxnuB9qq8fxG0d7wWFRvA3FIpj3Igbe6cGe', '5fe2b07c6df9d.jpeg', 1, 1),
(1018, '', 'fathurizky.febrian-2020@fh.unair.ac.id', '', '', 1, 1),
(1019, 'Nabillah Nur Azizah', 'nabillah.nur.azizah-2020@fh.unair.ac.id', '$2y$10$DxdEQlMhs1s1XtGqVK0j1ObN7E1cZweBWb.TZEHlh3yLn7J1erjfy', '5fe2ac0fec0b2.jpeg', 1, 1),
(1020, 'Akhmad Bayu Putranto', 'akhmad.bayu.putranto-2020@fh.unair.ac.id', '$2y$10$KhyIuh34Oh7GcQ1jHCv3n.Z9AfC7PxF.pEJtF0ZfJm5PAiM3A8pLq', '', 1, 1),
(1021, '', 'anik.setyawati-2020@fh.unair.ac.id', '', '', 1, 1),
(1022, '', 'afga.samudera.erlangga-2020@fh.unair.ac.id', '', '', 1, 1),
(1023, 'Darryl Evan Brouwer', 'darryl.evan.brouwer-2020@fh.unair.ac.id', '$2y$10$e9eGBBggt6lW82EurfRy.uHaQq3/yQrC48Zrcp7fb2qUSj4oWZxx6', '5fe2beeeb0f71.jpg', 1, 1),
(1024, 'Alvin Juliansyah Putra', 'alvin.juliansyah.putra-2020@fh.unair.ac.id', '$2y$10$UEtPjKUnsrilmbCTbgDyqed3wDdMISX7yO8x1cUlb41mKs/LOtuNO', '5fe29af465857.jpg', 1, 1),
(1025, '', 'nabilatul.alimah.putri-2020@fh.unair.ac.id', '', '', 1, 1),
(1026, 'Widya Novalita Khofifah', 'widya.novalita.khofifah-2020@fh.unair.ac.id', '$2y$10$3wYoDbHRMxdcZ54teKx/guVXc1P5awjluLhxT0EfCmlHRte3a4Y8K', '5fe29ce85080f.jpg', 1, 1),
(1027, 'Heksa Archie Putra N', 'heksa.archie.putra-2020@fh.unair.ac.id', '$2y$10$TtELeOZdaTd.OX/j8eaRgej6EgNzYcQYGdLR/GcCcy0O8jRvFNu5m', '', 1, 1),
(1028, '', 'pamungkas.ridaningjati-2020@fh.unair.ac.id', '', '', 1, 1),
(1029, '', 'dian.nastika.kusretnaning-2020@fh.unair.ac.id', '', '', 1, 1),
(1030, '', 'adinda.salsabilla-2020@fh.unair.ac.id', '', '', 1, 1),
(1031, '', 'devita-2020@fh.unair.ac.id', '', '', 1, 1),
(1032, '', 'alya.fitriani-2020@fh.unair.ac.id', '', '', 1, 1),
(1033, '', 'iqbal.fauzurrahman-2020@fh.unair.ac.id', '', '', 1, 1),
(1034, '', 'adhisty.radhita.vasya-2020@fh.unair.ac.id', '', '', 1, 1),
(1035, '', 'shabrina.syuuraida-2020@fh.unair.ac.id', '', '', 1, 1),
(1036, '', 'fakhira.dyna.putri-2020@fh.unair.ac.id', '', '', 1, 1),
(1037, '', 'muhammad.daffa.dzakiyya-2020@fh.unair.ac.id', '', '', 1, 1),
(1038, '', 'naura.tsurayya.hasnaa-2020@fh.unair.ac.id', '', '', 1, 1),
(1039, '', 'azhalea.dafa.ranggadena-2020@fh.unair.ac.id', '', '', 1, 1),
(1040, '', 'kevin.hartono-2020@fh.unair.ac.id', '', '', 1, 1),
(1041, '', 'laksmana.noor.alluvian-2020@fh.unair.ac.id', '', '', 1, 1),
(1042, '', 'krisna.angela-2020@fh.unair.ac.id', '', '', 1, 1),
(1043, '', 'nisfa.salsadillah-2020@fh.unair.ac.id', '', '', 1, 1),
(1044, '', 'yahya.arif.sutisna-2020@fh.unair.ac.id', '', '', 1, 1),
(1045, '', 'aryana.cahya.dewi-2020@fh.unair.ac.id', '', '', 1, 1),
(1046, '', 'puspita.dwi.anggraenny-2020@fh.unair.ac.id', '', '', 1, 1),
(1047, '', 'bintang.audia.adikshamosa-2020@fh.unair.ac.id', '', '', 1, 1),
(1048, '', 'muafasaid.ramadhan-2020@fh.unair.ac.id', '', '', 1, 1),
(1049, '', 'muhammad.farrel.evan-2020@fh.unair.ac.id', '', '', 1, 1),
(1050, '', 'malika.syaifina.al-2020@fh.unair.ac.id', '', '', 1, 1),
(1051, '', 'berliansyah.zaka.ardhitya-2020@fh.unair.ac.id', '', '', 1, 1),
(1052, '', 'pratama.alifiandi.martio-2020@fh.unair.ac.id', '', '', 1, 1),
(1053, '', 'naufaldi.noor.hilmiansyah-2020@fh.unair.ac.id', '', '', 1, 1),
(1054, '', 'aditya.nur.rizki-2020@fh.unair.ac.id', '', '', 1, 1),
(1055, '', 'arihta.tumanggor-2020@fh.unair.ac.id', '', '', 1, 1),
(1056, '', 'muhammad.ilman.nur-2020@fh.unair.ac.id', '', '', 1, 1),
(1057, '', 'mezaluna.erga.azzahra-2020@fh.unair.ac.id', '', '', 1, 1),
(1058, '', 'ola.mehira.sampoerna-2020@fh.unair.ac.id', '', '', 1, 1),
(1059, 'Faustina Aida Irmadela', 'faustina.aida.madela-2020@fh.unair.ac.id', '$2y$10$Q2SyNIJc6jC.Qiznuo/YOuyAINAvjjZbjDfARu9soaAVhAKxKox7a', '', 1, 1),
(1060, '', 'bintang.ramadhani.widyainsani-2020@fh.unair.ac.id', '', '', 1, 1),
(1061, '', 'muhammad.habibur.rochman-2020@fh.unair.ac.id', '', '', 1, 1),
(1062, '', 'tanaya.anindhita.vala-2020@fh.unair.ac.id', '', '', 1, 1),
(1063, '', 'noer.alya.indriani-2020@fh.unair.ac.id', '', '', 1, 1),
(1064, '', 'annisa.hadyta.wibisono-2020@fh.unair.ac.id', '', '', 1, 1),
(1065, '', 'sagita.dewi.indriana-2020@fh.unair.ac.id', '', '', 1, 1),
(1066, '', 'gospel.bulo.pasulu-2020@fh.unair.ac.id', '', '', 1, 1),
(1067, '', 'renatha.fidela.ramadhani-2020@fh.unair.ac.id', '', '', 1, 1),
(1068, '', 'regina.aura.firdana-2020@fh.unair.ac.id', '', '', 1, 1),
(1069, '', 'zea.alya.najmi-2020@fh.unair.ac.id', '', '', 1, 1),
(1070, '', 'shoobihah.almaas.taqiyyah-2020@fh.unair.ac.id', '', '', 1, 1),
(1071, '', 'nathasya.debora.situmorang-2020@fh.unair.ac.id', '', '', 1, 1),
(1072, '', 'humaira.putri.syahrani-2020@fh.unair.ac.id', '', '', 1, 1),
(1073, '', 'nadina.aubrey.aleysa-2020@fh.unair.ac.id', '', '', 1, 1),
(1074, '', 'surya.wibawa.abimanyu-2020@fh.unair.ac.id', '', '', 1, 1),
(1075, '', 'dhaifan.ardianta.putra-2020@fh.unair.ac.id', '', '', 1, 1),
(1076, '', 'muhammad.akbar.maulana-2020@fh.unair.ac.id', '', '', 1, 1),
(1077, '', 'rexa.dewangga-2020@fh.unair.ac.id', '', '', 1, 1),
(1078, '', 'mokhammad.adis-2020@fh.unair.ac.id', '', '', 1, 1),
(1079, '', 'lola.lolita-2020@fh.unair.ac.id', '', '', 1, 1),
(1080, '', 'syarifah.fatimahtazzuhrah.rukhsal-2020@fh.unair.ac.id', '', '', 1, 1),
(1081, '', 'saadia.rizkian.nur-2020@fh.unair.ac.id', '', '', 1, 1),
(1082, '', 'alfi.salsabila.putri-2020@fh.unair.ac.id', '', '', 1, 1),
(1083, '', 'muh.rafli.dwi-2020@fh.unair.ac.id', '', '', 1, 1),
(1084, '', 'talitha.marsha.amelinda-2020@fh.unair.ac.id', '', '', 1, 1),
(1085, '', 'rr.fernanda.tasya-2020@fh.unair.ac.id', '', '', 1, 1),
(1086, '', 'fawwaz.muhammad.raafi-2020@fh.unair.ac.id', '', '', 1, 1),
(1087, '', 'muhamad.andhika.rahman-2020@fh.unair.ac.id', '', '', 1, 1),
(1088, '', 'tasia.alya-2020@fh.unair.ac.id', '', '', 1, 1),
(1089, '', 'angeline.regita.nathalia-2020@fh.unair.ac.id', '', '', 1, 1),
(1090, '', 'ahmad.fathi-2020@fh.unair.ac.id', '', '', 1, 1),
(1091, '', 'diqa.qothrunnadaa.amanda-2020@fh.unair.ac.id', '', '', 1, 1),
(1092, 'rizkika', 'rizkika.palindungan1@gmail.com', '$2y$10$3pqyqbLYgCzbFzc5Xtcr0.rkrDAhienFtImFhcVa5PvKIo/zeNyre', '5fe288a29ae5b.jpg', 1, 1),
(1093, '', 'rizkika.palindungan98@gmail.com', '', '', 1, 1),
(1094, '', 'rizalramli993@gmail.com', '', '', 1, 1);

-- --------------------------------------------------------

--
-- Table structure for table `voting`
--

CREATE TABLE `voting` (
  `voting_id` int(11) NOT NULL,
  `admin_id` int(11) NOT NULL,
  `name` varchar(255) NOT NULL,
  `date` date NOT NULL,
  `start` datetime NOT NULL,
  `end` datetime NOT NULL,
  `is_active` tinyint(1) NOT NULL
) ENGINE=InnoDB DEFAULT CHARSET=utf8mb4;

--
-- Dumping data for table `voting`
--

INSERT INTO `voting` (`voting_id`, `admin_id`, `name`, `date`, `start`, `end`, `is_active`) VALUES
(1, 1, 'Pemilihan BEM 2020', '2020-12-23', '2020-12-23 07:00:00', '2020-12-23 16:00:00', 1),
(2, 1, 'Pemilihan BLM 2020', '2020-12-23', '2020-12-23 07:00:00', '2020-12-23 16:00:00', 1),
(3, 1, 'Pemilihan DLM 2020', '2020-12-23', '2020-12-23 07:00:00', '2020-12-23 16:00:00', 1);

-- --------------------------------------------------------

--
-- Structure for view `view_election`
--
DROP TABLE IF EXISTS `view_election`;

CREATE ALGORITHM=UNDEFINED DEFINER=`sqtgmrv5ucz9c`@`localhost` SQL SECURITY DEFINER VIEW `view_election`  AS  select `e`.`election_id` AS `election_id`,`e`.`attachment` AS `attachment`,`e`.`create_at` AS `create_at`,`e`.`election_status` AS `election_status`,`vtr`.`voter_id` AS `voter_id`,`vtr`.`name` AS `name`,`vtr`.`email` AS `email`,`c`.`candidate_id` AS `candidate_id`,`vtg`.`voting_id` AS `voting_id` from (((`election` `e` join `voter` `vtr` on((`e`.`voter_id` = `vtr`.`voter_id`))) join `candidate` `c` on((`e`.`candidate_id` = `c`.`candidate_id`))) join `voting` `vtg` on((`c`.`voting_id` = `vtg`.`voting_id`))) order by `e`.`election_id` ;

-- --------------------------------------------------------

--
-- Structure for view `view_member`
--
DROP TABLE IF EXISTS `view_member`;

CREATE ALGORITHM=UNDEFINED DEFINER=`sqtgmrv5ucz9c`@`localhost` SQL SECURITY DEFINER VIEW `view_member`  AS  select `m`.`member_id` AS `member_id`,`p`.`party_id` AS `party_id`,`p`.`name` AS `party_name`,`p`.`photo` AS `party_photo`,`c`.`candidate_id` AS `candidate_id`,`c`.`voting_id` AS `voting_id`,`c`.`name` AS `candidate_name`,`c`.`photo` AS `candidate_photo`,`c`.`number` AS `number`,`c`.`is_active` AS `is_active` from ((`member` `m` join `party` `p` on((`m`.`party_id` = `p`.`party_id`))) join `candidate` `c` on((`m`.`candidate_id` = `c`.`candidate_id`))) order by `c`.`number` ;

-- --------------------------------------------------------

--
-- Structure for view `view_recapitulation_candidate`
--
DROP TABLE IF EXISTS `view_recapitulation_candidate`;

CREATE ALGORITHM=UNDEFINED DEFINER=`sqtgmrv5ucz9c`@`localhost` SQL SECURITY DEFINER VIEW `view_recapitulation_candidate`  AS  select `e`.`election_id` AS `election_id`,`c`.`candidate_id` AS `candidate_id`,`c`.`name` AS `candidate_name`,count(`c`.`candidate_id`) AS `election_total`,`v`.`voting_id` AS `voting_id` from ((`election` `e` join `candidate` `c` on((`e`.`candidate_id` = `c`.`candidate_id`))) join `voting` `v` on((`c`.`voting_id` = `v`.`voting_id`))) group by `c`.`candidate_id`,`v`.`voting_id` ;

-- --------------------------------------------------------

--
-- Structure for view `view_recapitulation_candidate_sah`
--
DROP TABLE IF EXISTS `view_recapitulation_candidate_sah`;

CREATE ALGORITHM=UNDEFINED DEFINER=`sqtgmrv5ucz9c`@`localhost` SQL SECURITY DEFINER VIEW `view_recapitulation_candidate_sah`  AS  select `e`.`election_id` AS `election_id`,`c`.`candidate_id` AS `candidate_id`,count(`c`.`candidate_id`) AS `election_sah`,`v`.`voting_id` AS `voting_id` from ((`election` `e` join `candidate` `c` on((`e`.`candidate_id` = `c`.`candidate_id`))) join `voting` `v` on((`c`.`voting_id` = `v`.`voting_id`))) where (`e`.`election_status` = 1) group by `c`.`candidate_id`,`v`.`voting_id` ;

-- --------------------------------------------------------

--
-- Structure for view `view_recapitulation_candidate_tidak_sah`
--
DROP TABLE IF EXISTS `view_recapitulation_candidate_tidak_sah`;

CREATE ALGORITHM=UNDEFINED DEFINER=`sqtgmrv5ucz9c`@`localhost` SQL SECURITY DEFINER VIEW `view_recapitulation_candidate_tidak_sah`  AS  select `e`.`election_id` AS `election_id`,`c`.`candidate_id` AS `candidate_id`,count(`c`.`candidate_id`) AS `election_tidak_sah`,`v`.`voting_id` AS `voting_id` from ((`election` `e` join `candidate` `c` on((`e`.`candidate_id` = `c`.`candidate_id`))) join `voting` `v` on((`c`.`voting_id` = `v`.`voting_id`))) where (`e`.`election_status` = 0) group by `c`.`candidate_id`,`v`.`voting_id` ;

-- --------------------------------------------------------

--
-- Structure for view `view_recapitulation_party`
--
DROP TABLE IF EXISTS `view_recapitulation_party`;

CREATE ALGORITHM=UNDEFINED DEFINER=`sqtgmrv5ucz9c`@`localhost` SQL SECURITY DEFINER VIEW `view_recapitulation_party`  AS  select `e`.`election_id` AS `election_id`,`c`.`candidate_id` AS `candidate_id`,`c`.`voting_id` AS `voting_id`,`m`.`member_id` AS `member_id`,`p`.`party_id` AS `party_id`,`p`.`name` AS `party_name`,`p`.`photo` AS `party_photo`,count(`p`.`party_id`) AS `election_total` from (((`election` `e` join `candidate` `c` on((`e`.`candidate_id` = `c`.`candidate_id`))) join `member` `m` on((`e`.`candidate_id` = `m`.`candidate_id`))) join `party` `p` on((`m`.`party_id` = `p`.`party_id`))) group by `p`.`party_id`,`c`.`voting_id` ;

-- --------------------------------------------------------

--
-- Structure for view `view_recapitulation_party_sah`
--
DROP TABLE IF EXISTS `view_recapitulation_party_sah`;

CREATE ALGORITHM=UNDEFINED DEFINER=`sqtgmrv5ucz9c`@`localhost` SQL SECURITY DEFINER VIEW `view_recapitulation_party_sah`  AS  select `e`.`election_id` AS `election_id`,`c`.`candidate_id` AS `candidate_id`,`c`.`voting_id` AS `voting_id`,`m`.`member_id` AS `member_id`,`p`.`party_id` AS `party_id`,count(`p`.`party_id`) AS `election_sah` from (((`election` `e` join `candidate` `c` on((`e`.`candidate_id` = `c`.`candidate_id`))) join `member` `m` on((`e`.`candidate_id` = `m`.`candidate_id`))) join `party` `p` on((`m`.`party_id` = `p`.`party_id`))) where (`e`.`election_status` = 1) group by `p`.`party_id`,`c`.`voting_id` ;

-- --------------------------------------------------------

--
-- Structure for view `view_recapitulation_party_tidak_sah`
--
DROP TABLE IF EXISTS `view_recapitulation_party_tidak_sah`;

CREATE ALGORITHM=UNDEFINED DEFINER=`sqtgmrv5ucz9c`@`localhost` SQL SECURITY DEFINER VIEW `view_recapitulation_party_tidak_sah`  AS  select `e`.`election_id` AS `election_id`,`c`.`candidate_id` AS `candidate_id`,`c`.`voting_id` AS `voting_id`,`m`.`member_id` AS `member_id`,`p`.`party_id` AS `party_id`,count(`p`.`party_id`) AS `election_tidak_sah` from (((`election` `e` join `candidate` `c` on((`e`.`candidate_id` = `c`.`candidate_id`))) join `member` `m` on((`e`.`candidate_id` = `m`.`candidate_id`))) join `party` `p` on((`m`.`party_id` = `p`.`party_id`))) where (`e`.`election_status` = 0) group by `p`.`party_id`,`c`.`voting_id` ;

--
-- Indexes for dumped tables
--

--
-- Indexes for table `admin`
--
ALTER TABLE `admin`
  ADD PRIMARY KEY (`admin_id`);

--
-- Indexes for table `candidate`
--
ALTER TABLE `candidate`
  ADD PRIMARY KEY (`candidate_id`);

--
-- Indexes for table `election`
--
ALTER TABLE `election`
  ADD PRIMARY KEY (`election_id`);

--
-- Indexes for table `member`
--
ALTER TABLE `member`
  ADD PRIMARY KEY (`member_id`);

--
-- Indexes for table `party`
--
ALTER TABLE `party`
  ADD PRIMARY KEY (`party_id`);

--
-- Indexes for table `voter`
--
ALTER TABLE `voter`
  ADD PRIMARY KEY (`voter_id`);

--
-- Indexes for table `voting`
--
ALTER TABLE `voting`
  ADD PRIMARY KEY (`voting_id`);

--
-- AUTO_INCREMENT for dumped tables
--

--
-- AUTO_INCREMENT for table `admin`
--
ALTER TABLE `admin`
  MODIFY `admin_id` int(11) NOT NULL AUTO_INCREMENT, AUTO_INCREMENT=8;

--
-- AUTO_INCREMENT for table `candidate`
--
ALTER TABLE `candidate`
  MODIFY `candidate_id` int(11) NOT NULL AUTO_INCREMENT, AUTO_INCREMENT=27;

--
-- AUTO_INCREMENT for table `election`
--
ALTER TABLE `election`
  MODIFY `election_id` int(11) NOT NULL AUTO_INCREMENT, AUTO_INCREMENT=850;

--
-- AUTO_INCREMENT for table `member`
--
ALTER TABLE `member`
  MODIFY `member_id` int(11) NOT NULL AUTO_INCREMENT, AUTO_INCREMENT=36;

--
-- AUTO_INCREMENT for table `party`
--
ALTER TABLE `party`
  MODIFY `party_id` int(11) NOT NULL AUTO_INCREMENT, AUTO_INCREMENT=5;

--
-- AUTO_INCREMENT for table `voter`
--
ALTER TABLE `voter`
  MODIFY `voter_id` int(11) NOT NULL AUTO_INCREMENT, AUTO_INCREMENT=1095;

--
-- AUTO_INCREMENT for table `voting`
--
ALTER TABLE `voting`
  MODIFY `voting_id` int(11) NOT NULL AUTO_INCREMENT, AUTO_INCREMENT=4;
COMMIT;

/*!40101 SET CHARACTER_SET_CLIENT=@OLD_CHARACTER_SET_CLIENT */;
/*!40101 SET CHARACTER_SET_RESULTS=@OLD_CHARACTER_SET_RESULTS */;
/*!40101 SET COLLATION_CONNECTION=@OLD_COLLATION_CONNECTION */;
